
   INFO  Server running on [http://127.0.0.1:8000].  

  Press Ctrl+C to stop the server

  2026-05-19 14:20:47 ........................................................................................... ~ 0s
  2026-05-19 14:20:47 ........................................................................................... ~ 0s
  2026-05-19 14:20:58 ........................................................................................... ~ 1s
  2026-05-19 14:21:57 ........................................................................................... ~ 0s
  2026-05-19 14:22:25 ........................................................................................... ~ 0s
  2026-05-19 14:22:25 ........................................................................................... ~ 0s
  2026-05-19 14:22:25 ........................................................................................... ~ 0s
  2026-05-19 14:22:25 /assets/css/back-top/backToTop.css ........................................................ ~ 0s
  2026-05-19 14:22:25 ........................................................................................... ~ 0s
  2026-05-19 14:22:25 /assets/css/bootstrap/bootstrap.min.css ................................................... ~ 0s
  2026-05-19 14:22:25 /assets/css/style.min.css ................................................................. ~ 0s
  2026-05-19 14:22:25 /assets/images/logo/1725962670_66e019ae94ca7_default.png .................................. ~ 0s
  2026-05-19 14:22:25 /assets/images/authentication/register.svg ................................................ ~ 0s
  2026-05-19 14:22:25 /assets/js/bootstrap/bootstrap.bundle.min.js .............................................. ~ 0s
  2026-05-19 14:22:25 /assets/js/tooltip/tooltip.js ............................................................. ~ 0s
  2026-05-19 14:22:25 /assets/js/back-top/backToTop.js .......................................................... ~ 0s
  2026-05-19 14:22:25 /assets/js/back-top/backtop.js ............................................................ ~ 0s
  2026-05-19 14:22:25 /assets/js/copyright/copyright.js ......................................................... ~ 0s
  2026-05-19 14:22:25 /assets/js/validation/validation.js ....................................................... ~ 0s
  2026-05-19 14:22:25 /assets/cursor/chevron-up-solid.svg ....................................................... ~ 0s
  2026-05-19 14:22:25 /assets/js/bootstrap/bootstrap.bundle.min.js.map .......................................... ~ 0s
  2026-05-19 14:22:25 /assets/css/style.min.css.map ............................................................. ~ 0s
  2026-05-19 14:22:25 /assets/css/bootstrap/bootstrap.min.css.map ............................................... ~ 0s
  2026-05-19 14:22:26 /assets/images/logo/1725962670_66e019ae94ca7_default.png .................................. ~ 0s
  2026-05-19 14:22:46 ........................................................................................... ~ 1s
  2026-05-19 14:22:46 /favicon.ico .............................................................................. ~ 1s
  2026-05-19 14:22:56 /favicon.ico .............................................................................. ~ 0s
  2026-05-19 14:23:07 /favicon.ico .............................................................................. ~ 0s
  2026-05-19 14:23:15 ........................................................................................... ~ 0s
  2026-05-19 14:23:15 ........................................................................................... ~ 0s
  2026-05-19 14:23:15 /assets/css/back-top/backToTop.css ........................................................ ~ 0s
  2026-05-19 14:23:15 /assets/css/bootstrap/bootstrap.min.css ................................................... ~ 0s
  2026-05-19 14:23:15 /assets/css/style.min.css ................................................................. ~ 0s
  2026-05-19 14:23:15 /assets/images/logo/1725962670_66e019ae94ca7_default.png .................................. ~ 0s
  2026-05-19 14:23:15 /assets/images/authentication/register.svg ................................................ ~ 0s
  2026-05-19 14:23:15 /assets/js/bootstrap/bootstrap.bundle.min.js .............................................. ~ 0s
  2026-05-19 14:23:15 /assets/js/tooltip/tooltip.js ............................................................. ~ 0s
  2026-05-19 14:23:15 /assets/js/back-top/backToTop.js .......................................................... ~ 0s
  2026-05-19 14:23:15 /assets/js/back-top/backtop.js ............................................................ ~ 0s
  2026-05-19 14:23:15 /assets/js/copyright/copyright.js ......................................................... ~ 0s
  2026-05-19 14:23:15 /assets/js/validation/validation.js ....................................................... ~ 0s
  2026-05-19 14:23:15 /assets/cursor/chevron-up-solid.svg ....................................................... ~ 0s
  2026-05-19 14:23:21 ........................................................................................... ~ 0s
  2026-05-19 14:23:21 ........................................................................................... ~ 0s
  2026-05-19 14:23:21 /assets/css/back-top/backToTop.css ........................................................ ~ 0s
  2026-05-19 14:23:21 /assets/css/style.min.css ................................................................. ~ 0s
  2026-05-19 14:23:21 /assets/css/bootstrap/bootstrap.min.css ................................................... ~ 0s
  2026-05-19 14:23:21 /assets/images/logo/1725962670_66e019ae94ca7_default.png .................................. ~ 0s
  2026-05-19 14:23:21 /assets/images/authentication/register.svg ................................................ ~ 0s
  2026-05-19 14:23:21 /assets/js/bootstrap/bootstrap.bundle.min.js .............................................. ~ 0s
  2026-05-19 14:23:22 /assets/js/tooltip/tooltip.js ............................................................. ~ 0s
  2026-05-19 14:23:22 /assets/js/back-top/backToTop.js .......................................................... ~ 0s
  2026-05-19 14:23:22 /assets/js/back-top/backtop.js ............................................................ ~ 0s
  2026-05-19 14:23:22 /assets/js/copyright/copyright.js ......................................................... ~ 0s
  2026-05-19 14:23:22 /assets/js/validation/validation.js ....................................................... ~ 0s
  2026-05-19 14:23:22 /assets/cursor/chevron-up-solid.svg ....................................................... ~ 0s
  2026-05-19 14:23:24 /favicon.ico .............................................................................. ~ 0s
  2026-05-19 14:23:24 /favicon.ico .............................................................................. ~ 0s
  2026-05-19 14:23:25 /favicon.ico .............................................................................. ~ 0s
  2026-05-19 14:23:26 /favicon.ico .............................................................................. ~ 0s
  2026-05-19 14:23:28 /favicon.ico .............................................................................. ~ 0s
  2026-05-19 14:23:34 /favicon.ico .............................................................................. ~ 0s
  2026-05-19 14:23:40 /favicon.ico .............................................................................. ~ 0s
  2026-05-19 14:25:17 ........................................................................................... ~ 0s
  2026-05-19 14:25:17 /assets/css/back-top/backToTop.css ........................................................ ~ 0s
  2026-05-19 14:25:17 /assets/css/bootstrap/bootstrap.min.css ................................................... ~ 0s
  2026-05-19 14:25:17 /assets/css/style.min.css ................................................................. ~ 0s
  2026-05-19 14:25:17 /assets/images/logo/1725962670_66e019ae94ca7_default.png .................................. ~ 0s
  2026-05-19 14:25:17 /assets/images/authentication/register.svg ................................................ ~ 0s
  2026-05-19 14:25:17 /assets/js/bootstrap/bootstrap.bundle.min.js .............................................. ~ 0s
  2026-05-19 14:25:17 /assets/js/tooltip/tooltip.js ............................................................. ~ 0s
  2026-05-19 14:25:17 /assets/js/back-top/backToTop.js .......................................................... ~ 0s
  2026-05-19 14:25:17 /assets/js/back-top/backtop.js ............................................................ ~ 0s
  2026-05-19 14:25:17 /assets/js/copyright/copyright.js ......................................................... ~ 0s
  2026-05-19 14:25:17 /assets/js/validation/validation.js ....................................................... ~ 0s
  2026-05-19 14:25:17 /assets/cursor/chevron-up-solid.svg ....................................................... ~ 0s

   INFO  Environment modified. Restarting server...  

   INFO  Server running on [http://127.0.0.1:8000].  

  Press Ctrl+C to stop the server

  2026-05-19 14:25:53 ........................................................................................... ~ 0s
  2026-05-19 14:25:53 ........................................................................................... ~ 0s
  2026-05-19 14:26:11 ........................................................................................... ~ 0s
  2026-05-19 14:26:12 ........................................................................................... ~ 0s
  2026-05-19 14:26:12 ........................................................................................... ~ 0s
  2026-05-19 14:26:41 ........................................................................................... ~ 0s
  2026-05-19 14:26:41 ........................................................................................... ~ 0s
  2026-05-19 14:26:41 /assets/css/back-top/backToTop.css ........................................................ ~ 0s
  2026-05-19 14:26:41 /assets/css/bootstrap/bootstrap.min.css ................................................... ~ 0s
  2026-05-19 14:26:41 /assets/css/style.min.css ................................................................. ~ 0s
  2026-05-19 14:26:41 /assets/images/logo/1725962670_66e019ae94ca7_default.png .................................. ~ 0s
  2026-05-19 14:26:41 /assets/images/authentication/register.svg ................................................ ~ 0s
  2026-05-19 14:26:41 /assets/js/bootstrap/bootstrap.bundle.min.js .............................................. ~ 0s
  2026-05-19 14:26:41 /assets/js/tooltip/tooltip.js ............................................................. ~ 0s
  2026-05-19 14:26:41 /assets/js/back-top/backToTop.js .......................................................... ~ 0s
  2026-05-19 14:26:41 /assets/js/back-top/backtop.js ............................................................ ~ 0s
  2026-05-19 14:26:41 /assets/js/copyright/copyright.js ......................................................... ~ 0s
  2026-05-19 14:26:41 /assets/js/validation/validation.js ....................................................... ~ 0s
  2026-05-19 14:26:41 /assets/cursor/chevron-up-solid.svg ....................................................... ~ 0s
  2026-05-19 14:26:53 ........................................................................................... ~ 1s
  2026-05-19 14:26:54 ........................................................................................... ~ 0s
  2026-05-19 14:26:54 ........................................................................................... ~ 0s
  2026-05-19 14:27:00 /assets/css/back-top/backToTop.css ........................................................ ~ 0s
  2026-05-19 14:27:00 /assets/css/bootstrap/bootstrap.min.css ................................................... ~ 0s
  2026-05-19 14:27:00 /assets/css/style.min.css ................................................................. ~ 0s
  2026-05-19 14:27:00 ........................................................................................... ~ 0s
  2026-05-19 14:27:01 /assets/css/style.min.css.map ............................................................. ~ 0s
  2026-05-19 14:27:01 /assets/css/bootstrap/bootstrap.min.css.map ............................................... ~ 0s
  2026-05-19 14:27:01 /assets/js/bootstrap/bootstrap.bundle.min.js.map .......................................... ~ 0s
  2026-05-19 14:27:03 ........................................................................................... ~ 0s
  2026-05-19 14:27:03 ........................................................................................... ~ 0s
  2026-05-19 14:27:04 ........................................................................................... ~ 0s
  2026-05-19 14:27:04 /plugins/fontawesome-free/css/all.min.css ................................................. ~ 0s
  2026-05-19 14:27:04 /plugins/tempusdominus-bootstrap-4/css/tempusdominus-bootstrap-4.min.css .................. ~ 0s
  2026-05-19 14:27:04 /plugins/icheck-bootstrap/icheck-bootstrap.min.css ........................................ ~ 0s
  2026-05-19 14:27:04 /plugins/jqvmap/jqvmap.min.css ............................................................ ~ 0s
  2026-05-19 14:27:04 /plugins/overlayScrollbars/css/OverlayScrollbars.min.css .................................. ~ 0s
  2026-05-19 14:27:04 /plugins/daterangepicker/daterangepicker.css .............................................. ~ 0s
  2026-05-19 14:27:04 /plugins/summernote/summernote-bs4.min.css ................................................ ~ 0s
  2026-05-19 14:27:04 /plugins/select2/css/select2.min.css ...................................................... ~ 0s
  2026-05-19 14:27:04 /plugins/select2-bootstrap4-theme/select2-bootstrap4.min.css .............................. ~ 0s
  2026-05-19 14:27:04 /plugins/dropzone/min/dropzone.min.css .................................................... ~ 0s
  2026-05-19 14:27:04 /assets/css/datatable/datatable.css ....................................................... ~ 0s
  2026-05-19 14:27:04 /assets/css/datatable/buttons.dataTables.min.css .......................................... ~ 0s
  2026-05-19 14:27:04 /dist/css/adminlte.min.css ................................................................ ~ 0s
  2026-05-19 14:27:04 /css/custom-style.css ..................................................................... ~ 0s
  2026-05-19 14:27:04 /assets/images/logo/1725962670_66e019ae94ca7_default.png .................................. ~ 0s
  2026-05-19 14:27:04 /plugins/jquery/jquery.min.js ............................................................. ~ 0s
  2026-05-19 14:27:04 /plugins/jquery-ui/jquery-ui.min.js ....................................................... ~ 0s
  2026-05-19 14:27:04 /plugins/bootstrap/js/bootstrap.bundle.min.js ............................................. ~ 0s
  2026-05-19 14:27:04 /plugins/chart.js/Chart.min.js ............................................................ ~ 0s
  2026-05-19 14:27:04 /plugins/sparklines/sparkline.js .......................................................... ~ 0s
  2026-05-19 14:27:04 /plugins/jqvmap/jquery.vmap.min.js ........................................................ ~ 0s
  2026-05-19 14:27:04 /plugins/jqvmap/maps/jquery.vmap.usa.js ................................................... ~ 0s
  2026-05-19 14:27:04 /plugins/fontawesome-free/webfonts/fa-solid-900.woff2 ..................................... ~ 0s
  2026-05-19 14:27:04 /plugins/fontawesome-free/webfonts/fa-regular-400.woff2 ................................... ~ 0s
  2026-05-19 14:27:04 /plugins/jquery-knob/jquery.knob.min.js ................................................... ~ 0s
  2026-05-19 14:27:04 /plugins/bootstrap/js/bootstrap.bundle.min.js.map ......................................... ~ 0s
  2026-05-19 14:27:04 /plugins/moment/moment.min.js ............................................................. ~ 0s
  2026-05-19 14:27:04 /plugins/daterangepicker/daterangepicker.js ............................................... ~ 0s
  2026-05-19 14:27:04 /plugins/tempusdominus-bootstrap-4/js/tempusdominus-bootstrap-4.min.js .................... ~ 0s
  2026-05-19 14:27:04 /plugins/summernote/summernote-bs4.min.js ................................................. ~ 0s
  2026-05-19 14:27:04 /plugins/overlayScrollbars/js/jquery.overlayScrollbars.min.js ............................. ~ 0s
  2026-05-19 14:27:04 /dist/js/adminlte.js ...................................................................... ~ 0s
  2026-05-19 14:27:04 /plugins/select2/js/select2.full.min.js ................................................... ~ 0s
  2026-05-19 14:27:04 /js/custom-script.js ...................................................................... ~ 0s
  2026-05-19 14:27:04 /plugins/dropzone/min/dropzone.min.js ..................................................... ~ 0s
  2026-05-19 14:27:04 /assets/js/datatable/jquery.dataTables.min.js ............................................. ~ 0s
  2026-05-19 14:27:04 /assets/js/datatable/dataTables.buttons.min.js ............................................ ~ 0s
  2026-05-19 14:27:04 /assets/js/datatable/datatable.js ......................................................... ~ 0s
  2026-05-19 14:27:04 /plugins/moment/moment.min.js.map ......................................................... ~ 0s
  2026-05-19 14:27:04 /dist/js/adminlte.js.map .................................................................. ~ 0s
  2026-05-19 14:27:04 /dist/css/adminlte.min.css.map ............................................................ ~ 0s
  2026-05-19 14:27:05 /assets/images/logo/1689667124_64b64634a7230_logo-icon.png ................................ ~ 0s
  2026-05-19 14:27:05 ........................................................................................... ~ 0s
  2026-05-19 14:28:01 ........................................................................................... ~ 0s
  2026-05-19 14:28:01 ........................................................................................... ~ 0s
  2026-05-19 14:28:01 /plugins/fontawesome-free/css/all.min.css ................................................. ~ 0s
  2026-05-19 14:28:01 /plugins/tempusdominus-bootstrap-4/css/tempusdominus-bootstrap-4.min.css .................. ~ 0s
  2026-05-19 14:28:01 /plugins/icheck-bootstrap/icheck-bootstrap.min.css ........................................ ~ 0s
  2026-05-19 14:28:01 /plugins/jqvmap/jqvmap.min.css ............................................................ ~ 0s
  2026-05-19 14:28:01 /plugins/overlayScrollbars/css/OverlayScrollbars.min.css .................................. ~ 0s
  2026-05-19 14:28:01 /plugins/daterangepicker/daterangepicker.css .............................................. ~ 0s
  2026-05-19 14:28:01 /plugins/summernote/summernote-bs4.min.css ................................................ ~ 0s
  2026-05-19 14:28:01 /plugins/select2/css/select2.min.css ...................................................... ~ 0s
  2026-05-19 14:28:01 /plugins/select2-bootstrap4-theme/select2-bootstrap4.min.css .............................. ~ 0s
  2026-05-19 14:28:01 /plugins/dropzone/min/dropzone.min.css .................................................... ~ 0s
  2026-05-19 14:28:01 /assets/css/datatable/datatable.css ....................................................... ~ 0s
  2026-05-19 14:28:01 /assets/css/datatable/buttons.dataTables.min.css .......................................... ~ 0s
  2026-05-19 14:28:01 /dist/css/adminlte.min.css ................................................................ ~ 0s
  2026-05-19 14:28:01 /css/custom-style.css ..................................................................... ~ 0s
  2026-05-19 14:28:01 /assets/images/logo/1725962670_66e019ae94ca7_default.png .................................. ~ 0s
  2026-05-19 14:28:01 /plugins/jquery/jquery.min.js ............................................................. ~ 0s
  2026-05-19 14:28:01 /plugins/jquery-ui/jquery-ui.min.js ....................................................... ~ 0s
  2026-05-19 14:28:01 /plugins/bootstrap/js/bootstrap.bundle.min.js ............................................. ~ 0s
  2026-05-19 14:28:01 /plugins/chart.js/Chart.min.js ............................................................ ~ 0s
  2026-05-19 14:28:01 /plugins/sparklines/sparkline.js .......................................................... ~ 0s
  2026-05-19 14:28:01 /plugins/jqvmap/jquery.vmap.min.js ........................................................ ~ 0s
  2026-05-19 14:28:01 /plugins/jqvmap/maps/jquery.vmap.usa.js ................................................... ~ 0s
  2026-05-19 14:28:01 /plugins/jquery-knob/jquery.knob.min.js ................................................... ~ 0s
  2026-05-19 14:28:01 /plugins/moment/moment.min.js ............................................................. ~ 0s
  2026-05-19 14:28:01 /plugins/daterangepicker/daterangepicker.js ............................................... ~ 0s
  2026-05-19 14:28:01 /plugins/tempusdominus-bootstrap-4/js/tempusdominus-bootstrap-4.min.js .................... ~ 0s
  2026-05-19 14:28:01 /plugins/summernote/summernote-bs4.min.js ................................................. ~ 0s
  2026-05-19 14:28:01 /plugins/overlayScrollbars/js/jquery.overlayScrollbars.min.js ............................. ~ 0s
  2026-05-19 14:28:01 /dist/js/adminlte.js ...................................................................... ~ 0s
  2026-05-19 14:28:01 /plugins/select2/js/select2.full.min.js ................................................... ~ 0s
  2026-05-19 14:28:01 /js/custom-script.js ...................................................................... ~ 0s
  2026-05-19 14:28:01 /plugins/dropzone/min/dropzone.min.js ..................................................... ~ 0s
  2026-05-19 14:28:01 /assets/js/datatable/jquery.dataTables.min.js ............................................. ~ 0s
  2026-05-19 14:28:01 /assets/js/datatable/dataTables.buttons.min.js ............................................ ~ 0s
  2026-05-19 14:28:01 /assets/js/datatable/datatable.js ......................................................... ~ 0s
  2026-05-19 14:28:01 /plugins/fontawesome-free/webfonts/fa-solid-900.woff2 ..................................... ~ 0s
  2026-05-19 14:28:01 /plugins/bootstrap/js/bootstrap.bundle.min.js.map ......................................... ~ 0s
  2026-05-19 14:28:02 /plugins/moment/moment.min.js.map ......................................................... ~ 0s
  2026-05-19 14:28:02 /dist/js/adminlte.js.map .................................................................. ~ 0s
  2026-05-19 14:28:01 /dist/css/adminlte.min.css.map ............................................................ ~ 1s
  2026-05-19 14:28:02 ........................................................................................... ~ 0s
  2026-05-19 14:28:02 ........................................................................................... ~ 0s
  2026-05-19 14:28:02 ........................................................................................... ~ 0s
  2026-05-19 14:28:02 ........................................................................................... ~ 0s
  2026-05-19 14:28:02 ........................................................................................... ~ 0s
  2026-05-19 14:28:02 ........................................................................................... ~ 1s
  2026-05-19 14:28:02 ........................................................................................... ~ 1s
  2026-05-19 14:28:03 ........................................................................................... ~ 0s
  2026-05-19 14:28:03 ........................................................................................... ~ 0s
  2026-05-19 14:28:03 ........................................................................................... ~ 0s
  2026-05-19 14:28:03 /assets/images/no-image.png ............................................................... ~ 0s
  2026-05-19 14:30:00 ........................................................................................... ~ 0s
  2026-05-19 14:30:00 ........................................................................................... ~ 0s
  2026-05-19 14:30:00 /plugins/fontawesome-free/css/all.min.css ................................................. ~ 0s
  2026-05-19 14:30:00 /plugins/tempusdominus-bootstrap-4/css/tempusdominus-bootstrap-4.min.css .................. ~ 0s
  2026-05-19 14:30:00 /plugins/icheck-bootstrap/icheck-bootstrap.min.css ........................................ ~ 0s
  2026-05-19 14:30:00 /plugins/jqvmap/jqvmap.min.css ............................................................ ~ 0s
  2026-05-19 14:30:00 /plugins/overlayScrollbars/css/OverlayScrollbars.min.css .................................. ~ 0s
  2026-05-19 14:30:00 /plugins/daterangepicker/daterangepicker.css .............................................. ~ 0s
  2026-05-19 14:30:00 /plugins/summernote/summernote-bs4.min.css ................................................ ~ 0s
  2026-05-19 14:30:00 /plugins/select2/css/select2.min.css ...................................................... ~ 0s
  2026-05-19 14:30:00 /plugins/select2-bootstrap4-theme/select2-bootstrap4.min.css .............................. ~ 0s
  2026-05-19 14:30:00 /plugins/dropzone/min/dropzone.min.css .................................................... ~ 0s
  2026-05-19 14:30:00 /assets/css/datatable/datatable.css ....................................................... ~ 0s
  2026-05-19 14:30:00 /assets/css/datatable/buttons.dataTables.min.css .......................................... ~ 0s
  2026-05-19 14:30:00 /css/custom-style.css ..................................................................... ~ 0s
  2026-05-19 14:30:00 /dist/css/adminlte.min.css ................................................................ ~ 0s
  2026-05-19 14:30:00 /assets/images/logo/1725962670_66e019ae94ca7_default.png .................................. ~ 0s
  2026-05-19 14:30:00 /plugins/jquery/jquery.min.js ............................................................. ~ 0s
  2026-05-19 14:30:00 /plugins/jquery-ui/jquery-ui.min.js ....................................................... ~ 0s
  2026-05-19 14:30:00 /plugins/bootstrap/js/bootstrap.bundle.min.js ............................................. ~ 0s
  2026-05-19 14:30:00 /plugins/chart.js/Chart.min.js ............................................................ ~ 0s
  2026-05-19 14:30:00 /plugins/sparklines/sparkline.js .......................................................... ~ 0s
  2026-05-19 14:30:00 /plugins/jqvmap/jquery.vmap.min.js ........................................................ ~ 0s
  2026-05-19 14:30:00 /plugins/jqvmap/maps/jquery.vmap.usa.js ................................................... ~ 0s
  2026-05-19 14:30:00 /plugins/jquery-knob/jquery.knob.min.js ................................................... ~ 0s
  2026-05-19 14:30:00 /plugins/moment/moment.min.js ............................................................. ~ 0s
  2026-05-19 14:30:00 /plugins/daterangepicker/daterangepicker.js ............................................... ~ 0s
  2026-05-19 14:30:00 /plugins/tempusdominus-bootstrap-4/js/tempusdominus-bootstrap-4.min.js .................... ~ 0s
  2026-05-19 14:30:00 /plugins/summernote/summernote-bs4.min.js ................................................. ~ 0s
  2026-05-19 14:30:00 /plugins/overlayScrollbars/js/jquery.overlayScrollbars.min.js ............................. ~ 0s
  2026-05-19 14:30:00 /dist/js/adminlte.js ...................................................................... ~ 0s
  2026-05-19 14:30:00 /plugins/select2/js/select2.full.min.js ................................................... ~ 0s
  2026-05-19 14:30:00 /js/custom-script.js ...................................................................... ~ 0s
  2026-05-19 14:30:00 /plugins/dropzone/min/dropzone.min.js ..................................................... ~ 0s
  2026-05-19 14:30:00 /assets/js/datatable/jquery.dataTables.min.js ............................................. ~ 0s
  2026-05-19 14:30:00 /assets/js/datatable/dataTables.buttons.min.js ............................................ ~ 0s
  2026-05-19 14:30:00 /assets/js/datatable/datatable.js ......................................................... ~ 0s
  2026-05-19 14:30:00 /plugins/fontawesome-free/webfonts/fa-solid-900.woff2 ..................................... ~ 0s
  2026-05-19 14:30:00 /plugins/fontawesome-free/webfonts/fa-regular-400.woff2 ................................... ~ 0s
  2026-05-19 14:30:00 /plugins/bootstrap/js/bootstrap.bundle.min.js.map ......................................... ~ 0s
  2026-05-19 14:30:00 /plugins/moment/moment.min.js.map ......................................................... ~ 0s
  2026-05-19 14:30:00 /dist/js/adminlte.js.map .................................................................. ~ 0s
  2026-05-19 14:30:00 /dist/css/adminlte.min.css.map ............................................................ ~ 0s
  2026-05-19 14:30:00 ........................................................................................... ~ 0s
  2026-05-19 14:30:02 ........................................................................................... ~ 0s
  2026-05-19 14:30:02 ........................................................................................... ~ 1s
  2026-05-19 14:30:03 ........................................................................................... ~ 0s
  2026-05-19 14:30:03 /plugins/fontawesome-free/css/all.min.css ................................................. ~ 0s
  2026-05-19 14:30:03 /plugins/tempusdominus-bootstrap-4/css/tempusdominus-bootstrap-4.min.css .................. ~ 0s
  2026-05-19 14:30:03 /plugins/icheck-bootstrap/icheck-bootstrap.min.css ........................................ ~ 0s
  2026-05-19 14:30:03 /plugins/jqvmap/jqvmap.min.css ............................................................ ~ 0s
  2026-05-19 14:30:03 /plugins/overlayScrollbars/css/OverlayScrollbars.min.css .................................. ~ 0s
  2026-05-19 14:30:03 /plugins/daterangepicker/daterangepicker.css .............................................. ~ 0s
  2026-05-19 14:30:03 /plugins/summernote/summernote-bs4.min.css ................................................ ~ 0s
  2026-05-19 14:30:03 /plugins/select2/css/select2.min.css ...................................................... ~ 0s
  2026-05-19 14:30:03 /plugins/select2-bootstrap4-theme/select2-bootstrap4.min.css .............................. ~ 0s
  2026-05-19 14:30:03 /dist/css/adminlte.min.css ................................................................ ~ 0s
  2026-05-19 14:30:03 /plugins/dropzone/min/dropzone.min.css .................................................... ~ 0s
  2026-05-19 14:30:03 ........................................................................................... ~ 0s
  2026-05-19 14:30:03 /assets/css/datatable/datatable.css ....................................................... ~ 0s
  2026-05-19 14:30:03 /assets/css/datatable/buttons.dataTables.min.css .......................................... ~ 0s
  2026-05-19 14:30:03 /css/custom-style.css ..................................................................... ~ 0s
  2026-05-19 14:30:03 /assets/images/logo/1725962670_66e019ae94ca7_default.png .................................. ~ 0s
  2026-05-19 14:30:03 /plugins/jquery/jquery.min.js ............................................................. ~ 0s
  2026-05-19 14:30:03 /plugins/jquery-ui/jquery-ui.min.js ....................................................... ~ 0s
  2026-05-19 14:30:03 /plugins/bootstrap/js/bootstrap.bundle.min.js ............................................. ~ 0s
  2026-05-19 14:30:03 /plugins/chart.js/Chart.min.js ............................................................ ~ 0s
  2026-05-19 14:30:03 /plugins/sparklines/sparkline.js .......................................................... ~ 0s
  2026-05-19 14:30:03 /plugins/jqvmap/jquery.vmap.min.js ........................................................ ~ 0s
  2026-05-19 14:30:03 /plugins/jqvmap/maps/jquery.vmap.usa.js ................................................... ~ 0s
  2026-05-19 14:30:03 /plugins/jquery-knob/jquery.knob.min.js ................................................... ~ 0s
  2026-05-19 14:30:03 /plugins/moment/moment.min.js ............................................................. ~ 0s
  2026-05-19 14:30:03 /plugins/daterangepicker/daterangepicker.js ............................................... ~ 0s
  2026-05-19 14:30:03 /plugins/tempusdominus-bootstrap-4/js/tempusdominus-bootstrap-4.min.js .................... ~ 0s
  2026-05-19 14:30:03 /plugins/summernote/summernote-bs4.min.js ................................................. ~ 0s
  2026-05-19 14:30:03 /plugins/overlayScrollbars/js/jquery.overlayScrollbars.min.js ............................. ~ 0s
  2026-05-19 14:30:03 /dist/js/adminlte.js ...................................................................... ~ 0s
  2026-05-19 14:30:03 /plugins/select2/js/select2.full.min.js ................................................... ~ 0s
  2026-05-19 14:30:03 /js/custom-script.js ...................................................................... ~ 0s
  2026-05-19 14:30:03 /plugins/dropzone/min/dropzone.min.js ..................................................... ~ 0s
  2026-05-19 14:30:03 /assets/js/datatable/jquery.dataTables.min.js ............................................. ~ 0s
  2026-05-19 14:30:03 /assets/js/datatable/dataTables.buttons.min.js ............................................ ~ 0s
  2026-05-19 14:30:03 /assets/js/datatable/datatable.js ......................................................... ~ 0s
  2026-05-19 14:30:03 /plugins/bootstrap/js/bootstrap.bundle.min.js.map ......................................... ~ 0s
  2026-05-19 14:30:03 /plugins/fontawesome-free/webfonts/fa-solid-900.woff2 ..................................... ~ 0s
  2026-05-19 14:30:03 /plugins/fontawesome-free/webfonts/fa-regular-400.woff2 ................................... ~ 0s
  2026-05-19 14:30:03 /dist/css/adminlte.min.css.map ............................................................ ~ 0s
  2026-05-19 14:30:03 /plugins/moment/moment.min.js.map ......................................................... ~ 0s
  2026-05-19 14:30:03 /dist/js/adminlte.js.map .................................................................. ~ 0s
  2026-05-19 14:30:03 ........................................................................................... ~ 0s
  2026-05-19 14:30:10 ........................................................................................... ~ 0s
  2026-05-19 14:30:10 ........................................................................................... ~ 0s
  2026-05-19 14:30:10 /plugins/fontawesome-free/css/all.min.css ................................................. ~ 0s
  2026-05-19 14:30:10 /plugins/tempusdominus-bootstrap-4/css/tempusdominus-bootstrap-4.min.css .................. ~ 0s
  2026-05-19 14:30:10 /plugins/icheck-bootstrap/icheck-bootstrap.min.css ........................................ ~ 0s
  2026-05-19 14:30:10 /plugins/jqvmap/jqvmap.min.css ............................................................ ~ 0s
  2026-05-19 14:30:10 /plugins/overlayScrollbars/css/OverlayScrollbars.min.css .................................. ~ 0s
  2026-05-19 14:30:10 /plugins/daterangepicker/daterangepicker.css .............................................. ~ 0s
  2026-05-19 14:30:10 /plugins/summernote/summernote-bs4.min.css ................................................ ~ 0s
  2026-05-19 14:30:10 /plugins/select2/css/select2.min.css ...................................................... ~ 0s
  2026-05-19 14:30:10 /plugins/select2-bootstrap4-theme/select2-bootstrap4.min.css .............................. ~ 0s
  2026-05-19 14:30:10 /plugins/dropzone/min/dropzone.min.css .................................................... ~ 0s
  2026-05-19 14:30:10 /assets/css/datatable/datatable.css ....................................................... ~ 0s
  2026-05-19 14:30:10 /assets/css/datatable/buttons.dataTables.min.css .......................................... ~ 0s
  2026-05-19 14:30:10 /css/custom-style.css ..................................................................... ~ 0s
  2026-05-19 14:30:10 /dist/css/adminlte.min.css ................................................................ ~ 0s
  2026-05-19 14:30:10 /assets/images/logo/1725962670_66e019ae94ca7_default.png .................................. ~ 0s
  2026-05-19 14:30:10 /plugins/jquery/jquery.min.js ............................................................. ~ 0s
  2026-05-19 14:30:10 /plugins/jquery-ui/jquery-ui.min.js ....................................................... ~ 0s
  2026-05-19 14:30:10 /plugins/bootstrap/js/bootstrap.bundle.min.js ............................................. ~ 0s
  2026-05-19 14:30:10 /plugins/chart.js/Chart.min.js ............................................................ ~ 0s
  2026-05-19 14:30:10 /plugins/sparklines/sparkline.js .......................................................... ~ 0s
  2026-05-19 14:30:10 /plugins/jqvmap/jquery.vmap.min.js ........................................................ ~ 0s
  2026-05-19 14:30:10 /plugins/jqvmap/maps/jquery.vmap.usa.js ................................................... ~ 0s
  2026-05-19 14:30:10 /plugins/jquery-knob/jquery.knob.min.js ................................................... ~ 0s
  2026-05-19 14:30:10 /plugins/moment/moment.min.js ............................................................. ~ 0s
  2026-05-19 14:30:10 /plugins/daterangepicker/daterangepicker.js ............................................... ~ 0s
  2026-05-19 14:30:10 /plugins/tempusdominus-bootstrap-4/js/tempusdominus-bootstrap-4.min.js .................... ~ 0s
  2026-05-19 14:30:10 /plugins/summernote/summernote-bs4.min.js ................................................. ~ 0s
  2026-05-19 14:30:10 /plugins/overlayScrollbars/js/jquery.overlayScrollbars.min.js ............................. ~ 0s
  2026-05-19 14:30:10 /dist/js/adminlte.js ...................................................................... ~ 0s
  2026-05-19 14:30:10 /plugins/select2/js/select2.full.min.js ................................................... ~ 0s
  2026-05-19 14:30:10 /js/custom-script.js ...................................................................... ~ 0s
  2026-05-19 14:30:10 /plugins/dropzone/min/dropzone.min.js ..................................................... ~ 0s
  2026-05-19 14:30:10 /plugins/bootstrap/js/bootstrap.bundle.min.js.map ......................................... ~ 0s
  2026-05-19 14:30:10 /assets/js/datatable/jquery.dataTables.min.js ............................................. ~ 0s
  2026-05-19 14:30:10 /assets/js/datatable/dataTables.buttons.min.js ............................................ ~ 0s
  2026-05-19 14:30:10 /assets/js/datatable/datatable.js ......................................................... ~ 0s
  2026-05-19 14:30:10 /dist/css/adminlte.min.css.map ............................................................ ~ 0s
  2026-05-19 14:30:10 /plugins/fontawesome-free/webfonts/fa-solid-900.woff2 ..................................... ~ 0s
  2026-05-19 14:30:10 /plugins/moment/moment.min.js.map ......................................................... ~ 0s
  2026-05-19 14:30:10 /dist/js/adminlte.js.map .................................................................. ~ 0s
  2026-05-19 14:30:10 ........................................................................................... ~ 1s
  2026-05-19 14:30:11 ........................................................................................... ~ 0s
  2026-05-19 14:30:11 ........................................................................................... ~ 0s
  2026-05-19 14:30:11 ........................................................................................... ~ 0s
  2026-05-19 14:30:11 ........................................................................................... ~ 0s
  2026-05-19 14:30:11 ........................................................................................... ~ 0s
  2026-05-19 14:30:11 ........................................................................................... ~ 0s
  2026-05-19 14:30:11 ........................................................................................... ~ 1s
  2026-05-19 14:30:11 ........................................................................................... ~ 1s
  2026-05-19 14:30:12 ........................................................................................... ~ 0s
  2026-05-19 14:30:12 /assets/images/no-image.png ............................................................... ~ 0s
  2026-05-19 14:30:15 ........................................................................................... ~ 0s
  2026-05-19 14:30:15 ........................................................................................... ~ 1s
  2026-05-19 14:30:16 /plugins/fontawesome-free/css/all.min.css ................................................. ~ 0s
  2026-05-19 14:30:16 /plugins/tempusdominus-bootstrap-4/css/tempusdominus-bootstrap-4.min.css .................. ~ 0s
  2026-05-19 14:30:16 /plugins/icheck-bootstrap/icheck-bootstrap.min.css ........................................ ~ 0s
  2026-05-19 14:30:16 /plugins/jqvmap/jqvmap.min.css ............................................................ ~ 0s
  2026-05-19 14:30:16 /plugins/overlayScrollbars/css/OverlayScrollbars.min.css .................................. ~ 0s
  2026-05-19 14:30:16 /plugins/daterangepicker/daterangepicker.css .............................................. ~ 0s
  2026-05-19 14:30:16 /plugins/summernote/summernote-bs4.min.css ................................................ ~ 0s
  2026-05-19 14:30:16 /plugins/select2/css/select2.min.css ...................................................... ~ 0s
  2026-05-19 14:30:16 /plugins/select2-bootstrap4-theme/select2-bootstrap4.min.css .............................. ~ 0s
  2026-05-19 14:30:16 /plugins/dropzone/min/dropzone.min.css .................................................... ~ 0s
  2026-05-19 14:30:16 /assets/css/datatable/datatable.css ....................................................... ~ 0s
  2026-05-19 14:30:16 /assets/css/datatable/buttons.dataTables.min.css .......................................... ~ 0s
  2026-05-19 14:30:16 /dist/css/adminlte.min.css ................................................................ ~ 0s
  2026-05-19 14:30:16 /css/custom-style.css ..................................................................... ~ 0s
  2026-05-19 14:30:16 /assets/images/logo/1725962670_66e019ae94ca7_default.png .................................. ~ 0s
  2026-05-19 14:30:16 /plugins/jquery/jquery.min.js ............................................................. ~ 0s
  2026-05-19 14:30:16 /plugins/jquery-ui/jquery-ui.min.js ....................................................... ~ 0s
  2026-05-19 14:30:16 /plugins/bootstrap/js/bootstrap.bundle.min.js ............................................. ~ 0s
  2026-05-19 14:30:16 /plugins/chart.js/Chart.min.js ............................................................ ~ 0s
  2026-05-19 14:30:16 /plugins/sparklines/sparkline.js .......................................................... ~ 0s
  2026-05-19 14:30:16 /plugins/jqvmap/jquery.vmap.min.js ........................................................ ~ 0s
  2026-05-19 14:30:16 /plugins/jqvmap/maps/jquery.vmap.usa.js ................................................... ~ 0s
  2026-05-19 14:30:16 /plugins/jquery-knob/jquery.knob.min.js ................................................... ~ 0s
  2026-05-19 14:30:16 /plugins/moment/moment.min.js ............................................................. ~ 0s
  2026-05-19 14:30:16 /plugins/daterangepicker/daterangepicker.js ............................................... ~ 0s
  2026-05-19 14:30:16 /plugins/tempusdominus-bootstrap-4/js/tempusdominus-bootstrap-4.min.js .................... ~ 0s
  2026-05-19 14:30:16 /plugins/overlayScrollbars/js/jquery.overlayScrollbars.min.js ............................. ~ 0s
  2026-05-19 14:30:16 /dist/js/adminlte.js ...................................................................... ~ 0s
  2026-05-19 14:30:16 /plugins/summernote/summernote-bs4.min.js ................................................. ~ 0s
  2026-05-19 14:30:16 /plugins/select2/js/select2.full.min.js ................................................... ~ 0s
  2026-05-19 14:30:16 /js/custom-script.js ...................................................................... ~ 0s
  2026-05-19 14:30:16 /plugins/dropzone/min/dropzone.min.js ..................................................... ~ 0s
  2026-05-19 14:30:16 /plugins/bootstrap/js/bootstrap.bundle.min.js.map ......................................... ~ 0s
  2026-05-19 14:30:16 /assets/js/datatable/jquery.dataTables.min.js ............................................. ~ 0s
  2026-05-19 14:30:16 /assets/js/datatable/dataTables.buttons.min.js ............................................ ~ 0s
  2026-05-19 14:30:16 /assets/js/datatable/datatable.js ......................................................... ~ 0s
  2026-05-19 14:30:16 /dist/css/adminlte.min.css.map ............................................................ ~ 0s
  2026-05-19 14:30:16 /plugins/fontawesome-free/webfonts/fa-solid-900.woff2 ..................................... ~ 0s
  2026-05-19 14:30:16 /plugins/moment/moment.min.js.map ......................................................... ~ 0s
  2026-05-19 14:30:16 ........................................................................................... ~ 0s
  2026-05-19 14:30:16 ........................................................................................... ~ 0s
  2026-05-19 14:30:16 /dist/js/adminlte.js.map .................................................................. ~ 0s
  2026-05-19 14:30:16 ........................................................................................... ~ 0s
  2026-05-19 14:30:24 ........................................................................................... ~ 0s
  2026-05-19 14:30:24 /plugins/fontawesome-free/css/all.min.css ................................................. ~ 0s
  2026-05-19 14:30:24 /plugins/tempusdominus-bootstrap-4/css/tempusdominus-bootstrap-4.min.css .................. ~ 0s
  2026-05-19 14:30:24 /plugins/icheck-bootstrap/icheck-bootstrap.min.css ........................................ ~ 0s
  2026-05-19 14:30:24 /plugins/jqvmap/jqvmap.min.css ............................................................ ~ 0s
  2026-05-19 14:30:24 /plugins/overlayScrollbars/css/OverlayScrollbars.min.css .................................. ~ 0s
  2026-05-19 14:30:24 /plugins/daterangepicker/daterangepicker.css .............................................. ~ 0s
  2026-05-19 14:30:24 /plugins/summernote/summernote-bs4.min.css ................................................ ~ 0s
  2026-05-19 14:30:24 /plugins/select2/css/select2.min.css ...................................................... ~ 0s
  2026-05-19 14:30:24 /plugins/select2-bootstrap4-theme/select2-bootstrap4.min.css .............................. ~ 0s
  2026-05-19 14:30:24 /plugins/dropzone/min/dropzone.min.css .................................................... ~ 0s
  2026-05-19 14:30:24 /assets/css/datatable/datatable.css ....................................................... ~ 0s
  2026-05-19 14:30:24 /dist/css/adminlte.min.css ................................................................ ~ 0s
  2026-05-19 14:30:24 /assets/css/datatable/buttons.dataTables.min.css .......................................... ~ 0s
  2026-05-19 14:30:24 ........................................................................................... ~ 0s
  2026-05-19 14:30:24 /css/custom-style.css ..................................................................... ~ 0s
  2026-05-19 14:30:24 /assets/images/logo/1725962670_66e019ae94ca7_default.png .................................. ~ 0s
  2026-05-19 14:30:24 /plugins/jquery/jquery.min.js ............................................................. ~ 0s
  2026-05-19 14:30:24 /plugins/jquery-ui/jquery-ui.min.js ....................................................... ~ 0s
  2026-05-19 14:30:24 /plugins/bootstrap/js/bootstrap.bundle.min.js ............................................. ~ 0s
  2026-05-19 14:30:24 /plugins/chart.js/Chart.min.js ............................................................ ~ 0s
  2026-05-19 14:30:24 /plugins/sparklines/sparkline.js .......................................................... ~ 0s
  2026-05-19 14:30:24 /plugins/jqvmap/jquery.vmap.min.js ........................................................ ~ 0s
  2026-05-19 14:30:24 /plugins/jqvmap/maps/jquery.vmap.usa.js ................................................... ~ 0s
  2026-05-19 14:30:24 /plugins/jquery-knob/jquery.knob.min.js ................................................... ~ 0s
  2026-05-19 14:30:24 /plugins/moment/moment.min.js ............................................................. ~ 0s
  2026-05-19 14:30:24 /plugins/daterangepicker/daterangepicker.js ............................................... ~ 0s
  2026-05-19 14:30:24 /plugins/tempusdominus-bootstrap-4/js/tempusdominus-bootstrap-4.min.js .................... ~ 0s
  2026-05-19 14:30:24 /plugins/summernote/summernote-bs4.min.js ................................................. ~ 0s
  2026-05-19 14:30:24 /plugins/overlayScrollbars/js/jquery.overlayScrollbars.min.js ............................. ~ 0s
  2026-05-19 14:30:24 /dist/js/adminlte.js ...................................................................... ~ 0s
  2026-05-19 14:30:24 /plugins/select2/js/select2.full.min.js ................................................... ~ 0s
  2026-05-19 14:30:24 /js/custom-script.js ...................................................................... ~ 0s
  2026-05-19 14:30:24 /plugins/dropzone/min/dropzone.min.js ..................................................... ~ 0s
  2026-05-19 14:30:24 /assets/js/datatable/jquery.dataTables.min.js ............................................. ~ 0s
  2026-05-19 14:30:24 /assets/js/datatable/dataTables.buttons.min.js ............................................ ~ 0s
  2026-05-19 14:30:24 /plugins/bootstrap/js/bootstrap.bundle.min.js.map ......................................... ~ 0s
  2026-05-19 14:30:24 /assets/js/datatable/datatable.js ......................................................... ~ 0s
  2026-05-19 14:30:24 /plugins/moment/moment.min.js.map ......................................................... ~ 0s
  2026-05-19 14:30:24 /plugins/fontawesome-free/webfonts/fa-solid-900.woff2 ..................................... ~ 0s
  2026-05-19 14:30:24 /dist/css/adminlte.min.css.map ............................................................ ~ 0s
  2026-05-19 14:30:24 ........................................................................................... ~ 0s
  2026-05-19 14:30:24 /dist/js/adminlte.js.map .................................................................. ~ 0s
  2026-05-19 14:30:27 ........................................................................................... ~ 1s
  2026-05-19 14:30:27 ........................................................................................... ~ 1s
  2026-05-19 14:30:28 /plugins/fontawesome-free/css/all.min.css ................................................. ~ 0s
  2026-05-19 14:30:28 /plugins/tempusdominus-bootstrap-4/css/tempusdominus-bootstrap-4.min.css .................. ~ 0s
  2026-05-19 14:30:28 /plugins/icheck-bootstrap/icheck-bootstrap.min.css ........................................ ~ 0s
  2026-05-19 14:30:28 /plugins/jqvmap/jqvmap.min.css ............................................................ ~ 0s
  2026-05-19 14:30:28 /plugins/overlayScrollbars/css/OverlayScrollbars.min.css .................................. ~ 0s
  2026-05-19 14:30:28 /plugins/daterangepicker/daterangepicker.css .............................................. ~ 0s
  2026-05-19 14:30:28 /plugins/summernote/summernote-bs4.min.css ................................................ ~ 0s
  2026-05-19 14:30:28 /plugins/select2/css/select2.min.css ...................................................... ~ 0s
  2026-05-19 14:30:28 /plugins/select2-bootstrap4-theme/select2-bootstrap4.min.css .............................. ~ 0s
  2026-05-19 14:30:28 /dist/css/adminlte.min.css ................................................................ ~ 0s
  2026-05-19 14:30:28 /plugins/dropzone/min/dropzone.min.css .................................................... ~ 0s
  2026-05-19 14:30:28 /assets/css/datatable/datatable.css ....................................................... ~ 0s
  2026-05-19 14:30:28 /assets/css/datatable/buttons.dataTables.min.css .......................................... ~ 0s
  2026-05-19 14:30:28 /css/custom-style.css ..................................................................... ~ 0s
  2026-05-19 14:30:28 /assets/images/logo/1725962670_66e019ae94ca7_default.png .................................. ~ 0s
  2026-05-19 14:30:28 /plugins/jquery/jquery.min.js ............................................................. ~ 0s
  2026-05-19 14:30:28 /plugins/jquery-ui/jquery-ui.min.js ....................................................... ~ 0s
  2026-05-19 14:30:28 /plugins/bootstrap/js/bootstrap.bundle.min.js ............................................. ~ 0s
  2026-05-19 14:30:28 /plugins/chart.js/Chart.min.js ............................................................ ~ 0s
  2026-05-19 14:30:28 /plugins/sparklines/sparkline.js .......................................................... ~ 0s
  2026-05-19 14:30:28 /plugins/jqvmap/jquery.vmap.min.js ........................................................ ~ 0s
  2026-05-19 14:30:28 /plugins/jqvmap/maps/jquery.vmap.usa.js ................................................... ~ 0s
  2026-05-19 14:30:28 /plugins/jquery-knob/jquery.knob.min.js ................................................... ~ 0s
  2026-05-19 14:30:28 /plugins/moment/moment.min.js ............................................................. ~ 0s
  2026-05-19 14:30:28 /plugins/daterangepicker/daterangepicker.js ............................................... ~ 0s
  2026-05-19 14:30:28 /plugins/tempusdominus-bootstrap-4/js/tempusdominus-bootstrap-4.min.js .................... ~ 0s
  2026-05-19 14:30:28 /plugins/summernote/summernote-bs4.min.js ................................................. ~ 0s
  2026-05-19 14:30:28 /plugins/overlayScrollbars/js/jquery.overlayScrollbars.min.js ............................. ~ 0s
  2026-05-19 14:30:28 /dist/js/adminlte.js ...................................................................... ~ 0s
  2026-05-19 14:30:28 /plugins/select2/js/select2.full.min.js ................................................... ~ 0s
  2026-05-19 14:30:28 /js/custom-script.js ...................................................................... ~ 0s
  2026-05-19 14:30:28 /plugins/dropzone/min/dropzone.min.js ..................................................... ~ 0s
  2026-05-19 14:30:28 /plugins/bootstrap/js/bootstrap.bundle.min.js.map ......................................... ~ 0s
  2026-05-19 14:30:28 /assets/js/datatable/jquery.dataTables.min.js ............................................. ~ 0s
  2026-05-19 14:30:28 /assets/js/datatable/dataTables.buttons.min.js ............................................ ~ 0s
  2026-05-19 14:30:28 /assets/js/datatable/datatable.js ......................................................... ~ 0s
  2026-05-19 14:30:28 /dist/css/adminlte.min.css.map ............................................................ ~ 0s
  2026-05-19 14:30:28 /plugins/fontawesome-free/webfonts/fa-solid-900.woff2 ..................................... ~ 0s
  2026-05-19 14:30:28 /plugins/moment/moment.min.js.map ......................................................... ~ 0s
  2026-05-19 14:30:28 /dist/js/adminlte.js.map .................................................................. ~ 0s
  2026-05-19 14:30:28 ........................................................................................... ~ 0s
  2026-05-19 14:30:28 ........................................................................................... ~ 0s
  2026-05-19 14:30:28 ........................................................................................... ~ 0s
  2026-05-19 14:30:28 ........................................................................................... ~ 1s
  2026-05-19 14:30:29 /assets/images/no-image.png ............................................................... ~ 0s
  2026-05-19 14:30:36 ........................................................................................... ~ 0s
  2026-05-19 14:30:36 ........................................................................................... ~ 1s
  2026-05-19 14:30:37 /plugins/fontawesome-free/css/all.min.css ................................................. ~ 0s
  2026-05-19 14:30:37 /plugins/tempusdominus-bootstrap-4/css/tempusdominus-bootstrap-4.min.css .................. ~ 0s
  2026-05-19 14:30:37 /plugins/icheck-bootstrap/icheck-bootstrap.min.css ........................................ ~ 0s
  2026-05-19 14:30:37 /plugins/jqvmap/jqvmap.min.css ............................................................ ~ 0s
  2026-05-19 14:30:37 /plugins/overlayScrollbars/css/OverlayScrollbars.min.css .................................. ~ 0s
  2026-05-19 14:30:37 /plugins/daterangepicker/daterangepicker.css .............................................. ~ 0s
  2026-05-19 14:30:37 /plugins/summernote/summernote-bs4.min.css ................................................ ~ 0s
  2026-05-19 14:30:37 /plugins/select2/css/select2.min.css ...................................................... ~ 0s
  2026-05-19 14:30:37 /plugins/select2-bootstrap4-theme/select2-bootstrap4.min.css .............................. ~ 0s
  2026-05-19 14:30:37 /plugins/dropzone/min/dropzone.min.css .................................................... ~ 0s
  2026-05-19 14:30:37 /assets/css/datatable/datatable.css ....................................................... ~ 0s
  2026-05-19 14:30:37 /assets/css/datatable/buttons.dataTables.min.css .......................................... ~ 0s
  2026-05-19 14:30:37 /dist/css/adminlte.min.css ................................................................ ~ 0s
  2026-05-19 14:30:37 /css/custom-style.css ..................................................................... ~ 0s
  2026-05-19 14:30:37 /assets/images/logo/1725962670_66e019ae94ca7_default.png .................................. ~ 0s
  2026-05-19 14:30:37 /plugins/jquery/jquery.min.js ............................................................. ~ 0s
  2026-05-19 14:30:37 /plugins/jquery-ui/jquery-ui.min.js ....................................................... ~ 0s
  2026-05-19 14:30:37 /plugins/bootstrap/js/bootstrap.bundle.min.js ............................................. ~ 0s
  2026-05-19 14:30:37 /plugins/chart.js/Chart.min.js ............................................................ ~ 0s
  2026-05-19 14:30:37 /plugins/sparklines/sparkline.js .......................................................... ~ 0s
  2026-05-19 14:30:37 /plugins/jqvmap/jquery.vmap.min.js ........................................................ ~ 0s
  2026-05-19 14:30:37 /plugins/jqvmap/maps/jquery.vmap.usa.js ................................................... ~ 0s
  2026-05-19 14:30:37 /plugins/jquery-knob/jquery.knob.min.js ................................................... ~ 0s
  2026-05-19 14:30:37 /plugins/moment/moment.min.js ............................................................. ~ 0s
  2026-05-19 14:30:37 /plugins/daterangepicker/daterangepicker.js ............................................... ~ 0s
  2026-05-19 14:30:37 /plugins/tempusdominus-bootstrap-4/js/tempusdominus-bootstrap-4.min.js .................... ~ 0s
  2026-05-19 14:30:37 /plugins/summernote/summernote-bs4.min.js ................................................. ~ 0s
  2026-05-19 14:30:37 /plugins/overlayScrollbars/js/jquery.overlayScrollbars.min.js ............................. ~ 0s
  2026-05-19 14:30:37 /dist/js/adminlte.js ...................................................................... ~ 0s
  2026-05-19 14:30:37 /plugins/select2/js/select2.full.min.js ................................................... ~ 0s
  2026-05-19 14:30:37 /js/custom-script.js ...................................................................... ~ 0s
  2026-05-19 14:30:37 /plugins/dropzone/min/dropzone.min.js ..................................................... ~ 0s
  2026-05-19 14:30:37 /assets/js/datatable/jquery.dataTables.min.js ............................................. ~ 0s
  2026-05-19 14:30:37 /assets/js/datatable/datatable.js ......................................................... ~ 0s
  2026-05-19 14:30:37 /assets/js/datatable/dataTables.buttons.min.js ............................................ ~ 0s
  2026-05-19 14:30:37 /plugins/fontawesome-free/webfonts/fa-solid-900.woff2 ..................................... ~ 0s
  2026-05-19 14:30:37 /plugins/fontawesome-free/webfonts/fa-regular-400.woff2 ................................... ~ 0s
  2026-05-19 14:30:37 /plugins/bootstrap/js/bootstrap.bundle.min.js.map ......................................... ~ 0s
  2026-05-19 14:30:37 /dist/css/adminlte.min.css.map ............................................................ ~ 0s
  2026-05-19 14:30:37 /plugins/moment/moment.min.js.map ......................................................... ~ 0s
  2026-05-19 14:30:37 /dist/js/adminlte.js.map .................................................................. ~ 0s
  2026-05-19 14:30:37 ........................................................................................... ~ 0s
  2026-05-19 14:31:17 ........................................................................................... ~ 0s
  2026-05-19 14:31:17 /plugins/fontawesome-free/css/all.min.css ................................................. ~ 0s
  2026-05-19 14:31:17 /plugins/tempusdominus-bootstrap-4/css/tempusdominus-bootstrap-4.min.css .................. ~ 0s
  2026-05-19 14:31:17 /plugins/icheck-bootstrap/icheck-bootstrap.min.css ........................................ ~ 0s
  2026-05-19 14:31:17 /plugins/jqvmap/jqvmap.min.css ............................................................ ~ 0s
  2026-05-19 14:31:17 /plugins/overlayScrollbars/css/OverlayScrollbars.min.css .................................. ~ 0s
  2026-05-19 14:31:17 /plugins/daterangepicker/daterangepicker.css .............................................. ~ 0s
  2026-05-19 14:31:17 /plugins/summernote/summernote-bs4.min.css ................................................ ~ 0s
  2026-05-19 14:31:17 /plugins/select2/css/select2.min.css ...................................................... ~ 0s
  2026-05-19 14:31:17 /plugins/select2-bootstrap4-theme/select2-bootstrap4.min.css .............................. ~ 0s
  2026-05-19 14:31:17 /plugins/dropzone/min/dropzone.min.css .................................................... ~ 0s
  2026-05-19 14:31:17 /assets/css/datatable/datatable.css ....................................................... ~ 0s
  2026-05-19 14:31:17 /dist/css/adminlte.min.css ................................................................ ~ 0s
  2026-05-19 14:31:17 /assets/css/datatable/buttons.dataTables.min.css .......................................... ~ 0s
  2026-05-19 14:31:17 ........................................................................................... ~ 0s
  2026-05-19 14:31:17 ........................................................................................... ~ 1s
  2026-05-19 14:31:17 ........................................................................................... ~ 1s
  2026-05-19 14:31:17 /css/custom-style.css ..................................................................... ~ 1s
  2026-05-19 14:31:18 /assets/images/logo/1725962670_66e019ae94ca7_default.png .................................. ~ 0s
  2026-05-19 14:31:18 /plugins/jquery/jquery.min.js ............................................................. ~ 0s
  2026-05-19 14:31:18 /plugins/jquery-ui/jquery-ui.min.js ....................................................... ~ 0s
  2026-05-19 14:31:18 /plugins/bootstrap/js/bootstrap.bundle.min.js ............................................. ~ 0s
  2026-05-19 14:31:18 /plugins/sparklines/sparkline.js .......................................................... ~ 0s
  2026-05-19 14:31:18 /plugins/jqvmap/jquery.vmap.min.js ........................................................ ~ 0s
  2026-05-19 14:31:18 /plugins/chart.js/Chart.min.js ............................................................ ~ 0s
  2026-05-19 14:31:18 /plugins/jqvmap/maps/jquery.vmap.usa.js ................................................... ~ 0s
  2026-05-19 14:31:18 /plugins/fontawesome-free/webfonts/fa-solid-900.woff2 ..................................... ~ 0s
  2026-05-19 14:31:18 /plugins/fontawesome-free/webfonts/fa-regular-400.woff2 ................................... ~ 0s
  2026-05-19 14:31:18 /plugins/jquery-knob/jquery.knob.min.js ................................................... ~ 0s
  2026-05-19 14:31:18 /plugins/moment/moment.min.js ............................................................. ~ 0s
  2026-05-19 14:31:18 /plugins/daterangepicker/daterangepicker.js ............................................... ~ 0s
  2026-05-19 14:31:18 /plugins/tempusdominus-bootstrap-4/js/tempusdominus-bootstrap-4.min.js .................... ~ 0s
  2026-05-19 14:31:18 /plugins/summernote/summernote-bs4.min.js ................................................. ~ 0s
  2026-05-19 14:31:18 /plugins/overlayScrollbars/js/jquery.overlayScrollbars.min.js ............................. ~ 0s
  2026-05-19 14:31:18 /dist/js/adminlte.js ...................................................................... ~ 0s
  2026-05-19 14:31:18 /plugins/select2/js/select2.full.min.js ................................................... ~ 0s
  2026-05-19 14:31:18 /js/custom-script.js ...................................................................... ~ 0s
  2026-05-19 14:31:18 /plugins/dropzone/min/dropzone.min.js ..................................................... ~ 0s
  2026-05-19 14:31:18 /assets/js/datatable/jquery.dataTables.min.js ............................................. ~ 0s
  2026-05-19 14:31:18 /assets/js/datatable/dataTables.buttons.min.js ............................................ ~ 0s
  2026-05-19 14:31:18 /assets/js/datatable/datatable.js ......................................................... ~ 0s
  2026-05-19 14:31:18 /dist/css/adminlte.min.css.map ............................................................ ~ 0s
  2026-05-19 14:31:18 /plugins/moment/moment.min.js.map ......................................................... ~ 0s
  2026-05-19 14:31:18 /plugins/bootstrap/js/bootstrap.bundle.min.js.map ......................................... ~ 0s
  2026-05-19 14:31:18 /dist/js/adminlte.js.map .................................................................. ~ 0s
  2026-05-19 14:31:18 /assets/images/logo/1689667124_64b64634a7230_logo-icon.png ................................ ~ 0s
  2026-05-19 14:31:18 ........................................................................................... ~ 0s
  2026-05-19 14:32:05 ........................................................................................... ~ 0s
  2026-05-19 14:32:05 ........................................................................................... ~ 0s
  2026-05-19 14:32:05 /plugins/fontawesome-free/css/all.min.css ................................................. ~ 0s
  2026-05-19 14:32:05 /plugins/tempusdominus-bootstrap-4/css/tempusdominus-bootstrap-4.min.css .................. ~ 0s
  2026-05-19 14:32:05 /plugins/icheck-bootstrap/icheck-bootstrap.min.css ........................................ ~ 0s
  2026-05-19 14:32:05 /plugins/jqvmap/jqvmap.min.css ............................................................ ~ 0s
  2026-05-19 14:32:05 /plugins/overlayScrollbars/css/OverlayScrollbars.min.css .................................. ~ 0s
  2026-05-19 14:32:05 /plugins/daterangepicker/daterangepicker.css .............................................. ~ 0s
  2026-05-19 14:32:05 /plugins/summernote/summernote-bs4.min.css ................................................ ~ 0s
  2026-05-19 14:32:05 /plugins/select2/css/select2.min.css ...................................................... ~ 0s
  2026-05-19 14:32:05 /plugins/select2-bootstrap4-theme/select2-bootstrap4.min.css .............................. ~ 0s
  2026-05-19 14:32:05 /plugins/dropzone/min/dropzone.min.css .................................................... ~ 0s
  2026-05-19 14:32:05 /assets/css/datatable/datatable.css ....................................................... ~ 0s
  2026-05-19 14:32:05 /assets/css/datatable/buttons.dataTables.min.css .......................................... ~ 0s
  2026-05-19 14:32:05 /css/custom-style.css ..................................................................... ~ 0s
  2026-05-19 14:32:05 /dist/css/adminlte.min.css ................................................................ ~ 0s
  2026-05-19 14:32:05 ........................................................................................... ~ 0s
  2026-05-19 14:32:05 ........................................................................................... ~ 0s
  2026-05-19 14:32:05 /assets/images/logo/1725962670_66e019ae94ca7_default.png .................................. ~ 0s
  2026-05-19 14:32:05 /plugins/jquery/jquery.min.js ............................................................. ~ 0s
  2026-05-19 14:32:05 /plugins/jquery-ui/jquery-ui.min.js ....................................................... ~ 0s
  2026-05-19 14:32:05 /plugins/bootstrap/js/bootstrap.bundle.min.js ............................................. ~ 0s
  2026-05-19 14:32:05 /plugins/chart.js/Chart.min.js ............................................................ ~ 0s
  2026-05-19 14:32:05 /plugins/sparklines/sparkline.js .......................................................... ~ 0s
  2026-05-19 14:32:05 /plugins/jqvmap/jquery.vmap.min.js ........................................................ ~ 0s
  2026-05-19 14:32:05 /plugins/jqvmap/maps/jquery.vmap.usa.js ................................................... ~ 0s
  2026-05-19 14:32:05 /plugins/fontawesome-free/webfonts/fa-solid-900.woff2 ..................................... ~ 0s
  2026-05-19 14:32:05 /plugins/fontawesome-free/webfonts/fa-regular-400.woff2 ................................... ~ 0s
  2026-05-19 14:32:05 /plugins/jquery-knob/jquery.knob.min.js ................................................... ~ 0s
  2026-05-19 14:32:05 /plugins/moment/moment.min.js ............................................................. ~ 0s
  2026-05-19 14:32:05 /plugins/daterangepicker/daterangepicker.js ............................................... ~ 0s
  2026-05-19 14:32:05 /plugins/tempusdominus-bootstrap-4/js/tempusdominus-bootstrap-4.min.js .................... ~ 0s
  2026-05-19 14:32:05 /plugins/summernote/summernote-bs4.min.js ................................................. ~ 0s
  2026-05-19 14:32:05 /plugins/overlayScrollbars/js/jquery.overlayScrollbars.min.js ............................. ~ 0s
  2026-05-19 14:32:05 /dist/js/adminlte.js ...................................................................... ~ 0s
  2026-05-19 14:32:05 /plugins/select2/js/select2.full.min.js ................................................... ~ 0s
  2026-05-19 14:32:05 /js/custom-script.js ...................................................................... ~ 0s
  2026-05-19 14:32:05 /plugins/dropzone/min/dropzone.min.js ..................................................... ~ 0s
  2026-05-19 14:32:05 /assets/js/datatable/jquery.dataTables.min.js ............................................. ~ 0s
  2026-05-19 14:32:05 /assets/js/datatable/datatable.js ......................................................... ~ 0s
  2026-05-19 14:32:05 /assets/js/datatable/dataTables.buttons.min.js ............................................ ~ 0s
  2026-05-19 14:32:05 /dist/css/adminlte.min.css.map ............................................................ ~ 0s
  2026-05-19 14:32:05 /plugins/moment/moment.min.js.map ......................................................... ~ 0s
  2026-05-19 14:32:05 /plugins/bootstrap/js/bootstrap.bundle.min.js.map ......................................... ~ 0s
  2026-05-19 14:32:05 /dist/js/adminlte.js.map .................................................................. ~ 0s
  2026-05-19 14:32:06 ........................................................................................... ~ 0s
  2026-05-19 14:32:06 /assets/images/logo/1689667124_64b64634a7230_logo-icon.png ................................ ~ 0s
  2026-05-19 14:33:05 ........................................................................................... ~ 1s
  2026-05-19 14:33:05 /plugins/fontawesome-free/css/all.min.css ................................................. ~ 1s
  2026-05-19 14:33:06 /plugins/tempusdominus-bootstrap-4/css/tempusdominus-bootstrap-4.min.css .................. ~ 0s
  2026-05-19 14:33:06 /plugins/icheck-bootstrap/icheck-bootstrap.min.css ........................................ ~ 0s
  2026-05-19 14:33:06 /plugins/jqvmap/jqvmap.min.css ............................................................ ~ 0s
  2026-05-19 14:33:06 /plugins/overlayScrollbars/css/OverlayScrollbars.min.css .................................. ~ 0s
  2026-05-19 14:33:06 /plugins/daterangepicker/daterangepicker.css .............................................. ~ 0s
  2026-05-19 14:33:06 /plugins/summernote/summernote-bs4.min.css ................................................ ~ 0s
  2026-05-19 14:33:06 /plugins/select2/css/select2.min.css ...................................................... ~ 0s
  2026-05-19 14:33:06 /plugins/select2-bootstrap4-theme/select2-bootstrap4.min.css .............................. ~ 0s
  2026-05-19 14:33:06 /plugins/dropzone/min/dropzone.min.css .................................................... ~ 0s
  2026-05-19 14:33:06 ........................................................................................... ~ 0s
  2026-05-19 14:33:06 ........................................................................................... ~ 0s
  2026-05-19 14:33:06 ........................................................................................... ~ 0s
  2026-05-19 14:33:06 /assets/css/datatable/datatable.css ....................................................... ~ 0s
  2026-05-19 14:33:06 /assets/css/datatable/buttons.dataTables.min.css .......................................... ~ 0s
  2026-05-19 14:33:06 /css/custom-style.css ..................................................................... ~ 0s
  2026-05-19 14:33:06 /assets/images/logo/1725962670_66e019ae94ca7_default.png .................................. ~ 0s
  2026-05-19 14:33:06 /plugins/jquery/jquery.min.js ............................................................. ~ 0s
  2026-05-19 14:33:06 /dist/css/adminlte.min.css ................................................................ ~ 0s
  2026-05-19 14:33:06 /plugins/jquery-ui/jquery-ui.min.js ....................................................... ~ 0s
  2026-05-19 14:33:06 /plugins/bootstrap/js/bootstrap.bundle.min.js ............................................. ~ 0s
  2026-05-19 14:33:06 /plugins/chart.js/Chart.min.js ............................................................ ~ 0s
  2026-05-19 14:33:06 /plugins/sparklines/sparkline.js .......................................................... ~ 0s
  2026-05-19 14:33:06 /plugins/jqvmap/jquery.vmap.min.js ........................................................ ~ 0s
  2026-05-19 14:33:06 /plugins/jqvmap/maps/jquery.vmap.usa.js ................................................... ~ 0s
  2026-05-19 14:33:06 /plugins/jquery-knob/jquery.knob.min.js ................................................... ~ 0s
  2026-05-19 14:33:06 /plugins/moment/moment.min.js ............................................................. ~ 0s
  2026-05-19 14:33:06 /plugins/daterangepicker/daterangepicker.js ............................................... ~ 0s
  2026-05-19 14:33:06 /plugins/tempusdominus-bootstrap-4/js/tempusdominus-bootstrap-4.min.js .................... ~ 0s
  2026-05-19 14:33:06 /plugins/summernote/summernote-bs4.min.js ................................................. ~ 0s
  2026-05-19 14:33:06 /plugins/overlayScrollbars/js/jquery.overlayScrollbars.min.js ............................. ~ 0s
  2026-05-19 14:33:06 /dist/js/adminlte.js ...................................................................... ~ 0s
  2026-05-19 14:33:06 /plugins/select2/js/select2.full.min.js ................................................... ~ 0s
  2026-05-19 14:33:06 /js/custom-script.js ...................................................................... ~ 0s
  2026-05-19 14:33:06 /plugins/fontawesome-free/webfonts/fa-solid-900.woff2 ..................................... ~ 0s
  2026-05-19 14:33:06 /plugins/fontawesome-free/webfonts/fa-regular-400.woff2 ................................... ~ 0s
  2026-05-19 14:33:06 /plugins/dropzone/min/dropzone.min.js ..................................................... ~ 0s
  2026-05-19 14:33:06 /assets/js/datatable/jquery.dataTables.min.js ............................................. ~ 0s
  2026-05-19 14:33:06 /assets/js/datatable/dataTables.buttons.min.js ............................................ ~ 0s
  2026-05-19 14:33:06 /assets/js/datatable/datatable.js ......................................................... ~ 0s
  2026-05-19 14:33:06 /plugins/bootstrap/js/bootstrap.bundle.min.js.map ......................................... ~ 0s
  2026-05-19 14:33:06 /dist/css/adminlte.min.css.map ............................................................ ~ 0s
  2026-05-19 14:33:06 /plugins/moment/moment.min.js.map ......................................................... ~ 0s
  2026-05-19 14:33:06 /dist/js/adminlte.js.map .................................................................. ~ 0s
  2026-05-19 14:33:06 ........................................................................................... ~ 0s
  2026-05-19 14:33:06 /assets/images/logo/1689667124_64b64634a7230_logo-icon.png ................................ ~ 0s
  2026-05-19 14:33:09 ........................................................................................... ~ 0s
  2026-05-19 14:33:09 ........................................................................................... ~ 0s
  2026-05-19 14:33:09 ........................................................................................... ~ 0s
  2026-05-19 14:33:09 ........................................................................................... ~ 0s
  2026-05-19 14:33:09 /assets/css/back-top/backToTop.css ........................................................ ~ 0s
  2026-05-19 14:33:09 /assets/css/bootstrap/bootstrap.min.css ................................................... ~ 0s
  2026-05-19 14:33:09 /assets/css/style.min.css ................................................................. ~ 0s
  2026-05-19 14:33:09 /assets/images/logo/1725962670_66e019ae94ca7_default.png .................................. ~ 0s
  2026-05-19 14:33:09 /assets/images/authentication/register.svg ................................................ ~ 0s
  2026-05-19 14:33:09 /assets/js/bootstrap/bootstrap.bundle.min.js .............................................. ~ 0s
  2026-05-19 14:33:09 /assets/js/tooltip/tooltip.js ............................................................. ~ 0s
  2026-05-19 14:33:09 /assets/js/back-top/backToTop.js .......................................................... ~ 0s
  2026-05-19 14:33:09 /assets/js/back-top/backtop.js ............................................................ ~ 0s
  2026-05-19 14:33:09 /assets/css/style.min.css.map ............................................................. ~ 0s
  2026-05-19 14:33:09 /assets/js/copyright/copyright.js ......................................................... ~ 0s
  2026-05-19 14:33:09 /assets/js/validation/validation.js ....................................................... ~ 0s
  2026-05-19 14:33:09 /assets/css/bootstrap/bootstrap.min.css.map ............................................... ~ 0s
  2026-05-19 14:33:09 /assets/js/bootstrap/bootstrap.bundle.min.js.map .......................................... ~ 1s
  2026-05-19 14:33:10 /assets/cursor/chevron-up-solid.svg ....................................................... ~ 0s
  2026-05-19 14:33:10 /assets/images/logo/1725962670_66e019ae94ca7_default.png .................................. ~ 0s
  2026-05-19 14:33:23 ........................................................................................... ~ 0s
  2026-05-19 14:33:23 ........................................................................................... ~ 0s
  2026-05-19 14:33:23 ........................................................................................... ~ 0s
  2026-05-19 14:33:23 /plugins/fontawesome-free/css/all.min.css ................................................. ~ 0s
  2026-05-19 14:33:23 /plugins/tempusdominus-bootstrap-4/css/tempusdominus-bootstrap-4.min.css .................. ~ 0s
  2026-05-19 14:33:23 /plugins/icheck-bootstrap/icheck-bootstrap.min.css ........................................ ~ 0s
  2026-05-19 14:33:23 /plugins/jqvmap/jqvmap.min.css ............................................................ ~ 0s
  2026-05-19 14:33:23 /plugins/overlayScrollbars/css/OverlayScrollbars.min.css .................................. ~ 0s
  2026-05-19 14:33:23 /plugins/daterangepicker/daterangepicker.css .............................................. ~ 0s
  2026-05-19 14:33:23 /plugins/summernote/summernote-bs4.min.css ................................................ ~ 0s
  2026-05-19 14:33:23 /plugins/select2/css/select2.min.css ...................................................... ~ 0s
  2026-05-19 14:33:23 /plugins/select2-bootstrap4-theme/select2-bootstrap4.min.css .............................. ~ 0s
  2026-05-19 14:33:23 /plugins/dropzone/min/dropzone.min.css .................................................... ~ 0s
  2026-05-19 14:33:23 /assets/css/datatable/datatable.css ....................................................... ~ 0s
  2026-05-19 14:33:23 /assets/css/datatable/buttons.dataTables.min.css .......................................... ~ 0s
  2026-05-19 14:33:23 /dist/css/adminlte.min.css ................................................................ ~ 0s
  2026-05-19 14:33:23 /css/custom-style.css ..................................................................... ~ 0s
  2026-05-19 14:33:23 /assets/images/logo/1725962670_66e019ae94ca7_default.png .................................. ~ 0s
  2026-05-19 14:33:23 /plugins/jquery/jquery.min.js ............................................................. ~ 0s
  2026-05-19 14:33:23 /plugins/jquery-ui/jquery-ui.min.js ....................................................... ~ 0s
  2026-05-19 14:33:23 /plugins/bootstrap/js/bootstrap.bundle.min.js ............................................. ~ 0s
  2026-05-19 14:33:23 /plugins/chart.js/Chart.min.js ............................................................ ~ 0s
  2026-05-19 14:33:23 /plugins/sparklines/sparkline.js .......................................................... ~ 0s
  2026-05-19 14:33:23 /plugins/jqvmap/jquery.vmap.min.js ........................................................ ~ 0s
  2026-05-19 14:33:23 /plugins/jqvmap/maps/jquery.vmap.usa.js ................................................... ~ 0s
  2026-05-19 14:33:23 /plugins/jquery-knob/jquery.knob.min.js ................................................... ~ 0s
  2026-05-19 14:33:23 /plugins/moment/moment.min.js ............................................................. ~ 0s
  2026-05-19 14:33:23 /plugins/daterangepicker/daterangepicker.js ............................................... ~ 0s
  2026-05-19 14:33:23 /plugins/tempusdominus-bootstrap-4/js/tempusdominus-bootstrap-4.min.js .................... ~ 0s
  2026-05-19 14:33:23 /plugins/summernote/summernote-bs4.min.js ................................................. ~ 0s
  2026-05-19 14:33:23 /plugins/overlayScrollbars/js/jquery.overlayScrollbars.min.js ............................. ~ 0s
  2026-05-19 14:33:23 /dist/js/adminlte.js ...................................................................... ~ 0s
  2026-05-19 14:33:23 /plugins/select2/js/select2.full.min.js ................................................... ~ 0s
  2026-05-19 14:33:23 /js/custom-script.js ...................................................................... ~ 0s
  2026-05-19 14:33:23 /plugins/dropzone/min/dropzone.min.js ..................................................... ~ 0s
  2026-05-19 14:33:23 /assets/js/datatable/jquery.dataTables.min.js ............................................. ~ 0s
  2026-05-19 14:33:23 /assets/js/datatable/dataTables.buttons.min.js ............................................ ~ 0s
  2026-05-19 14:33:23 /assets/js/datatable/datatable.js ......................................................... ~ 0s
  2026-05-19 14:33:23 /plugins/fontawesome-free/webfonts/fa-solid-900.woff2 ..................................... ~ 0s
  2026-05-19 14:33:23 /plugins/fontawesome-free/webfonts/fa-regular-400.woff2 ................................... ~ 0s
  2026-05-19 14:33:23 /plugins/bootstrap/js/bootstrap.bundle.min.js.map ......................................... ~ 0s
  2026-05-19 14:33:23 /plugins/moment/moment.min.js.map ......................................................... ~ 0s
  2026-05-19 14:33:23 /dist/js/adminlte.js.map .................................................................. ~ 0s
  2026-05-19 14:33:23 ........................................................................................... ~ 1s
  2026-05-19 14:33:23 /dist/css/adminlte.min.css.map ............................................................ ~ 1s
  2026-05-19 14:34:32 ........................................................................................... ~ 0s
  2026-05-19 14:34:32 ........................................................................................... ~ 0s
  2026-05-19 14:34:32 /plugins/fontawesome-free/css/all.min.css ................................................. ~ 0s
  2026-05-19 14:34:32 /plugins/tempusdominus-bootstrap-4/css/tempusdominus-bootstrap-4.min.css .................. ~ 0s
  2026-05-19 14:34:32 /plugins/icheck-bootstrap/icheck-bootstrap.min.css ........................................ ~ 0s
  2026-05-19 14:34:32 /plugins/jqvmap/jqvmap.min.css ............................................................ ~ 0s
  2026-05-19 14:34:32 /plugins/overlayScrollbars/css/OverlayScrollbars.min.css .................................. ~ 0s
  2026-05-19 14:34:32 /plugins/daterangepicker/daterangepicker.css .............................................. ~ 0s
  2026-05-19 14:34:32 /plugins/summernote/summernote-bs4.min.css ................................................ ~ 0s
  2026-05-19 14:34:32 /plugins/select2/css/select2.min.css ...................................................... ~ 0s
  2026-05-19 14:34:32 /plugins/select2-bootstrap4-theme/select2-bootstrap4.min.css .............................. ~ 0s
  2026-05-19 14:34:32 /plugins/dropzone/min/dropzone.min.css .................................................... ~ 0s
  2026-05-19 14:34:32 /assets/css/datatable/datatable.css ....................................................... ~ 0s
  2026-05-19 14:34:32 /assets/css/datatable/buttons.dataTables.min.css .......................................... ~ 0s
  2026-05-19 14:34:32 /dist/css/adminlte.min.css ................................................................ ~ 0s
  2026-05-19 14:34:32 /css/custom-style.css ..................................................................... ~ 0s
  2026-05-19 14:34:32 /assets/images/logo/1725962670_66e019ae94ca7_default.png .................................. ~ 0s
  2026-05-19 14:34:32 /plugins/jquery/jquery.min.js ............................................................. ~ 0s
  2026-05-19 14:34:32 /plugins/jquery-ui/jquery-ui.min.js ....................................................... ~ 0s
  2026-05-19 14:34:32 /plugins/bootstrap/js/bootstrap.bundle.min.js ............................................. ~ 0s
  2026-05-19 14:34:32 /plugins/chart.js/Chart.min.js ............................................................ ~ 0s
  2026-05-19 14:34:32 /plugins/sparklines/sparkline.js .......................................................... ~ 0s
  2026-05-19 14:34:32 /plugins/jqvmap/jquery.vmap.min.js ........................................................ ~ 0s
  2026-05-19 14:34:32 /plugins/jqvmap/maps/jquery.vmap.usa.js ................................................... ~ 0s
  2026-05-19 14:34:32 /plugins/jquery-knob/jquery.knob.min.js ................................................... ~ 0s
  2026-05-19 14:34:32 /plugins/moment/moment.min.js ............................................................. ~ 0s
  2026-05-19 14:34:32 /plugins/daterangepicker/daterangepicker.js ............................................... ~ 0s
  2026-05-19 14:34:32 /plugins/tempusdominus-bootstrap-4/js/tempusdominus-bootstrap-4.min.js .................... ~ 0s
  2026-05-19 14:34:32 /plugins/summernote/summernote-bs4.min.js ................................................. ~ 0s
  2026-05-19 14:34:32 /plugins/overlayScrollbars/js/jquery.overlayScrollbars.min.js ............................. ~ 0s
  2026-05-19 14:34:32 /dist/js/adminlte.js ...................................................................... ~ 0s
  2026-05-19 14:34:32 /plugins/select2/js/select2.full.min.js ................................................... ~ 0s
  2026-05-19 14:34:32 /js/custom-script.js ...................................................................... ~ 0s
  2026-05-19 14:34:32 /plugins/dropzone/min/dropzone.min.js ..................................................... ~ 0s
  2026-05-19 14:34:32 /assets/js/datatable/jquery.dataTables.min.js ............................................. ~ 0s
  2026-05-19 14:34:32 /assets/js/datatable/dataTables.buttons.min.js ............................................ ~ 0s
  2026-05-19 14:34:32 /assets/js/datatable/datatable.js ......................................................... ~ 0s
  2026-05-19 14:34:32 /plugins/fontawesome-free/webfonts/fa-solid-900.woff2 ..................................... ~ 0s
  2026-05-19 14:34:32 /plugins/bootstrap/js/bootstrap.bundle.min.js.map ......................................... ~ 0s
  2026-05-19 14:34:32 /plugins/moment/moment.min.js.map ......................................................... ~ 0s
  2026-05-19 14:34:32 ........................................................................................... ~ 1s
  2026-05-19 14:34:32 /dist/css/adminlte.min.css.map ............................................................ ~ 1s
  2026-05-19 14:34:33 /dist/js/adminlte.js.map .................................................................. ~ 0s
  2026-05-19 14:34:33 ........................................................................................... ~ 0s
  2026-05-19 14:34:33 ........................................................................................... ~ 0s
  2026-05-19 14:34:33 ........................................................................................... ~ 0s
  2026-05-19 14:34:33 ........................................................................................... ~ 0s
  2026-05-19 14:34:33 ........................................................................................... ~ 0s
  2026-05-19 14:34:33 ........................................................................................... ~ 1s
  2026-05-19 14:34:33 ........................................................................................... ~ 1s
  2026-05-19 14:34:34 ........................................................................................... ~ 0s
  2026-05-19 14:34:34 ........................................................................................... ~ 0s
  2026-05-19 14:34:34 /assets/images/no-image.png ............................................................... ~ 0s
  2026-05-19 14:34:38 ........................................................................................... ~ 0s
  2026-05-19 14:34:38 ........................................................................................... ~ 0s
  2026-05-19 14:34:38 /plugins/fontawesome-free/css/all.min.css ................................................. ~ 0s
  2026-05-19 14:34:38 /plugins/tempusdominus-bootstrap-4/css/tempusdominus-bootstrap-4.min.css .................. ~ 0s
  2026-05-19 14:34:38 /plugins/icheck-bootstrap/icheck-bootstrap.min.css ........................................ ~ 0s
  2026-05-19 14:34:38 /plugins/jqvmap/jqvmap.min.css ............................................................ ~ 0s
  2026-05-19 14:34:38 /plugins/overlayScrollbars/css/OverlayScrollbars.min.css .................................. ~ 0s
  2026-05-19 14:34:38 /plugins/daterangepicker/daterangepicker.css .............................................. ~ 0s
  2026-05-19 14:34:38 /plugins/summernote/summernote-bs4.min.css ................................................ ~ 0s
  2026-05-19 14:34:38 /plugins/select2/css/select2.min.css ...................................................... ~ 0s
  2026-05-19 14:34:38 /plugins/select2-bootstrap4-theme/select2-bootstrap4.min.css .............................. ~ 0s
  2026-05-19 14:34:38 /plugins/dropzone/min/dropzone.min.css .................................................... ~ 0s
  2026-05-19 14:34:38 /assets/css/datatable/datatable.css ....................................................... ~ 0s
  2026-05-19 14:34:38 /assets/css/datatable/buttons.dataTables.min.css .......................................... ~ 0s
  2026-05-19 14:34:38 /dist/css/adminlte.min.css ................................................................ ~ 0s
  2026-05-19 14:34:38 /css/custom-style.css ..................................................................... ~ 0s
  2026-05-19 14:34:38 /assets/images/logo/1725962670_66e019ae94ca7_default.png .................................. ~ 0s
  2026-05-19 14:34:38 /plugins/jquery/jquery.min.js ............................................................. ~ 0s
  2026-05-19 14:34:38 /plugins/jquery-ui/jquery-ui.min.js ....................................................... ~ 0s
  2026-05-19 14:34:38 /plugins/bootstrap/js/bootstrap.bundle.min.js ............................................. ~ 0s
  2026-05-19 14:34:38 /plugins/chart.js/Chart.min.js ............................................................ ~ 0s
  2026-05-19 14:34:38 /plugins/sparklines/sparkline.js .......................................................... ~ 0s
  2026-05-19 14:34:38 /plugins/jqvmap/jquery.vmap.min.js ........................................................ ~ 0s
  2026-05-19 14:34:38 /plugins/jqvmap/maps/jquery.vmap.usa.js ................................................... ~ 0s
  2026-05-19 14:34:38 /plugins/jquery-knob/jquery.knob.min.js ................................................... ~ 0s
  2026-05-19 14:34:38 /plugins/moment/moment.min.js ............................................................. ~ 0s
  2026-05-19 14:34:38 /plugins/daterangepicker/daterangepicker.js ............................................... ~ 0s
  2026-05-19 14:34:38 /plugins/tempusdominus-bootstrap-4/js/tempusdominus-bootstrap-4.min.js .................... ~ 0s
  2026-05-19 14:34:38 /plugins/summernote/summernote-bs4.min.js ................................................. ~ 0s
  2026-05-19 14:34:38 /plugins/overlayScrollbars/js/jquery.overlayScrollbars.min.js ............................. ~ 0s
  2026-05-19 14:34:38 /dist/js/adminlte.js ...................................................................... ~ 0s
  2026-05-19 14:34:38 /plugins/select2/js/select2.full.min.js ................................................... ~ 0s
  2026-05-19 14:34:38 /js/custom-script.js ...................................................................... ~ 0s
  2026-05-19 14:34:38 /plugins/dropzone/min/dropzone.min.js ..................................................... ~ 0s
  2026-05-19 14:34:38 /assets/js/datatable/jquery.dataTables.min.js ............................................. ~ 0s
  2026-05-19 14:34:38 /assets/js/datatable/dataTables.buttons.min.js ............................................ ~ 0s
  2026-05-19 14:34:38 /assets/js/datatable/datatable.js ......................................................... ~ 0s
  2026-05-19 14:34:38 /plugins/fontawesome-free/webfonts/fa-solid-900.woff2 ..................................... ~ 0s
  2026-05-19 14:34:38 /plugins/fontawesome-free/webfonts/fa-regular-400.woff2 ................................... ~ 0s
  2026-05-19 14:34:38 /plugins/bootstrap/js/bootstrap.bundle.min.js.map ......................................... ~ 0s
  2026-05-19 14:34:38 /plugins/moment/moment.min.js.map ......................................................... ~ 0s
  2026-05-19 14:34:38 /dist/js/adminlte.js.map .................................................................. ~ 0s
  2026-05-19 14:34:38 ........................................................................................... ~ 0s
  2026-05-19 14:34:38 /dist/css/adminlte.min.css.map ............................................................ ~ 0s
  2026-05-19 14:34:40 ........................................................................................... ~ 0s
  2026-05-19 14:34:40 ........................................................................................... ~ 0s
  2026-05-19 14:34:40 /plugins/fontawesome-free/css/all.min.css ................................................. ~ 0s
  2026-05-19 14:34:40 /plugins/tempusdominus-bootstrap-4/css/tempusdominus-bootstrap-4.min.css .................. ~ 0s
  2026-05-19 14:34:40 /plugins/icheck-bootstrap/icheck-bootstrap.min.css ........................................ ~ 0s
  2026-05-19 14:34:40 /plugins/jqvmap/jqvmap.min.css ............................................................ ~ 0s
  2026-05-19 14:34:40 /plugins/overlayScrollbars/css/OverlayScrollbars.min.css .................................. ~ 0s
  2026-05-19 14:34:40 /plugins/daterangepicker/daterangepicker.css .............................................. ~ 0s
  2026-05-19 14:34:40 /plugins/summernote/summernote-bs4.min.css ................................................ ~ 0s
  2026-05-19 14:34:40 /plugins/select2/css/select2.min.css ...................................................... ~ 0s
  2026-05-19 14:34:40 /plugins/select2-bootstrap4-theme/select2-bootstrap4.min.css .............................. ~ 0s
  2026-05-19 14:34:40 /plugins/dropzone/min/dropzone.min.css .................................................... ~ 0s
  2026-05-19 14:34:40 /assets/css/datatable/datatable.css ....................................................... ~ 0s
  2026-05-19 14:34:40 /assets/css/datatable/buttons.dataTables.min.css .......................................... ~ 0s
  2026-05-19 14:34:40 /css/custom-style.css ..................................................................... ~ 0s
  2026-05-19 14:34:40 /dist/css/adminlte.min.css ................................................................ ~ 0s
  2026-05-19 14:34:40 /assets/images/logo/1725962670_66e019ae94ca7_default.png .................................. ~ 0s
  2026-05-19 14:34:40 /plugins/jquery/jquery.min.js ............................................................. ~ 0s
  2026-05-19 14:34:40 /plugins/jquery-ui/jquery-ui.min.js ....................................................... ~ 0s
  2026-05-19 14:34:40 /plugins/bootstrap/js/bootstrap.bundle.min.js ............................................. ~ 0s
  2026-05-19 14:34:40 /plugins/chart.js/Chart.min.js ............................................................ ~ 0s
  2026-05-19 14:34:40 /plugins/sparklines/sparkline.js .......................................................... ~ 0s
  2026-05-19 14:34:40 /plugins/jqvmap/jquery.vmap.min.js ........................................................ ~ 0s
  2026-05-19 14:34:40 /plugins/jqvmap/maps/jquery.vmap.usa.js ................................................... ~ 0s
  2026-05-19 14:34:40 /plugins/jquery-knob/jquery.knob.min.js ................................................... ~ 0s
  2026-05-19 14:34:40 /plugins/moment/moment.min.js ............................................................. ~ 0s
  2026-05-19 14:34:40 /plugins/daterangepicker/daterangepicker.js ............................................... ~ 0s
  2026-05-19 14:34:40 /plugins/tempusdominus-bootstrap-4/js/tempusdominus-bootstrap-4.min.js .................... ~ 0s
  2026-05-19 14:34:40 /plugins/summernote/summernote-bs4.min.js ................................................. ~ 0s
  2026-05-19 14:34:40 /plugins/overlayScrollbars/js/jquery.overlayScrollbars.min.js ............................. ~ 0s
  2026-05-19 14:34:40 /dist/js/adminlte.js ...................................................................... ~ 0s
  2026-05-19 14:34:40 /plugins/select2/js/select2.full.min.js ................................................... ~ 0s
  2026-05-19 14:34:40 /plugins/bootstrap/js/bootstrap.bundle.min.js.map ......................................... ~ 0s
  2026-05-19 14:34:40 /js/custom-script.js ...................................................................... ~ 0s
  2026-05-19 14:34:40 /plugins/dropzone/min/dropzone.min.js ..................................................... ~ 0s
  2026-05-19 14:34:40 /plugins/fontawesome-free/webfonts/fa-solid-900.woff2 ..................................... ~ 0s
  2026-05-19 14:34:40 /plugins/fontawesome-free/webfonts/fa-regular-400.woff2 ................................... ~ 0s
  2026-05-19 14:34:40 /assets/js/datatable/jquery.dataTables.min.js ............................................. ~ 0s
  2026-05-19 14:34:40 /assets/js/datatable/datatable.js ......................................................... ~ 0s
  2026-05-19 14:34:40 /assets/js/datatable/dataTables.buttons.min.js ............................................ ~ 0s
  2026-05-19 14:34:40 /dist/css/adminlte.min.css.map ............................................................ ~ 0s
  2026-05-19 14:34:40 /plugins/moment/moment.min.js.map ......................................................... ~ 0s
  2026-05-19 14:34:40 /dist/js/adminlte.js.map .................................................................. ~ 0s
  2026-05-19 14:34:40 ........................................................................................... ~ 0s
  2026-05-19 14:34:41 ........................................................................................... ~ 0s
  2026-05-19 14:34:41 ........................................................................................... ~ 1s
  2026-05-19 14:34:42 /plugins/fontawesome-free/css/all.min.css ................................................. ~ 0s
  2026-05-19 14:34:42 /plugins/tempusdominus-bootstrap-4/css/tempusdominus-bootstrap-4.min.css .................. ~ 0s
  2026-05-19 14:34:42 /plugins/icheck-bootstrap/icheck-bootstrap.min.css ........................................ ~ 0s
  2026-05-19 14:34:42 /plugins/jqvmap/jqvmap.min.css ............................................................ ~ 0s
  2026-05-19 14:34:42 /plugins/overlayScrollbars/css/OverlayScrollbars.min.css .................................. ~ 0s
  2026-05-19 14:34:42 /plugins/daterangepicker/daterangepicker.css .............................................. ~ 0s
  2026-05-19 14:34:42 /plugins/summernote/summernote-bs4.min.css ................................................ ~ 0s
  2026-05-19 14:34:42 /plugins/select2/css/select2.min.css ...................................................... ~ 0s
  2026-05-19 14:34:42 /plugins/select2-bootstrap4-theme/select2-bootstrap4.min.css .............................. ~ 0s
  2026-05-19 14:34:42 /plugins/dropzone/min/dropzone.min.css .................................................... ~ 0s
  2026-05-19 14:34:42 /assets/css/datatable/datatable.css ....................................................... ~ 0s
  2026-05-19 14:34:42 /dist/css/adminlte.min.css ................................................................ ~ 0s
  2026-05-19 14:34:42 /assets/css/datatable/buttons.dataTables.min.css .......................................... ~ 0s
  2026-05-19 14:34:42 /css/custom-style.css ..................................................................... ~ 0s
  2026-05-19 14:34:42 /assets/images/logo/1725962670_66e019ae94ca7_default.png .................................. ~ 0s
  2026-05-19 14:34:42 /plugins/jquery/jquery.min.js ............................................................. ~ 0s
  2026-05-19 14:34:42 /plugins/jquery-ui/jquery-ui.min.js ....................................................... ~ 0s
  2026-05-19 14:34:42 /plugins/bootstrap/js/bootstrap.bundle.min.js ............................................. ~ 0s
  2026-05-19 14:34:42 /plugins/chart.js/Chart.min.js ............................................................ ~ 0s
  2026-05-19 14:34:42 /plugins/sparklines/sparkline.js .......................................................... ~ 0s
  2026-05-19 14:34:42 /plugins/jqvmap/jquery.vmap.min.js ........................................................ ~ 0s
  2026-05-19 14:34:42 /plugins/jqvmap/maps/jquery.vmap.usa.js ................................................... ~ 0s
  2026-05-19 14:34:42 /plugins/jquery-knob/jquery.knob.min.js ................................................... ~ 0s
  2026-05-19 14:34:42 /plugins/moment/moment.min.js ............................................................. ~ 0s
  2026-05-19 14:34:42 /plugins/daterangepicker/daterangepicker.js ............................................... ~ 0s
  2026-05-19 14:34:42 /plugins/tempusdominus-bootstrap-4/js/tempusdominus-bootstrap-4.min.js .................... ~ 0s
  2026-05-19 14:34:42 /plugins/overlayScrollbars/js/jquery.overlayScrollbars.min.js ............................. ~ 0s
  2026-05-19 14:34:42 /plugins/summernote/summernote-bs4.min.js ................................................. ~ 0s
  2026-05-19 14:34:42 /dist/js/adminlte.js ...................................................................... ~ 0s
  2026-05-19 14:34:42 /plugins/select2/js/select2.full.min.js ................................................... ~ 0s
  2026-05-19 14:34:42 /js/custom-script.js ...................................................................... ~ 0s
  2026-05-19 14:34:42 /plugins/bootstrap/js/bootstrap.bundle.min.js.map ......................................... ~ 0s
  2026-05-19 14:34:42 /plugins/fontawesome-free/webfonts/fa-solid-900.woff2 ..................................... ~ 0s
  2026-05-19 14:34:42 /plugins/dropzone/min/dropzone.min.js ..................................................... ~ 0s
  2026-05-19 14:34:42 /assets/js/datatable/jquery.dataTables.min.js ............................................. ~ 0s
  2026-05-19 14:34:42 /assets/js/datatable/datatable.js ......................................................... ~ 0s
  2026-05-19 14:34:42 /assets/js/datatable/dataTables.buttons.min.js ............................................ ~ 0s
  2026-05-19 14:34:42 /dist/css/adminlte.min.css.map ............................................................ ~ 0s
  2026-05-19 14:34:42 /plugins/moment/moment.min.js.map ......................................................... ~ 0s
  2026-05-19 14:34:42 /dist/js/adminlte.js.map .................................................................. ~ 0s
  2026-05-19 14:34:42 ........................................................................................... ~ 0s
  2026-05-19 14:34:42 ........................................................................................... ~ 0s
  2026-05-19 14:34:42 ........................................................................................... ~ 0s
  2026-05-19 14:34:49 ........................................................................................... ~ 0s
  2026-05-19 14:34:49 ........................................................................................... ~ 0s
  2026-05-19 14:34:49 /plugins/fontawesome-free/css/all.min.css ................................................. ~ 0s
  2026-05-19 14:34:49 /plugins/tempusdominus-bootstrap-4/css/tempusdominus-bootstrap-4.min.css .................. ~ 0s
  2026-05-19 14:34:49 /plugins/icheck-bootstrap/icheck-bootstrap.min.css ........................................ ~ 0s
  2026-05-19 14:34:49 /plugins/jqvmap/jqvmap.min.css ............................................................ ~ 0s
  2026-05-19 14:34:49 /plugins/overlayScrollbars/css/OverlayScrollbars.min.css .................................. ~ 0s
  2026-05-19 14:34:49 /plugins/daterangepicker/daterangepicker.css .............................................. ~ 0s
  2026-05-19 14:34:49 /plugins/summernote/summernote-bs4.min.css ................................................ ~ 0s
  2026-05-19 14:34:49 /plugins/select2/css/select2.min.css ...................................................... ~ 0s
  2026-05-19 14:34:49 /plugins/select2-bootstrap4-theme/select2-bootstrap4.min.css .............................. ~ 0s
  2026-05-19 14:34:49 /plugins/dropzone/min/dropzone.min.css .................................................... ~ 0s
  2026-05-19 14:34:49 /assets/css/datatable/datatable.css ....................................................... ~ 0s
  2026-05-19 14:34:49 /assets/css/datatable/buttons.dataTables.min.css .......................................... ~ 0s
  2026-05-19 14:34:49 /css/custom-style.css ..................................................................... ~ 0s
  2026-05-19 14:34:49 /dist/css/adminlte.min.css ................................................................ ~ 0s
  2026-05-19 14:34:49 /assets/images/logo/1725962670_66e019ae94ca7_default.png .................................. ~ 0s
  2026-05-19 14:34:49 /plugins/jquery/jquery.min.js ............................................................. ~ 0s
  2026-05-19 14:34:49 /plugins/jquery-ui/jquery-ui.min.js ....................................................... ~ 0s
  2026-05-19 14:34:49 /plugins/bootstrap/js/bootstrap.bundle.min.js ............................................. ~ 0s
  2026-05-19 14:34:49 /plugins/chart.js/Chart.min.js ............................................................ ~ 0s
  2026-05-19 14:34:49 /plugins/sparklines/sparkline.js .......................................................... ~ 0s
  2026-05-19 14:34:49 /plugins/jqvmap/jquery.vmap.min.js ........................................................ ~ 0s
  2026-05-19 14:34:49 /plugins/jqvmap/maps/jquery.vmap.usa.js ................................................... ~ 0s
  2026-05-19 14:34:49 /plugins/jquery-knob/jquery.knob.min.js ................................................... ~ 0s
  2026-05-19 14:34:49 /plugins/moment/moment.min.js ............................................................. ~ 0s
  2026-05-19 14:34:49 /plugins/daterangepicker/daterangepicker.js ............................................... ~ 0s
  2026-05-19 14:34:49 /plugins/tempusdominus-bootstrap-4/js/tempusdominus-bootstrap-4.min.js .................... ~ 0s
  2026-05-19 14:34:49 /plugins/summernote/summernote-bs4.min.js ................................................. ~ 0s
  2026-05-19 14:34:49 /plugins/overlayScrollbars/js/jquery.overlayScrollbars.min.js ............................. ~ 0s
  2026-05-19 14:34:49 /dist/js/adminlte.js ...................................................................... ~ 0s
  2026-05-19 14:34:49 /plugins/select2/js/select2.full.min.js ................................................... ~ 0s
  2026-05-19 14:34:49 /js/custom-script.js ...................................................................... ~ 0s
  2026-05-19 14:34:49 /plugins/dropzone/min/dropzone.min.js ..................................................... ~ 0s
  2026-05-19 14:34:49 /assets/js/datatable/jquery.dataTables.min.js ............................................. ~ 0s
  2026-05-19 14:34:49 /assets/js/datatable/dataTables.buttons.min.js ............................................ ~ 0s
  2026-05-19 14:34:49 /plugins/fontawesome-free/webfonts/fa-solid-900.woff2 ..................................... ~ 0s
  2026-05-19 14:34:49 /assets/js/datatable/datatable.js ......................................................... ~ 0s
  2026-05-19 14:34:49 /plugins/bootstrap/js/bootstrap.bundle.min.js.map ......................................... ~ 0s
  2026-05-19 14:34:49 /dist/css/adminlte.min.css.map ............................................................ ~ 0s
  2026-05-19 14:34:49 /plugins/moment/moment.min.js.map ......................................................... ~ 0s
  2026-05-19 14:34:49 /dist/js/adminlte.js.map .................................................................. ~ 0s
  2026-05-19 14:34:49 ........................................................................................... ~ 0s
  2026-05-19 14:34:49 ........................................................................................... ~ 0s
  2026-05-19 14:34:49 ........................................................................................... ~ 1s
  2026-05-19 14:34:53 ........................................................................................... ~ 0s
  2026-05-19 14:34:53 ........................................................................................... ~ 0s
  2026-05-19 14:34:53 /plugins/fontawesome-free/css/all.min.css ................................................. ~ 0s
  2026-05-19 14:34:53 /plugins/tempusdominus-bootstrap-4/css/tempusdominus-bootstrap-4.min.css .................. ~ 0s
  2026-05-19 14:34:53 /plugins/icheck-bootstrap/icheck-bootstrap.min.css ........................................ ~ 0s
  2026-05-19 14:34:53 /plugins/jqvmap/jqvmap.min.css ............................................................ ~ 0s
  2026-05-19 14:34:53 /plugins/overlayScrollbars/css/OverlayScrollbars.min.css .................................. ~ 0s
  2026-05-19 14:34:53 /plugins/daterangepicker/daterangepicker.css .............................................. ~ 0s
  2026-05-19 14:34:53 /plugins/summernote/summernote-bs4.min.css ................................................ ~ 0s
  2026-05-19 14:34:53 /plugins/select2/css/select2.min.css ...................................................... ~ 0s
  2026-05-19 14:34:53 /plugins/select2-bootstrap4-theme/select2-bootstrap4.min.css .............................. ~ 0s
  2026-05-19 14:34:53 /plugins/dropzone/min/dropzone.min.css .................................................... ~ 0s
  2026-05-19 14:34:53 /assets/css/datatable/datatable.css ....................................................... ~ 0s
  2026-05-19 14:34:53 /assets/css/datatable/buttons.dataTables.min.css .......................................... ~ 0s
  2026-05-19 14:34:53 /dist/css/adminlte.min.css ................................................................ ~ 0s
  2026-05-19 14:34:53 /css/custom-style.css ..................................................................... ~ 0s
  2026-05-19 14:34:53 /assets/images/logo/1725962670_66e019ae94ca7_default.png .................................. ~ 0s
  2026-05-19 14:34:53 /plugins/jquery/jquery.min.js ............................................................. ~ 0s
  2026-05-19 14:34:53 /plugins/jquery-ui/jquery-ui.min.js ....................................................... ~ 0s
  2026-05-19 14:34:53 /plugins/bootstrap/js/bootstrap.bundle.min.js ............................................. ~ 0s
  2026-05-19 14:34:53 /plugins/chart.js/Chart.min.js ............................................................ ~ 0s
  2026-05-19 14:34:53 /plugins/sparklines/sparkline.js .......................................................... ~ 0s
  2026-05-19 14:34:53 /plugins/jqvmap/jquery.vmap.min.js ........................................................ ~ 0s
  2026-05-19 14:34:53 /plugins/jqvmap/maps/jquery.vmap.usa.js ................................................... ~ 0s
  2026-05-19 14:34:53 /plugins/jquery-knob/jquery.knob.min.js ................................................... ~ 0s
  2026-05-19 14:34:53 /plugins/moment/moment.min.js ............................................................. ~ 0s
  2026-05-19 14:34:53 /plugins/daterangepicker/daterangepicker.js ............................................... ~ 0s
  2026-05-19 14:34:53 /plugins/tempusdominus-bootstrap-4/js/tempusdominus-bootstrap-4.min.js .................... ~ 0s
  2026-05-19 14:34:53 /plugins/summernote/summernote-bs4.min.js ................................................. ~ 0s
  2026-05-19 14:34:53 /plugins/overlayScrollbars/js/jquery.overlayScrollbars.min.js ............................. ~ 0s
  2026-05-19 14:34:53 /dist/js/adminlte.js ...................................................................... ~ 0s
  2026-05-19 14:34:53 /plugins/bootstrap/js/bootstrap.bundle.min.js.map ......................................... ~ 0s
  2026-05-19 14:34:53 /plugins/select2/js/select2.full.min.js ................................................... ~ 0s
  2026-05-19 14:34:53 /js/custom-script.js ...................................................................... ~ 0s
  2026-05-19 14:34:53 /plugins/dropzone/min/dropzone.min.js ..................................................... ~ 0s
  2026-05-19 14:34:53 /plugins/fontawesome-free/webfonts/fa-solid-900.woff2 ..................................... ~ 0s
  2026-05-19 14:34:53 /assets/js/datatable/jquery.dataTables.min.js ............................................. ~ 0s
  2026-05-19 14:34:53 /assets/js/datatable/dataTables.buttons.min.js ............................................ ~ 0s
  2026-05-19 14:34:53 /assets/js/datatable/datatable.js ......................................................... ~ 0s
  2026-05-19 14:34:53 /dist/css/adminlte.min.css.map ............................................................ ~ 0s
  2026-05-19 14:34:53 /plugins/moment/moment.min.js.map ......................................................... ~ 0s
  2026-05-19 14:34:53 /dist/js/adminlte.js.map .................................................................. ~ 0s
  2026-05-19 14:34:53 ........................................................................................... ~ 1s
  2026-05-19 14:34:54 ........................................................................................... ~ 0s
  2026-05-19 14:34:54 ........................................................................................... ~ 0s
  2026-05-19 14:34:55 ........................................................................................... ~ 1s
  2026-05-19 14:34:55 ........................................................................................... ~ 1s
  2026-05-19 14:34:56 /plugins/fontawesome-free/css/all.min.css ................................................. ~ 0s
  2026-05-19 14:34:56 /plugins/tempusdominus-bootstrap-4/css/tempusdominus-bootstrap-4.min.css .................. ~ 0s
  2026-05-19 14:34:56 /plugins/icheck-bootstrap/icheck-bootstrap.min.css ........................................ ~ 0s
  2026-05-19 14:34:56 /plugins/jqvmap/jqvmap.min.css ............................................................ ~ 0s
  2026-05-19 14:34:56 /plugins/overlayScrollbars/css/OverlayScrollbars.min.css .................................. ~ 0s
  2026-05-19 14:34:56 /plugins/daterangepicker/daterangepicker.css .............................................. ~ 0s
  2026-05-19 14:34:56 /plugins/summernote/summernote-bs4.min.css ................................................ ~ 0s
  2026-05-19 14:34:56 /plugins/select2/css/select2.min.css ...................................................... ~ 0s
  2026-05-19 14:34:56 /plugins/select2-bootstrap4-theme/select2-bootstrap4.min.css .............................. ~ 0s
  2026-05-19 14:34:56 /plugins/dropzone/min/dropzone.min.css .................................................... ~ 0s
  2026-05-19 14:34:56 /assets/css/datatable/datatable.css ....................................................... ~ 0s
  2026-05-19 14:34:56 /assets/css/datatable/buttons.dataTables.min.css .......................................... ~ 0s
  2026-05-19 14:34:56 /dist/css/adminlte.min.css ................................................................ ~ 0s
  2026-05-19 14:34:56 /css/custom-style.css ..................................................................... ~ 0s
  2026-05-19 14:34:56 /assets/images/logo/1725962670_66e019ae94ca7_default.png .................................. ~ 0s
  2026-05-19 14:34:56 /plugins/jquery/jquery.min.js ............................................................. ~ 0s
  2026-05-19 14:34:56 /plugins/jquery-ui/jquery-ui.min.js ....................................................... ~ 0s
  2026-05-19 14:34:56 /plugins/bootstrap/js/bootstrap.bundle.min.js ............................................. ~ 0s
  2026-05-19 14:34:56 /plugins/chart.js/Chart.min.js ............................................................ ~ 0s
  2026-05-19 14:34:56 /plugins/sparklines/sparkline.js .......................................................... ~ 0s
  2026-05-19 14:34:56 /plugins/jqvmap/jquery.vmap.min.js ........................................................ ~ 0s
  2026-05-19 14:34:56 /plugins/jqvmap/maps/jquery.vmap.usa.js ................................................... ~ 0s
  2026-05-19 14:34:56 /plugins/jquery-knob/jquery.knob.min.js ................................................... ~ 0s
  2026-05-19 14:34:56 /plugins/moment/moment.min.js ............................................................. ~ 0s
  2026-05-19 14:34:56 /plugins/daterangepicker/daterangepicker.js ............................................... ~ 0s
  2026-05-19 14:34:56 /plugins/tempusdominus-bootstrap-4/js/tempusdominus-bootstrap-4.min.js .................... ~ 0s
  2026-05-19 14:34:56 /plugins/summernote/summernote-bs4.min.js ................................................. ~ 0s
  2026-05-19 14:34:56 /plugins/overlayScrollbars/js/jquery.overlayScrollbars.min.js ............................. ~ 0s
  2026-05-19 14:34:56 /dist/js/adminlte.js ...................................................................... ~ 0s
  2026-05-19 14:34:56 /plugins/select2/js/select2.full.min.js ................................................... ~ 0s
  2026-05-19 14:34:56 /js/custom-script.js ...................................................................... ~ 0s
  2026-05-19 14:34:56 /plugins/dropzone/min/dropzone.min.js ..................................................... ~ 0s
  2026-05-19 14:34:56 /plugins/fontawesome-free/webfonts/fa-solid-900.woff2 ..................................... ~ 0s
  2026-05-19 14:34:56 /plugins/bootstrap/js/bootstrap.bundle.min.js.map ......................................... ~ 0s
  2026-05-19 14:34:56 /plugins/fontawesome-free/webfonts/fa-regular-400.woff2 ................................... ~ 0s
  2026-05-19 14:34:56 /assets/js/datatable/jquery.dataTables.min.js ............................................. ~ 0s
  2026-05-19 14:34:56 /assets/js/datatable/dataTables.buttons.min.js ............................................ ~ 0s
  2026-05-19 14:34:56 /dist/css/adminlte.min.css.map ............................................................ ~ 0s
  2026-05-19 14:34:56 /assets/js/datatable/datatable.js ......................................................... ~ 0s
  2026-05-19 14:34:56 /plugins/moment/moment.min.js.map ......................................................... ~ 0s
  2026-05-19 14:34:56 /dist/js/adminlte.js.map .................................................................. ~ 0s
  2026-05-19 14:34:56 ........................................................................................... ~ 0s
  2026-05-19 14:34:57 ........................................................................................... ~ 0s
  2026-05-19 14:34:57 ........................................................................................... ~ 1s
  2026-05-19 14:34:58 /plugins/fontawesome-free/css/all.min.css ................................................. ~ 0s
  2026-05-19 14:34:58 /plugins/tempusdominus-bootstrap-4/css/tempusdominus-bootstrap-4.min.css .................. ~ 0s
  2026-05-19 14:34:58 /plugins/icheck-bootstrap/icheck-bootstrap.min.css ........................................ ~ 0s
  2026-05-19 14:34:58 /plugins/jqvmap/jqvmap.min.css ............................................................ ~ 0s
  2026-05-19 14:34:58 /plugins/overlayScrollbars/css/OverlayScrollbars.min.css .................................. ~ 0s
  2026-05-19 14:34:58 /plugins/daterangepicker/daterangepicker.css .............................................. ~ 0s
  2026-05-19 14:34:58 /plugins/summernote/summernote-bs4.min.css ................................................ ~ 0s
  2026-05-19 14:34:58 /plugins/select2/css/select2.min.css ...................................................... ~ 0s
  2026-05-19 14:34:58 /plugins/select2-bootstrap4-theme/select2-bootstrap4.min.css .............................. ~ 0s
  2026-05-19 14:34:58 /dist/css/adminlte.min.css ................................................................ ~ 0s
  2026-05-19 14:34:58 /plugins/dropzone/min/dropzone.min.css .................................................... ~ 0s
  2026-05-19 14:34:58 /assets/css/datatable/datatable.css ....................................................... ~ 0s
  2026-05-19 14:34:58 /assets/css/datatable/buttons.dataTables.min.css .......................................... ~ 0s
  2026-05-19 14:34:58 /css/custom-style.css ..................................................................... ~ 0s
  2026-05-19 14:34:58 /assets/images/logo/1725962670_66e019ae94ca7_default.png .................................. ~ 0s
  2026-05-19 14:34:58 /plugins/jquery/jquery.min.js ............................................................. ~ 0s
  2026-05-19 14:34:58 /plugins/jquery-ui/jquery-ui.min.js ....................................................... ~ 0s
  2026-05-19 14:34:58 /plugins/bootstrap/js/bootstrap.bundle.min.js ............................................. ~ 0s
  2026-05-19 14:34:58 /plugins/chart.js/Chart.min.js ............................................................ ~ 0s
  2026-05-19 14:34:58 /plugins/sparklines/sparkline.js .......................................................... ~ 0s
  2026-05-19 14:34:58 /plugins/jqvmap/jquery.vmap.min.js ........................................................ ~ 0s
  2026-05-19 14:34:58 /plugins/jqvmap/maps/jquery.vmap.usa.js ................................................... ~ 0s
  2026-05-19 14:34:58 /plugins/jquery-knob/jquery.knob.min.js ................................................... ~ 0s
  2026-05-19 14:34:58 /plugins/moment/moment.min.js ............................................................. ~ 0s
  2026-05-19 14:34:58 /plugins/daterangepicker/daterangepicker.js ............................................... ~ 0s
  2026-05-19 14:34:58 /plugins/tempusdominus-bootstrap-4/js/tempusdominus-bootstrap-4.min.js .................... ~ 0s
  2026-05-19 14:34:58 /plugins/summernote/summernote-bs4.min.js ................................................. ~ 0s
  2026-05-19 14:34:58 /plugins/overlayScrollbars/js/jquery.overlayScrollbars.min.js ............................. ~ 0s
  2026-05-19 14:34:58 /dist/js/adminlte.js ...................................................................... ~ 0s
  2026-05-19 14:34:58 /plugins/bootstrap/js/bootstrap.bundle.min.js.map ......................................... ~ 0s
  2026-05-19 14:34:58 /plugins/select2/js/select2.full.min.js ................................................... ~ 0s
  2026-05-19 14:34:58 /js/custom-script.js ...................................................................... ~ 0s
  2026-05-19 14:34:58 /plugins/dropzone/min/dropzone.min.js ..................................................... ~ 0s
  2026-05-19 14:34:58 /assets/js/datatable/jquery.dataTables.min.js ............................................. ~ 0s
  2026-05-19 14:34:58 /assets/js/datatable/dataTables.buttons.min.js ............................................ ~ 0s
  2026-05-19 14:34:58 /assets/js/datatable/datatable.js ......................................................... ~ 0s
  2026-05-19 14:34:58 /dist/css/adminlte.min.css.map ............................................................ ~ 0s
  2026-05-19 14:34:58 /plugins/fontawesome-free/webfonts/fa-solid-900.woff2 ..................................... ~ 0s
  2026-05-19 14:34:58 /plugins/moment/moment.min.js.map ......................................................... ~ 0s
  2026-05-19 14:34:58 /dist/js/adminlte.js.map .................................................................. ~ 0s
  2026-05-19 14:34:58 ........................................................................................... ~ 0s
  2026-05-19 14:34:58 ........................................................................................... ~ 0s
  2026-05-19 14:34:58 ........................................................................................... ~ 0s
  2026-05-19 14:34:58 ........................................................................................... ~ 0s
  2026-05-19 14:34:58 ........................................................................................... ~ 1s
  2026-05-19 14:34:58 ........................................................................................... ~ 1s
  2026-05-19 14:34:59 ........................................................................................... ~ 0s
  2026-05-19 14:34:59 ........................................................................................... ~ 0s
  2026-05-19 14:34:59 ........................................................................................... ~ 0s
  2026-05-19 14:34:59 ........................................................................................... ~ 0s
  2026-05-19 14:34:59 /assets/images/no-image.png ............................................................... ~ 0s
  2026-05-19 14:35:01 ........................................................................................... ~ 0s
  2026-05-19 14:35:01 ........................................................................................... ~ 0s
  2026-05-19 14:35:01 /plugins/fontawesome-free/css/all.min.css ................................................. ~ 0s
  2026-05-19 14:35:01 /plugins/tempusdominus-bootstrap-4/css/tempusdominus-bootstrap-4.min.css .................. ~ 0s
  2026-05-19 14:35:01 /plugins/icheck-bootstrap/icheck-bootstrap.min.css ........................................ ~ 0s
  2026-05-19 14:35:01 /plugins/jqvmap/jqvmap.min.css ............................................................ ~ 0s
  2026-05-19 14:35:01 /plugins/overlayScrollbars/css/OverlayScrollbars.min.css .................................. ~ 0s
  2026-05-19 14:35:01 /plugins/daterangepicker/daterangepicker.css .............................................. ~ 0s
  2026-05-19 14:35:01 /plugins/summernote/summernote-bs4.min.css ................................................ ~ 0s
  2026-05-19 14:35:01 /plugins/select2/css/select2.min.css ...................................................... ~ 0s
  2026-05-19 14:35:01 /plugins/select2-bootstrap4-theme/select2-bootstrap4.min.css .............................. ~ 0s
  2026-05-19 14:35:01 /plugins/dropzone/min/dropzone.min.css .................................................... ~ 0s
  2026-05-19 14:35:01 /assets/css/datatable/datatable.css ....................................................... ~ 0s
  2026-05-19 14:35:01 /dist/css/adminlte.min.css ................................................................ ~ 0s
  2026-05-19 14:35:01 /assets/css/datatable/buttons.dataTables.min.css .......................................... ~ 0s
  2026-05-19 14:35:01 /css/custom-style.css ..................................................................... ~ 0s
  2026-05-19 14:35:01 /assets/images/logo/1725962670_66e019ae94ca7_default.png .................................. ~ 0s
  2026-05-19 14:35:01 /plugins/jquery/jquery.min.js ............................................................. ~ 0s
  2026-05-19 14:35:01 /plugins/jquery-ui/jquery-ui.min.js ....................................................... ~ 0s
  2026-05-19 14:35:01 /plugins/bootstrap/js/bootstrap.bundle.min.js ............................................. ~ 0s
  2026-05-19 14:35:01 /plugins/chart.js/Chart.min.js ............................................................ ~ 0s
  2026-05-19 14:35:01 /plugins/sparklines/sparkline.js .......................................................... ~ 0s
  2026-05-19 14:35:01 /plugins/jqvmap/jquery.vmap.min.js ........................................................ ~ 0s
  2026-05-19 14:35:01 /plugins/jqvmap/maps/jquery.vmap.usa.js ................................................... ~ 0s
  2026-05-19 14:35:01 /plugins/jquery-knob/jquery.knob.min.js ................................................... ~ 0s
  2026-05-19 14:35:01 /plugins/moment/moment.min.js ............................................................. ~ 0s
  2026-05-19 14:35:01 /plugins/daterangepicker/daterangepicker.js ............................................... ~ 0s
  2026-05-19 14:35:01 /plugins/tempusdominus-bootstrap-4/js/tempusdominus-bootstrap-4.min.js .................... ~ 0s
  2026-05-19 14:35:01 /plugins/summernote/summernote-bs4.min.js ................................................. ~ 0s
  2026-05-19 14:35:01 /plugins/overlayScrollbars/js/jquery.overlayScrollbars.min.js ............................. ~ 0s
  2026-05-19 14:35:01 /dist/js/adminlte.js ...................................................................... ~ 0s
  2026-05-19 14:35:01 /plugins/select2/js/select2.full.min.js ................................................... ~ 0s
  2026-05-19 14:35:01 /js/custom-script.js ...................................................................... ~ 0s
  2026-05-19 14:35:01 /plugins/dropzone/min/dropzone.min.js ..................................................... ~ 0s
  2026-05-19 14:35:01 /plugins/fontawesome-free/webfonts/fa-solid-900.woff2 ..................................... ~ 0s
  2026-05-19 14:35:01 /plugins/bootstrap/js/bootstrap.bundle.min.js.map ......................................... ~ 0s
  2026-05-19 14:35:01 /plugins/fontawesome-free/webfonts/fa-regular-400.woff2 ................................... ~ 0s
  2026-05-19 14:35:01 /assets/js/datatable/jquery.dataTables.min.js ............................................. ~ 0s
  2026-05-19 14:35:01 /assets/js/datatable/datatable.js ......................................................... ~ 0s
  2026-05-19 14:35:01 /assets/js/datatable/dataTables.buttons.min.js ............................................ ~ 0s
  2026-05-19 14:35:01 /dist/css/adminlte.min.css.map ............................................................ ~ 0s
  2026-05-19 14:35:01 /plugins/moment/moment.min.js.map ......................................................... ~ 0s
  2026-05-19 14:35:01 /dist/js/adminlte.js.map .................................................................. ~ 0s
  2026-05-19 14:35:01 ........................................................................................... ~ 0s
  2026-05-19 16:28:52 ........................................................................................... ~ 0s
  2026-05-19 16:28:52 /plugins/fontawesome-free/css/all.min.css ................................................. ~ 0s
  2026-05-19 16:28:52 ........................................................................................... ~ 0s
  2026-05-19 16:28:53 /plugins/tempusdominus-bootstrap-4/css/tempusdominus-bootstrap-4.min.css .................. ~ 0s
  2026-05-19 16:28:53 /plugins/icheck-bootstrap/icheck-bootstrap.min.css ........................................ ~ 0s
  2026-05-19 16:28:53 /plugins/jqvmap/jqvmap.min.css ............................................................ ~ 0s
  2026-05-19 16:28:53 /dist/css/adminlte.min.css ................................................................ ~ 0s
  2026-05-19 16:28:53 /plugins/overlayScrollbars/css/OverlayScrollbars.min.css .................................. ~ 0s
  2026-05-19 16:28:53 /plugins/daterangepicker/daterangepicker.css .............................................. ~ 0s
  2026-05-19 16:28:53 /plugins/summernote/summernote-bs4.min.css ................................................ ~ 0s
  2026-05-19 16:28:53 /plugins/select2/css/select2.min.css ...................................................... ~ 0s
  2026-05-19 16:28:53 /plugins/select2-bootstrap4-theme/select2-bootstrap4.min.css .............................. ~ 0s
  2026-05-19 16:28:53 /plugins/dropzone/min/dropzone.min.css .................................................... ~ 0s
  2026-05-19 16:28:53 /assets/css/datatable/datatable.css ....................................................... ~ 0s
  2026-05-19 16:28:53 /assets/css/datatable/buttons.dataTables.min.css .......................................... ~ 0s
  2026-05-19 16:28:53 /dist/css/adminlte.min.css.map ............................................................ ~ 0s
  2026-05-19 16:28:53 /css/custom-style.css ..................................................................... ~ 0s
  2026-05-19 16:28:53 /assets/images/logo/1725962670_66e019ae94ca7_default.png .................................. ~ 0s
  2026-05-19 16:28:53 /plugins/jquery/jquery.min.js ............................................................. ~ 0s
  2026-05-19 16:28:53 /plugins/jquery-ui/jquery-ui.min.js ....................................................... ~ 0s
  2026-05-19 16:28:53 /plugins/bootstrap/js/bootstrap.bundle.min.js ............................................. ~ 0s
  2026-05-19 16:28:53 /plugins/chart.js/Chart.min.js ............................................................ ~ 0s
  2026-05-19 16:28:53 /plugins/sparklines/sparkline.js .......................................................... ~ 0s
  2026-05-19 16:28:53 /plugins/jqvmap/jquery.vmap.min.js ........................................................ ~ 0s
  2026-05-19 16:28:53 /plugins/jqvmap/maps/jquery.vmap.usa.js ................................................... ~ 0s
  2026-05-19 16:28:53 /plugins/jquery-knob/jquery.knob.min.js ................................................... ~ 0s
  2026-05-19 16:28:53 /plugins/moment/moment.min.js ............................................................. ~ 0s
  2026-05-19 16:28:53 /plugins/daterangepicker/daterangepicker.js ............................................... ~ 0s
  2026-05-19 16:28:53 /plugins/tempusdominus-bootstrap-4/js/tempusdominus-bootstrap-4.min.js .................... ~ 0s
  2026-05-19 16:28:53 /plugins/bootstrap/js/bootstrap.bundle.min.js.map ......................................... ~ 0s
  2026-05-19 16:28:53 /plugins/moment/moment.min.js.map ......................................................... ~ 0s
  2026-05-19 16:28:53 ........................................................................................... ~ 0s
  2026-05-19 16:28:53 /plugins/fontawesome-free/webfonts/fa-solid-900.woff2 ..................................... ~ 0s
  2026-05-19 16:28:53 /plugins/fontawesome-free/webfonts/fa-regular-400.woff2 ................................... ~ 0s
  2026-05-19 16:28:53 /plugins/summernote/summernote-bs4.min.js ................................................. ~ 0s
  2026-05-19 16:28:53 /plugins/overlayScrollbars/js/jquery.overlayScrollbars.min.js ............................. ~ 0s
  2026-05-19 16:28:53 /dist/js/adminlte.js ...................................................................... ~ 0s
  2026-05-19 16:28:53 /plugins/select2/js/select2.full.min.js ................................................... ~ 0s
  2026-05-19 16:28:53 /js/custom-script.js ...................................................................... ~ 0s
  2026-05-19 16:28:53 /plugins/dropzone/min/dropzone.min.js ..................................................... ~ 0s
  2026-05-19 16:28:53 /dist/js/adminlte.js.map .................................................................. ~ 0s
  2026-05-19 16:28:53 /assets/js/datatable/datatable.js ......................................................... ~ 0s
  2026-05-19 16:28:53 /assets/js/datatable/jquery.dataTables.min.js ............................................. ~ 0s
  2026-05-19 16:28:53 /assets/js/datatable/dataTables.buttons.min.js ............................................ ~ 0s
  2026-05-19 16:28:56 /assets/images/logo/1689667124_64b64634a7230_logo-icon.png ................................ ~ 0s
  2026-05-19 17:22:59 ........................................................................................... ~ 0s
  2026-05-19 17:22:59 /plugins/fontawesome-free/css/all.min.css ................................................. ~ 0s
  2026-05-19 17:22:59 /plugins/tempusdominus-bootstrap-4/css/tempusdominus-bootstrap-4.min.css .................. ~ 0s
  2026-05-19 17:22:59 /plugins/icheck-bootstrap/icheck-bootstrap.min.css ........................................ ~ 0s
  2026-05-19 17:22:59 /plugins/jqvmap/jqvmap.min.css ............................................................ ~ 0s
  2026-05-19 17:22:59 /plugins/overlayScrollbars/css/OverlayScrollbars.min.css .................................. ~ 0s
  2026-05-19 17:22:59 /plugins/daterangepicker/daterangepicker.css .............................................. ~ 0s
  2026-05-19 17:22:59 /plugins/summernote/summernote-bs4.min.css ................................................ ~ 0s
  2026-05-19 17:22:59 /plugins/select2/css/select2.min.css ...................................................... ~ 0s
  2026-05-19 17:22:59 /plugins/select2-bootstrap4-theme/select2-bootstrap4.min.css .............................. ~ 0s
  2026-05-19 17:22:59 /plugins/dropzone/min/dropzone.min.css .................................................... ~ 0s
  2026-05-19 17:22:59 /assets/css/datatable/datatable.css ....................................................... ~ 0s
  2026-05-19 17:22:59 /assets/css/datatable/buttons.dataTables.min.css .......................................... ~ 0s
  2026-05-19 17:22:59 /dist/css/adminlte.min.css ................................................................ ~ 0s
  2026-05-19 17:22:59 ........................................................................................... ~ 0s
  2026-05-19 17:22:59 ........................................................................................... ~ 0s
  2026-05-19 17:22:59 ........................................................................................... ~ 0s
  2026-05-19 17:22:59 /css/custom-style.css ..................................................................... ~ 0s
  2026-05-19 17:22:59 /assets/images/logo/1725962670_66e019ae94ca7_default.png .................................. ~ 0s
  2026-05-19 17:22:59 /plugins/jquery/jquery.min.js ............................................................. ~ 0s
  2026-05-19 17:22:59 /plugins/jquery-ui/jquery-ui.min.js ....................................................... ~ 0s
  2026-05-19 17:22:59 /plugins/bootstrap/js/bootstrap.bundle.min.js ............................................. ~ 0s
  2026-05-19 17:22:59 /plugins/chart.js/Chart.min.js ............................................................ ~ 0s
  2026-05-19 17:22:59 /plugins/sparklines/sparkline.js .......................................................... ~ 0s
  2026-05-19 17:22:59 /plugins/jqvmap/jquery.vmap.min.js ........................................................ ~ 0s
  2026-05-19 17:22:59 /plugins/jqvmap/maps/jquery.vmap.usa.js ................................................... ~ 0s
  2026-05-19 17:22:59 /plugins/fontawesome-free/webfonts/fa-solid-900.woff2 ..................................... ~ 0s
  2026-05-19 17:22:59 /plugins/fontawesome-free/webfonts/fa-regular-400.woff2 ................................... ~ 0s
  2026-05-19 17:22:59 /plugins/jquery-knob/jquery.knob.min.js ................................................... ~ 0s
  2026-05-19 17:22:59 /plugins/moment/moment.min.js ............................................................. ~ 0s
  2026-05-19 17:22:59 /plugins/daterangepicker/daterangepicker.js ............................................... ~ 0s
  2026-05-19 17:22:59 /plugins/tempusdominus-bootstrap-4/js/tempusdominus-bootstrap-4.min.js .................... ~ 0s
  2026-05-19 17:22:59 /plugins/summernote/summernote-bs4.min.js ................................................. ~ 0s
  2026-05-19 17:22:59 /plugins/overlayScrollbars/js/jquery.overlayScrollbars.min.js ............................. ~ 0s
  2026-05-19 17:22:59 /dist/js/adminlte.js ...................................................................... ~ 0s
  2026-05-19 17:22:59 /plugins/select2/js/select2.full.min.js ................................................... ~ 0s
  2026-05-19 17:22:59 /js/custom-script.js ...................................................................... ~ 0s
  2026-05-19 17:22:59 /plugins/dropzone/min/dropzone.min.js ..................................................... ~ 0s
  2026-05-19 17:22:59 /assets/js/datatable/jquery.dataTables.min.js ............................................. ~ 0s
  2026-05-19 17:22:59 /assets/js/datatable/datatable.js ......................................................... ~ 0s
  2026-05-19 17:22:59 /dist/css/adminlte.min.css.map ............................................................ ~ 0s
  2026-05-19 17:22:59 /assets/js/datatable/dataTables.buttons.min.js ............................................ ~ 0s
  2026-05-19 17:22:59 /plugins/moment/moment.min.js.map ......................................................... ~ 0s
  2026-05-19 17:22:59 /dist/js/adminlte.js.map .................................................................. ~ 0s
  2026-05-19 17:22:59 /plugins/bootstrap/js/bootstrap.bundle.min.js.map ......................................... ~ 0s
  2026-05-19 17:23:00 /assets/images/logo/1689667124_64b64634a7230_logo-icon.png ................................ ~ 0s
  2026-05-19 17:23:00 ........................................................................................... ~ 0s
  2026-05-19 17:23:06 ........................................................................................... ~ 0s
  2026-05-19 17:23:06 ........................................................................................... ~ 0s
  2026-05-19 17:23:06 /plugins/fontawesome-free/css/all.min.css ................................................. ~ 0s
  2026-05-19 17:23:06 /plugins/tempusdominus-bootstrap-4/css/tempusdominus-bootstrap-4.min.css .................. ~ 0s
  2026-05-19 17:23:06 /plugins/icheck-bootstrap/icheck-bootstrap.min.css ........................................ ~ 0s
  2026-05-19 17:23:06 /plugins/jqvmap/jqvmap.min.css ............................................................ ~ 0s
  2026-05-19 17:23:06 /plugins/overlayScrollbars/css/OverlayScrollbars.min.css .................................. ~ 0s
  2026-05-19 17:23:06 /plugins/daterangepicker/daterangepicker.css .............................................. ~ 0s
  2026-05-19 17:23:06 /plugins/summernote/summernote-bs4.min.css ................................................ ~ 0s
  2026-05-19 17:23:06 /plugins/select2/css/select2.min.css ...................................................... ~ 0s
  2026-05-19 17:23:06 /plugins/select2-bootstrap4-theme/select2-bootstrap4.min.css .............................. ~ 0s
  2026-05-19 17:23:06 /plugins/dropzone/min/dropzone.min.css .................................................... ~ 0s
  2026-05-19 17:23:06 /assets/css/datatable/datatable.css ....................................................... ~ 0s
  2026-05-19 17:23:06 /assets/css/datatable/buttons.dataTables.min.css .......................................... ~ 0s
  2026-05-19 17:23:06 /dist/css/adminlte.min.css ................................................................ ~ 0s
  2026-05-19 17:23:06 /css/custom-style.css ..................................................................... ~ 0s
  2026-05-19 17:23:06 /assets/images/logo/1725962670_66e019ae94ca7_default.png .................................. ~ 0s
  2026-05-19 17:23:06 /plugins/jquery/jquery.min.js ............................................................. ~ 0s
  2026-05-19 17:23:06 /plugins/jquery-ui/jquery-ui.min.js ....................................................... ~ 0s
  2026-05-19 17:23:06 /plugins/bootstrap/js/bootstrap.bundle.min.js ............................................. ~ 0s
  2026-05-19 17:23:06 /plugins/chart.js/Chart.min.js ............................................................ ~ 0s
  2026-05-19 17:23:06 /plugins/sparklines/sparkline.js .......................................................... ~ 0s
  2026-05-19 17:23:06 /plugins/jqvmap/jquery.vmap.min.js ........................................................ ~ 0s
  2026-05-19 17:23:06 /plugins/jqvmap/maps/jquery.vmap.usa.js ................................................... ~ 0s
  2026-05-19 17:23:06 /plugins/jquery-knob/jquery.knob.min.js ................................................... ~ 0s
  2026-05-19 17:23:06 /plugins/moment/moment.min.js ............................................................. ~ 0s
  2026-05-19 17:23:06 /plugins/daterangepicker/daterangepicker.js ............................................... ~ 0s
  2026-05-19 17:23:06 /plugins/tempusdominus-bootstrap-4/js/tempusdominus-bootstrap-4.min.js .................... ~ 0s
  2026-05-19 17:23:06 /plugins/summernote/summernote-bs4.min.js ................................................. ~ 0s
  2026-05-19 17:23:06 /plugins/overlayScrollbars/js/jquery.overlayScrollbars.min.js ............................. ~ 0s
  2026-05-19 17:23:06 /dist/js/adminlte.js ...................................................................... ~ 0s
  2026-05-19 17:23:06 /plugins/select2/js/select2.full.min.js ................................................... ~ 0s
  2026-05-19 17:23:06 /js/custom-script.js ...................................................................... ~ 0s
  2026-05-19 17:23:06 /plugins/dropzone/min/dropzone.min.js ..................................................... ~ 0s
  2026-05-19 17:23:06 /assets/js/datatable/jquery.dataTables.min.js ............................................. ~ 0s
  2026-05-19 17:23:06 /assets/js/datatable/datatable.js ......................................................... ~ 0s
  2026-05-19 17:23:06 /assets/js/datatable/dataTables.buttons.min.js ............................................ ~ 0s
  2026-05-19 17:23:06 /plugins/bootstrap/js/bootstrap.bundle.min.js.map ......................................... ~ 0s
  2026-05-19 17:23:06 /dist/css/adminlte.min.css.map ............................................................ ~ 0s
  2026-05-19 17:23:06 /plugins/fontawesome-free/webfonts/fa-solid-900.woff2 ..................................... ~ 0s
  2026-05-19 17:23:06 /plugins/moment/moment.min.js.map ......................................................... ~ 0s
  2026-05-19 17:23:06 /dist/js/adminlte.js.map .................................................................. ~ 0s
  2026-05-19 17:23:06 ........................................................................................... ~ 0s
  2026-05-19 17:23:06 ........................................................................................... ~ 1s
  2026-05-19 17:23:07 ........................................................................................... ~ 0s
  2026-05-19 17:23:08 ........................................................................................... ~ 1s
  2026-05-19 17:23:09 ........................................................................................... ~ 0s
  2026-05-19 17:23:09 /plugins/fontawesome-free/css/all.min.css ................................................. ~ 0s
  2026-05-19 17:23:09 /plugins/tempusdominus-bootstrap-4/css/tempusdominus-bootstrap-4.min.css .................. ~ 0s
  2026-05-19 17:23:09 /plugins/icheck-bootstrap/icheck-bootstrap.min.css ........................................ ~ 0s
  2026-05-19 17:23:09 /plugins/jqvmap/jqvmap.min.css ............................................................ ~ 0s
  2026-05-19 17:23:09 /plugins/overlayScrollbars/css/OverlayScrollbars.min.css .................................. ~ 0s
  2026-05-19 17:23:09 /plugins/daterangepicker/daterangepicker.css .............................................. ~ 0s
  2026-05-19 17:23:09 /plugins/summernote/summernote-bs4.min.css ................................................ ~ 0s
  2026-05-19 17:23:09 /plugins/select2/css/select2.min.css ...................................................... ~ 0s
  2026-05-19 17:23:09 /plugins/select2-bootstrap4-theme/select2-bootstrap4.min.css .............................. ~ 0s
  2026-05-19 17:23:09 /plugins/dropzone/min/dropzone.min.css .................................................... ~ 0s
  2026-05-19 17:23:09 /assets/css/datatable/datatable.css ....................................................... ~ 0s
  2026-05-19 17:23:09 /assets/css/datatable/buttons.dataTables.min.css .......................................... ~ 0s
  2026-05-19 17:23:09 /css/custom-style.css ..................................................................... ~ 0s
  2026-05-19 17:23:09 /dist/css/adminlte.min.css ................................................................ ~ 0s
  2026-05-19 17:23:09 /assets/images/logo/1725962670_66e019ae94ca7_default.png .................................. ~ 0s
  2026-05-19 17:23:09 /plugins/jquery/jquery.min.js ............................................................. ~ 0s
  2026-05-19 17:23:09 /plugins/jquery-ui/jquery-ui.min.js ....................................................... ~ 0s
  2026-05-19 17:23:09 /plugins/bootstrap/js/bootstrap.bundle.min.js ............................................. ~ 0s
  2026-05-19 17:23:09 /plugins/chart.js/Chart.min.js ............................................................ ~ 0s
  2026-05-19 17:23:09 /plugins/sparklines/sparkline.js .......................................................... ~ 0s
  2026-05-19 17:23:09 /plugins/jqvmap/jquery.vmap.min.js ........................................................ ~ 0s
  2026-05-19 17:23:09 /plugins/jqvmap/maps/jquery.vmap.usa.js ................................................... ~ 0s
  2026-05-19 17:23:09 /plugins/jquery-knob/jquery.knob.min.js ................................................... ~ 0s
  2026-05-19 17:23:09 /plugins/moment/moment.min.js ............................................................. ~ 0s
  2026-05-19 17:23:09 /plugins/daterangepicker/daterangepicker.js ............................................... ~ 0s
  2026-05-19 17:23:09 /plugins/tempusdominus-bootstrap-4/js/tempusdominus-bootstrap-4.min.js .................... ~ 0s
  2026-05-19 17:23:09 /plugins/summernote/summernote-bs4.min.js ................................................. ~ 0s
  2026-05-19 17:23:09 /plugins/overlayScrollbars/js/jquery.overlayScrollbars.min.js ............................. ~ 0s
  2026-05-19 17:23:09 /dist/js/adminlte.js ...................................................................... ~ 0s
  2026-05-19 17:23:09 /plugins/select2/js/select2.full.min.js ................................................... ~ 0s
  2026-05-19 17:23:09 /js/custom-script.js ...................................................................... ~ 0s
  2026-05-19 17:23:09 /plugins/bootstrap/js/bootstrap.bundle.min.js.map ......................................... ~ 0s
  2026-05-19 17:23:09 /plugins/dropzone/min/dropzone.min.js ..................................................... ~ 0s
  2026-05-19 17:23:09 /dist/css/adminlte.min.css.map ............................................................ ~ 0s
  2026-05-19 17:23:09 /assets/js/datatable/jquery.dataTables.min.js ............................................. ~ 0s
  2026-05-19 17:23:09 /plugins/fontawesome-free/webfonts/fa-solid-900.woff2 ..................................... ~ 0s
  2026-05-19 17:23:09 /assets/js/datatable/dataTables.buttons.min.js ............................................ ~ 0s
  2026-05-19 17:23:09 /assets/js/datatable/datatable.js ......................................................... ~ 0s
  2026-05-19 17:23:09 /plugins/moment/moment.min.js.map ......................................................... ~ 0s
  2026-05-19 17:23:09 /dist/js/adminlte.js.map .................................................................. ~ 0s
  2026-05-19 17:23:09 ........................................................................................... ~ 0s
  2026-05-19 17:23:09 ........................................................................................... ~ 0s
  2026-05-19 17:23:09 ........................................................................................... ~ 0s
  2026-05-19 17:23:09 ........................................................................................... ~ 1s
  2026-05-19 17:23:10 /assets/images/no-image.png ............................................................... ~ 0s
  2026-05-19 17:23:12 ........................................................................................... ~ 1s
  2026-05-19 17:23:12 ........................................................................................... ~ 1s
  2026-05-19 17:23:13 /plugins/fontawesome-free/css/all.min.css ................................................. ~ 0s
  2026-05-19 17:23:13 /plugins/tempusdominus-bootstrap-4/css/tempusdominus-bootstrap-4.min.css .................. ~ 0s
  2026-05-19 17:23:13 /plugins/icheck-bootstrap/icheck-bootstrap.min.css ........................................ ~ 0s
  2026-05-19 17:23:13 /plugins/jqvmap/jqvmap.min.css ............................................................ ~ 0s
  2026-05-19 17:23:13 /plugins/overlayScrollbars/css/OverlayScrollbars.min.css .................................. ~ 0s
  2026-05-19 17:23:13 /plugins/daterangepicker/daterangepicker.css .............................................. ~ 0s
  2026-05-19 17:23:13 /plugins/summernote/summernote-bs4.min.css ................................................ ~ 0s
  2026-05-19 17:23:13 /plugins/select2/css/select2.min.css ...................................................... ~ 0s
  2026-05-19 17:23:13 /plugins/select2-bootstrap4-theme/select2-bootstrap4.min.css .............................. ~ 0s
  2026-05-19 17:23:13 /plugins/dropzone/min/dropzone.min.css .................................................... ~ 0s
  2026-05-19 17:23:13 /assets/css/datatable/datatable.css ....................................................... ~ 0s
  2026-05-19 17:23:13 /assets/css/datatable/buttons.dataTables.min.css .......................................... ~ 0s
  2026-05-19 17:23:13 /dist/css/adminlte.min.css ................................................................ ~ 0s
  2026-05-19 17:23:13 /css/custom-style.css ..................................................................... ~ 0s
  2026-05-19 17:23:13 /assets/images/logo/1725962670_66e019ae94ca7_default.png .................................. ~ 0s
  2026-05-19 17:23:13 /plugins/jquery/jquery.min.js ............................................................. ~ 0s
  2026-05-19 17:23:13 /plugins/jquery-ui/jquery-ui.min.js ....................................................... ~ 0s
  2026-05-19 17:23:13 /plugins/bootstrap/js/bootstrap.bundle.min.js ............................................. ~ 0s
  2026-05-19 17:23:13 /plugins/chart.js/Chart.min.js ............................................................ ~ 0s
  2026-05-19 17:23:13 /plugins/sparklines/sparkline.js .......................................................... ~ 0s
  2026-05-19 17:23:13 /plugins/jqvmap/jquery.vmap.min.js ........................................................ ~ 0s
  2026-05-19 17:23:13 /plugins/jqvmap/maps/jquery.vmap.usa.js ................................................... ~ 0s
  2026-05-19 17:23:13 /plugins/jquery-knob/jquery.knob.min.js ................................................... ~ 0s
  2026-05-19 17:23:13 /plugins/moment/moment.min.js ............................................................. ~ 0s
  2026-05-19 17:23:13 /plugins/daterangepicker/daterangepicker.js ............................................... ~ 0s
  2026-05-19 17:23:13 /plugins/tempusdominus-bootstrap-4/js/tempusdominus-bootstrap-4.min.js .................... ~ 0s
  2026-05-19 17:23:13 /plugins/summernote/summernote-bs4.min.js ................................................. ~ 0s
  2026-05-19 17:23:13 /plugins/overlayScrollbars/js/jquery.overlayScrollbars.min.js ............................. ~ 0s
  2026-05-19 17:23:13 /dist/js/adminlte.js ...................................................................... ~ 0s
  2026-05-19 17:23:13 /plugins/select2/js/select2.full.min.js ................................................... ~ 0s
  2026-05-19 17:23:13 /js/custom-script.js ...................................................................... ~ 0s
  2026-05-19 17:23:13 /plugins/bootstrap/js/bootstrap.bundle.min.js.map ......................................... ~ 0s
  2026-05-19 17:23:13 /plugins/dropzone/min/dropzone.min.js ..................................................... ~ 0s
  2026-05-19 17:23:13 /assets/js/datatable/jquery.dataTables.min.js ............................................. ~ 0s
  2026-05-19 17:23:13 /assets/js/datatable/dataTables.buttons.min.js ............................................ ~ 0s
  2026-05-19 17:23:13 /assets/js/datatable/datatable.js ......................................................... ~ 0s
  2026-05-19 17:23:13 /dist/css/adminlte.min.css.map ............................................................ ~ 0s
  2026-05-19 17:23:13 /plugins/fontawesome-free/webfonts/fa-solid-900.woff2 ..................................... ~ 0s
  2026-05-19 17:23:13 /plugins/fontawesome-free/webfonts/fa-regular-400.woff2 ................................... ~ 0s
  2026-05-19 17:23:13 /plugins/moment/moment.min.js.map ......................................................... ~ 0s
  2026-05-19 17:23:13 /dist/js/adminlte.js.map .................................................................. ~ 0s
  2026-05-19 17:23:13 ........................................................................................... ~ 0s
  2026-05-19 17:23:14 ........................................................................................... ~ 0s
  2026-05-19 17:23:14 ........................................................................................... ~ 0s
  2026-05-19 17:23:14 /plugins/fontawesome-free/css/all.min.css ................................................. ~ 0s
  2026-05-19 17:23:14 /plugins/tempusdominus-bootstrap-4/css/tempusdominus-bootstrap-4.min.css .................. ~ 0s
  2026-05-19 17:23:14 /plugins/icheck-bootstrap/icheck-bootstrap.min.css ........................................ ~ 0s
  2026-05-19 17:23:14 /plugins/jqvmap/jqvmap.min.css ............................................................ ~ 0s
  2026-05-19 17:23:14 /plugins/overlayScrollbars/css/OverlayScrollbars.min.css .................................. ~ 0s
  2026-05-19 17:23:14 /plugins/daterangepicker/daterangepicker.css .............................................. ~ 0s
  2026-05-19 17:23:14 /plugins/summernote/summernote-bs4.min.css ................................................ ~ 0s
  2026-05-19 17:23:14 /plugins/select2/css/select2.min.css ...................................................... ~ 0s
  2026-05-19 17:23:14 /plugins/select2-bootstrap4-theme/select2-bootstrap4.min.css .............................. ~ 0s
  2026-05-19 17:23:14 /plugins/dropzone/min/dropzone.min.css .................................................... ~ 0s
  2026-05-19 17:23:14 /assets/css/datatable/datatable.css ....................................................... ~ 0s
  2026-05-19 17:23:14 /assets/css/datatable/buttons.dataTables.min.css .......................................... ~ 0s
  2026-05-19 17:23:14 /dist/css/adminlte.min.css ................................................................ ~ 0s
  2026-05-19 17:23:14 /css/custom-style.css ..................................................................... ~ 0s
  2026-05-19 17:23:14 /assets/images/logo/1725962670_66e019ae94ca7_default.png .................................. ~ 0s
  2026-05-19 17:23:14 /plugins/jquery/jquery.min.js ............................................................. ~ 0s
  2026-05-19 17:23:14 /plugins/jquery-ui/jquery-ui.min.js ....................................................... ~ 0s
  2026-05-19 17:23:14 /plugins/bootstrap/js/bootstrap.bundle.min.js ............................................. ~ 0s
  2026-05-19 17:23:14 /plugins/chart.js/Chart.min.js ............................................................ ~ 0s
  2026-05-19 17:23:14 /plugins/sparklines/sparkline.js .......................................................... ~ 0s
  2026-05-19 17:23:14 /plugins/jqvmap/jquery.vmap.min.js ........................................................ ~ 0s
  2026-05-19 17:23:14 /plugins/jqvmap/maps/jquery.vmap.usa.js ................................................... ~ 0s
  2026-05-19 17:23:14 /plugins/jquery-knob/jquery.knob.min.js ................................................... ~ 0s
  2026-05-19 17:23:14 /plugins/moment/moment.min.js ............................................................. ~ 0s
  2026-05-19 17:23:14 /plugins/daterangepicker/daterangepicker.js ............................................... ~ 0s
  2026-05-19 17:23:14 /plugins/tempusdominus-bootstrap-4/js/tempusdominus-bootstrap-4.min.js .................... ~ 0s
  2026-05-19 17:23:14 /plugins/summernote/summernote-bs4.min.js ................................................. ~ 0s
  2026-05-19 17:23:14 /plugins/overlayScrollbars/js/jquery.overlayScrollbars.min.js ............................. ~ 0s
  2026-05-19 17:23:14 /dist/js/adminlte.js ...................................................................... ~ 0s
  2026-05-19 17:23:14 /plugins/select2/js/select2.full.min.js ................................................... ~ 0s
  2026-05-19 17:23:14 /plugins/bootstrap/js/bootstrap.bundle.min.js.map ......................................... ~ 0s
  2026-05-19 17:23:14 /js/custom-script.js ...................................................................... ~ 0s
  2026-05-19 17:23:14 /plugins/dropzone/min/dropzone.min.js ..................................................... ~ 0s
  2026-05-19 17:23:14 /assets/js/datatable/jquery.dataTables.min.js ............................................. ~ 0s
  2026-05-19 17:23:14 /assets/js/datatable/dataTables.buttons.min.js ............................................ ~ 0s
  2026-05-19 17:23:14 /plugins/fontawesome-free/webfonts/fa-solid-900.woff2 ..................................... ~ 0s
  2026-05-19 17:23:14 /assets/js/datatable/datatable.js ......................................................... ~ 0s
  2026-05-19 17:23:14 /dist/css/adminlte.min.css.map ............................................................ ~ 0s
  2026-05-19 17:23:14 /plugins/moment/moment.min.js.map ......................................................... ~ 0s
  2026-05-19 17:23:14 /dist/js/adminlte.js.map .................................................................. ~ 0s
  2026-05-19 17:23:14 ........................................................................................... ~ 0s
  2026-05-19 17:23:14 ........................................................................................... ~ 1s
  2026-05-19 17:23:15 ........................................................................................... ~ 0s
  2026-05-19 17:23:15 ........................................................................................... ~ 0s
  2026-05-19 17:23:15 ........................................................................................... ~ 0s
  2026-05-19 17:23:15 ........................................................................................... ~ 0s
  2026-05-19 17:23:15 ........................................................................................... ~ 0s
  2026-05-19 17:23:15 ........................................................................................... ~ 0s
  2026-05-19 17:23:15 ........................................................................................... ~ 0s
  2026-05-19 17:23:15 ........................................................................................... ~ 1s
  2026-05-19 17:23:15 /assets/images/no-image.png ............................................................... ~ 1s
  2026-05-19 17:26:10 ........................................................................................... ~ 0s
  2026-05-19 17:26:10 /plugins/fontawesome-free/css/all.min.css ................................................. ~ 0s
  2026-05-19 17:26:10 ........................................................................................... ~ 1s
  2026-05-19 17:26:11 /plugins/tempusdominus-bootstrap-4/css/tempusdominus-bootstrap-4.min.css .................. ~ 0s
  2026-05-19 17:26:11 /plugins/icheck-bootstrap/icheck-bootstrap.min.css ........................................ ~ 0s
  2026-05-19 17:26:11 /plugins/jqvmap/jqvmap.min.css ............................................................ ~ 0s
  2026-05-19 17:26:11 /plugins/overlayScrollbars/css/OverlayScrollbars.min.css .................................. ~ 0s
  2026-05-19 17:26:11 /plugins/daterangepicker/daterangepicker.css .............................................. ~ 0s
  2026-05-19 17:26:11 /dist/css/adminlte.min.css ................................................................ ~ 0s
  2026-05-19 17:26:11 /plugins/summernote/summernote-bs4.min.css ................................................ ~ 0s
  2026-05-19 17:26:11 /plugins/select2/css/select2.min.css ...................................................... ~ 0s
  2026-05-19 17:26:11 /plugins/select2-bootstrap4-theme/select2-bootstrap4.min.css .............................. ~ 0s
  2026-05-19 17:26:11 /plugins/dropzone/min/dropzone.min.css .................................................... ~ 0s
  2026-05-19 17:26:11 /assets/css/datatable/datatable.css ....................................................... ~ 0s
  2026-05-19 17:26:11 /assets/css/datatable/buttons.dataTables.min.css .......................................... ~ 0s
  2026-05-19 17:26:11 /css/custom-style.css ..................................................................... ~ 0s
  2026-05-19 17:26:11 ........................................................................................... ~ 0s
  2026-05-19 17:26:11 /assets/images/logo/1725962670_66e019ae94ca7_default.png .................................. ~ 0s
  2026-05-19 17:26:11 /plugins/jquery/jquery.min.js ............................................................. ~ 0s
  2026-05-19 17:26:11 /plugins/jquery-ui/jquery-ui.min.js ....................................................... ~ 0s
  2026-05-19 17:26:11 /plugins/fontawesome-free/webfonts/fa-solid-900.woff2 ..................................... ~ 0s
  2026-05-19 17:26:11 /dist/css/adminlte.min.css.map ............................................................ ~ 0s
  2026-05-19 17:26:11 /plugins/bootstrap/js/bootstrap.bundle.min.js ............................................. ~ 0s
  2026-05-19 17:26:11 /plugins/chart.js/Chart.min.js ............................................................ ~ 0s
  2026-05-19 17:26:11 /plugins/sparklines/sparkline.js .......................................................... ~ 0s
  2026-05-19 17:26:11 /plugins/jqvmap/jquery.vmap.min.js ........................................................ ~ 0s
  2026-05-19 17:26:11 /plugins/jqvmap/maps/jquery.vmap.usa.js ................................................... ~ 0s
  2026-05-19 17:26:11 /plugins/bootstrap/js/bootstrap.bundle.min.js.map ......................................... ~ 0s
  2026-05-19 17:26:11 /plugins/jquery-knob/jquery.knob.min.js ................................................... ~ 0s
  2026-05-19 17:26:11 /plugins/moment/moment.min.js ............................................................. ~ 0s
  2026-05-19 17:26:11 /plugins/daterangepicker/daterangepicker.js ............................................... ~ 0s
  2026-05-19 17:26:11 /plugins/tempusdominus-bootstrap-4/js/tempusdominus-bootstrap-4.min.js .................... ~ 0s
  2026-05-19 17:26:11 /plugins/summernote/summernote-bs4.min.js ................................................. ~ 0s
  2026-05-19 17:26:11 /plugins/overlayScrollbars/js/jquery.overlayScrollbars.min.js ............................. ~ 0s
  2026-05-19 17:26:11 /dist/js/adminlte.js ...................................................................... ~ 0s
  2026-05-19 17:26:11 /plugins/select2/js/select2.full.min.js ................................................... ~ 0s
  2026-05-19 17:26:11 /js/custom-script.js ...................................................................... ~ 0s
  2026-05-19 17:26:11 /plugins/dropzone/min/dropzone.min.js ..................................................... ~ 0s
  2026-05-19 17:26:11 /assets/js/datatable/datatable.js ......................................................... ~ 0s
  2026-05-19 17:26:11 /assets/js/datatable/jquery.dataTables.min.js ............................................. ~ 0s
  2026-05-19 17:26:11 /assets/js/datatable/dataTables.buttons.min.js ............................................ ~ 0s
  2026-05-19 17:26:11 /plugins/moment/moment.min.js.map ......................................................... ~ 0s
  2026-05-19 17:26:11 ........................................................................................... ~ 0s
  2026-05-19 17:26:11 /dist/js/adminlte.js.map .................................................................. ~ 0s
  2026-05-19 17:26:12 ........................................................................................... ~ 0s
  2026-05-19 17:26:12 ........................................................................................... ~ 0s
  2026-05-19 17:26:12 ........................................................................................... ~ 0s
  2026-05-19 17:26:12 ........................................................................................... ~ 0s
  2026-05-19 17:26:12 ........................................................................................... ~ 0s
  2026-05-19 17:26:12 ........................................................................................... ~ 0s
  2026-05-19 17:26:12 /assets/images/logo/1689667124_64b64634a7230_logo-icon.png ................................ ~ 0s
  2026-05-19 17:26:12 ........................................................................................... ~ 0s
  2026-05-19 17:26:12 ........................................................................................... ~ 0s
  2026-05-19 17:26:12 ........................................................................................... ~ 1s
  2026-05-19 17:26:12 /assets/images/no-image.png ............................................................... ~ 1s
  2026-05-19 17:26:39 ........................................................................................... ~ 0s
  2026-05-19 17:26:39 /plugins/fontawesome-free/css/all.min.css ................................................. ~ 0s
  2026-05-19 17:26:39 ........................................................................................... ~ 0s
  2026-05-19 17:26:40 /plugins/tempusdominus-bootstrap-4/css/tempusdominus-bootstrap-4.min.css .................. ~ 0s
  2026-05-19 17:26:40 /plugins/icheck-bootstrap/icheck-bootstrap.min.css ........................................ ~ 0s
  2026-05-19 17:26:40 /plugins/jqvmap/jqvmap.min.css ............................................................ ~ 0s
  2026-05-19 17:26:40 /plugins/overlayScrollbars/css/OverlayScrollbars.min.css .................................. ~ 0s
  2026-05-19 17:26:40 /plugins/daterangepicker/daterangepicker.css .............................................. ~ 0s
  2026-05-19 17:26:40 /dist/css/adminlte.min.css ................................................................ ~ 0s
  2026-05-19 17:26:40 /plugins/summernote/summernote-bs4.min.css ................................................ ~ 0s
  2026-05-19 17:26:40 /plugins/select2/css/select2.min.css ...................................................... ~ 0s
  2026-05-19 17:26:40 /plugins/select2-bootstrap4-theme/select2-bootstrap4.min.css .............................. ~ 0s
  2026-05-19 17:26:40 /plugins/dropzone/min/dropzone.min.css .................................................... ~ 0s
  2026-05-19 17:26:40 /assets/css/datatable/datatable.css ....................................................... ~ 0s
  2026-05-19 17:26:40 /assets/css/datatable/buttons.dataTables.min.css .......................................... ~ 0s
  2026-05-19 17:26:40 /css/custom-style.css ..................................................................... ~ 0s
  2026-05-19 17:26:40 /assets/images/logo/1725962670_66e019ae94ca7_default.png .................................. ~ 0s
  2026-05-19 17:26:40 /plugins/jquery/jquery.min.js ............................................................. ~ 0s
  2026-05-19 17:26:40 /plugins/jquery-ui/jquery-ui.min.js ....................................................... ~ 0s
  2026-05-19 17:26:40 /dist/css/adminlte.min.css.map ............................................................ ~ 0s
  2026-05-19 17:26:40 /plugins/fontawesome-free/webfonts/fa-solid-900.woff2 ..................................... ~ 0s
  2026-05-19 17:26:40 /plugins/bootstrap/js/bootstrap.bundle.min.js ............................................. ~ 0s
  2026-05-19 17:26:40 /plugins/chart.js/Chart.min.js ............................................................ ~ 0s
  2026-05-19 17:26:40 /plugins/sparklines/sparkline.js .......................................................... ~ 0s
  2026-05-19 17:26:40 /plugins/jqvmap/jquery.vmap.min.js ........................................................ ~ 0s
  2026-05-19 17:26:40 /plugins/jqvmap/maps/jquery.vmap.usa.js ................................................... ~ 0s
  2026-05-19 17:26:40 /plugins/jquery-knob/jquery.knob.min.js ................................................... ~ 0s
  2026-05-19 17:26:40 /plugins/moment/moment.min.js ............................................................. ~ 0s
  2026-05-19 17:26:40 /plugins/daterangepicker/daterangepicker.js ............................................... ~ 0s
  2026-05-19 17:26:40 /plugins/tempusdominus-bootstrap-4/js/tempusdominus-bootstrap-4.min.js .................... ~ 0s
  2026-05-19 17:26:40 /plugins/summernote/summernote-bs4.min.js ................................................. ~ 0s
  2026-05-19 17:26:40 /plugins/bootstrap/js/bootstrap.bundle.min.js.map ......................................... ~ 0s
  2026-05-19 17:26:40 /plugins/moment/moment.min.js.map ......................................................... ~ 0s
  2026-05-19 17:26:40 /plugins/overlayScrollbars/js/jquery.overlayScrollbars.min.js ............................. ~ 0s
  2026-05-19 17:26:40 /dist/js/adminlte.js ...................................................................... ~ 0s
  2026-05-19 17:26:40 /plugins/select2/js/select2.full.min.js ................................................... ~ 0s
  2026-05-19 17:26:40 /js/custom-script.js ...................................................................... ~ 0s
  2026-05-19 17:26:40 /plugins/dropzone/min/dropzone.min.js ..................................................... ~ 0s
  2026-05-19 17:26:40 /assets/js/datatable/datatable.js ......................................................... ~ 0s
  2026-05-19 17:26:40 /assets/js/datatable/jquery.dataTables.min.js ............................................. ~ 0s
  2026-05-19 17:26:40 /assets/js/datatable/dataTables.buttons.min.js ............................................ ~ 0s
  2026-05-19 17:26:40 /dist/js/adminlte.js.map .................................................................. ~ 0s
  2026-05-19 17:26:40 ........................................................................................... ~ 0s
  2026-05-19 17:26:40 ........................................................................................... ~ 0s
  2026-05-19 17:26:40 ........................................................................................... ~ 0s
  2026-05-19 17:26:40 ........................................................................................... ~ 1s
  2026-05-19 17:26:41 ........................................................................................... ~ 0s
  2026-05-19 17:26:41 ........................................................................................... ~ 0s
  2026-05-19 17:26:41 ........................................................................................... ~ 0s
  2026-05-19 17:26:40 /assets/images/logo/1689667124_64b64634a7230_logo-icon.png ................................ ~ 1s
  2026-05-19 17:26:41 ........................................................................................... ~ 0s
  2026-05-19 17:26:41 ........................................................................................... ~ 0s
  2026-05-19 17:26:41 ........................................................................................... ~ 0s
  2026-05-19 17:26:41 /assets/images/no-image.png ............................................................... ~ 0s
  2026-05-19 17:27:19 ........................................................................................... ~ 0s
  2026-05-19 17:27:19 /plugins/fontawesome-free/css/all.min.css ................................................. ~ 0s
  2026-05-19 17:27:19 ........................................................................................... ~ 1s
  2026-05-19 17:27:20 /plugins/tempusdominus-bootstrap-4/css/tempusdominus-bootstrap-4.min.css .................. ~ 0s
  2026-05-19 17:27:20 /plugins/icheck-bootstrap/icheck-bootstrap.min.css ........................................ ~ 0s
  2026-05-19 17:27:20 /plugins/jqvmap/jqvmap.min.css ............................................................ ~ 0s
  2026-05-19 17:27:20 /plugins/overlayScrollbars/css/OverlayScrollbars.min.css .................................. ~ 0s
  2026-05-19 17:27:20 /plugins/daterangepicker/daterangepicker.css .............................................. ~ 0s
  2026-05-19 17:27:20 /dist/css/adminlte.min.css ................................................................ ~ 0s
  2026-05-19 17:27:20 /plugins/summernote/summernote-bs4.min.css ................................................ ~ 0s
  2026-05-19 17:27:20 /plugins/select2/css/select2.min.css ...................................................... ~ 0s
  2026-05-19 17:27:20 /plugins/select2-bootstrap4-theme/select2-bootstrap4.min.css .............................. ~ 0s
  2026-05-19 17:27:20 /plugins/dropzone/min/dropzone.min.css .................................................... ~ 0s
  2026-05-19 17:27:20 /assets/css/datatable/datatable.css ....................................................... ~ 0s
  2026-05-19 17:27:20 /assets/css/datatable/buttons.dataTables.min.css .......................................... ~ 0s
  2026-05-19 17:27:20 /css/custom-style.css ..................................................................... ~ 0s
  2026-05-19 17:27:20 /assets/images/logo/1725962670_66e019ae94ca7_default.png .................................. ~ 0s
  2026-05-19 17:27:20 /plugins/jquery/jquery.min.js ............................................................. ~ 0s
  2026-05-19 17:27:20 /dist/css/adminlte.min.css.map ............................................................ ~ 0s
  2026-05-19 17:27:20 /plugins/fontawesome-free/webfonts/fa-solid-900.woff2 ..................................... ~ 0s
  2026-05-19 17:27:20 /plugins/jquery-ui/jquery-ui.min.js ....................................................... ~ 0s
  2026-05-19 17:27:20 /plugins/bootstrap/js/bootstrap.bundle.min.js ............................................. ~ 0s
  2026-05-19 17:27:20 /plugins/chart.js/Chart.min.js ............................................................ ~ 0s
  2026-05-19 17:27:20 /plugins/sparklines/sparkline.js .......................................................... ~ 0s
  2026-05-19 17:27:20 /plugins/jqvmap/jquery.vmap.min.js ........................................................ ~ 0s
  2026-05-19 17:27:20 /plugins/jqvmap/maps/jquery.vmap.usa.js ................................................... ~ 0s
  2026-05-19 17:27:20 /plugins/jquery-knob/jquery.knob.min.js ................................................... ~ 0s
  2026-05-19 17:27:20 /plugins/moment/moment.min.js ............................................................. ~ 0s
  2026-05-19 17:27:20 /plugins/daterangepicker/daterangepicker.js ............................................... ~ 0s
  2026-05-19 17:27:20 /plugins/tempusdominus-bootstrap-4/js/tempusdominus-bootstrap-4.min.js .................... ~ 0s
  2026-05-19 17:27:20 /plugins/summernote/summernote-bs4.min.js ................................................. ~ 0s
  2026-05-19 17:27:20 /plugins/overlayScrollbars/js/jquery.overlayScrollbars.min.js ............................. ~ 0s
  2026-05-19 17:27:20 /dist/js/adminlte.js ...................................................................... ~ 0s
  2026-05-19 17:27:20 /plugins/select2/js/select2.full.min.js ................................................... ~ 0s
  2026-05-19 17:27:20 /js/custom-script.js ...................................................................... ~ 0s
  2026-05-19 17:27:20 /plugins/dropzone/min/dropzone.min.js ..................................................... ~ 0s
  2026-05-19 17:27:20 /assets/js/datatable/jquery.dataTables.min.js ............................................. ~ 0s
  2026-05-19 17:27:20 /assets/js/datatable/datatable.js ......................................................... ~ 0s
  2026-05-19 17:27:20 /assets/js/datatable/dataTables.buttons.min.js ............................................ ~ 0s
  2026-05-19 17:27:20 /plugins/bootstrap/js/bootstrap.bundle.min.js.map ......................................... ~ 0s
  2026-05-19 17:27:20 /plugins/moment/moment.min.js.map ......................................................... ~ 0s
  2026-05-19 17:27:20 /dist/js/adminlte.js.map .................................................................. ~ 0s
  2026-05-19 17:27:20 ........................................................................................... ~ 0s
  2026-05-19 17:27:21 ........................................................................................... ~ 0s
  2026-05-19 17:27:21 ........................................................................................... ~ 0s
  2026-05-19 17:27:21 ........................................................................................... ~ 0s
  2026-05-19 17:27:21 ........................................................................................... ~ 0s
  2026-05-19 17:27:21 ........................................................................................... ~ 0s
  2026-05-19 17:27:21 ........................................................................................... ~ 0s
  2026-05-19 17:27:21 /assets/images/logo/1689667124_64b64634a7230_logo-icon.png ................................ ~ 0s
  2026-05-19 17:27:21 ........................................................................................... ~ 0s
  2026-05-19 17:27:21 ........................................................................................... ~ 0s
  2026-05-19 17:27:21 ........................................................................................... ~ 1s
  2026-05-19 17:27:21 /assets/images/no-image.png ............................................................... ~ 1s
  2026-05-19 17:27:42 ........................................................................................... ~ 1s
  2026-05-19 17:27:42 /plugins/fontawesome-free/css/all.min.css ................................................. ~ 1s
  2026-05-19 17:27:43 ........................................................................................... ~ 0s
  2026-05-19 17:27:43 /plugins/tempusdominus-bootstrap-4/css/tempusdominus-bootstrap-4.min.css .................. ~ 0s
  2026-05-19 17:27:43 /plugins/icheck-bootstrap/icheck-bootstrap.min.css ........................................ ~ 0s
  2026-05-19 17:27:43 /plugins/jqvmap/jqvmap.min.css ............................................................ ~ 0s
  2026-05-19 17:27:43 /plugins/overlayScrollbars/css/OverlayScrollbars.min.css .................................. ~ 0s
  2026-05-19 17:27:43 /dist/css/adminlte.min.css ................................................................ ~ 0s
  2026-05-19 17:27:43 /plugins/daterangepicker/daterangepicker.css .............................................. ~ 0s
  2026-05-19 17:27:43 /plugins/summernote/summernote-bs4.min.css ................................................ ~ 0s
  2026-05-19 17:27:43 /plugins/select2/css/select2.min.css ...................................................... ~ 0s
  2026-05-19 17:27:43 /plugins/select2-bootstrap4-theme/select2-bootstrap4.min.css .............................. ~ 0s
  2026-05-19 17:27:43 /plugins/dropzone/min/dropzone.min.css .................................................... ~ 0s
  2026-05-19 17:27:43 /assets/css/datatable/datatable.css ....................................................... ~ 0s
  2026-05-19 17:27:43 /assets/css/datatable/buttons.dataTables.min.css .......................................... ~ 0s
  2026-05-19 17:27:43 /css/custom-style.css ..................................................................... ~ 0s
  2026-05-19 17:27:43 /assets/images/logo/1725962670_66e019ae94ca7_default.png .................................. ~ 0s
  2026-05-19 17:27:43 /plugins/jquery/jquery.min.js ............................................................. ~ 0s
  2026-05-19 17:27:43 /plugins/jquery-ui/jquery-ui.min.js ....................................................... ~ 0s
  2026-05-19 17:27:43 /plugins/fontawesome-free/webfonts/fa-solid-900.woff2 ..................................... ~ 0s
  2026-05-19 17:27:43 /dist/css/adminlte.min.css.map ............................................................ ~ 0s
  2026-05-19 17:27:43 /plugins/bootstrap/js/bootstrap.bundle.min.js ............................................. ~ 0s
  2026-05-19 17:27:43 /plugins/chart.js/Chart.min.js ............................................................ ~ 0s
  2026-05-19 17:27:43 /plugins/sparklines/sparkline.js .......................................................... ~ 0s
  2026-05-19 17:27:43 /plugins/jqvmap/jquery.vmap.min.js ........................................................ ~ 0s
  2026-05-19 17:27:43 /plugins/jqvmap/maps/jquery.vmap.usa.js ................................................... ~ 0s
  2026-05-19 17:27:43 /plugins/jquery-knob/jquery.knob.min.js ................................................... ~ 0s
  2026-05-19 17:27:43 /plugins/moment/moment.min.js ............................................................. ~ 0s
  2026-05-19 17:27:43 /plugins/daterangepicker/daterangepicker.js ............................................... ~ 0s
  2026-05-19 17:27:43 /plugins/bootstrap/js/bootstrap.bundle.min.js.map ......................................... ~ 0s
  2026-05-19 17:27:43 /plugins/tempusdominus-bootstrap-4/js/tempusdominus-bootstrap-4.min.js .................... ~ 0s
  2026-05-19 17:27:43 /plugins/summernote/summernote-bs4.min.js ................................................. ~ 0s
  2026-05-19 17:27:43 /plugins/moment/moment.min.js.map ......................................................... ~ 0s
  2026-05-19 17:27:43 /plugins/overlayScrollbars/js/jquery.overlayScrollbars.min.js ............................. ~ 0s
  2026-05-19 17:27:43 /dist/js/adminlte.js ...................................................................... ~ 0s
  2026-05-19 17:27:43 /plugins/select2/js/select2.full.min.js ................................................... ~ 0s
  2026-05-19 17:27:43 /js/custom-script.js ...................................................................... ~ 0s
  2026-05-19 17:27:43 /plugins/dropzone/min/dropzone.min.js ..................................................... ~ 0s
  2026-05-19 17:27:43 /assets/js/datatable/jquery.dataTables.min.js ............................................. ~ 0s
  2026-05-19 17:27:43 /assets/js/datatable/dataTables.buttons.min.js ............................................ ~ 0s
  2026-05-19 17:27:43 /assets/js/datatable/datatable.js ......................................................... ~ 0s
  2026-05-19 17:27:43 ........................................................................................... ~ 0s
  2026-05-19 17:27:43 /dist/js/adminlte.js.map .................................................................. ~ 0s
  2026-05-19 17:27:44 ........................................................................................... ~ 0s
  2026-05-19 17:27:44 ........................................................................................... ~ 0s
  2026-05-19 17:27:44 ........................................................................................... ~ 0s
  2026-05-19 17:27:44 ........................................................................................... ~ 0s
  2026-05-19 17:27:44 ........................................................................................... ~ 0s
  2026-05-19 17:27:44 ........................................................................................... ~ 0s
  2026-05-19 17:27:44 /assets/images/logo/1689667124_64b64634a7230_logo-icon.png ................................ ~ 0s
  2026-05-19 17:27:44 ........................................................................................... ~ 1s
  2026-05-19 17:27:44 ........................................................................................... ~ 1s
  2026-05-19 17:27:45 ........................................................................................... ~ 0s
  2026-05-19 17:27:45 /assets/images/no-image.png ............................................................... ~ 0s
  2026-05-19 17:27:52 ........................................................................................... ~ 0s
  2026-05-19 17:27:52 /plugins/fontawesome-free/css/all.min.css ................................................. ~ 0s
  2026-05-19 17:27:52 ........................................................................................... ~ 0s
  2026-05-19 17:27:53 /plugins/tempusdominus-bootstrap-4/css/tempusdominus-bootstrap-4.min.css .................. ~ 0s
  2026-05-19 17:27:53 /plugins/icheck-bootstrap/icheck-bootstrap.min.css ........................................ ~ 0s
  2026-05-19 17:27:53 /plugins/jqvmap/jqvmap.min.css ............................................................ ~ 0s
  2026-05-19 17:27:53 /plugins/overlayScrollbars/css/OverlayScrollbars.min.css .................................. ~ 0s
  2026-05-19 17:27:53 /plugins/daterangepicker/daterangepicker.css .............................................. ~ 0s
  2026-05-19 17:27:53 /dist/css/adminlte.min.css ................................................................ ~ 0s
  2026-05-19 17:27:53 /plugins/summernote/summernote-bs4.min.css ................................................ ~ 0s
  2026-05-19 17:27:53 /plugins/select2/css/select2.min.css ...................................................... ~ 0s
  2026-05-19 17:27:53 /plugins/select2-bootstrap4-theme/select2-bootstrap4.min.css .............................. ~ 0s
  2026-05-19 17:27:53 /plugins/dropzone/min/dropzone.min.css .................................................... ~ 0s
  2026-05-19 17:27:53 /assets/css/datatable/datatable.css ....................................................... ~ 0s
  2026-05-19 17:27:53 /assets/css/datatable/buttons.dataTables.min.css .......................................... ~ 0s
  2026-05-19 17:27:53 /css/custom-style.css ..................................................................... ~ 0s
  2026-05-19 17:27:53 /assets/images/logo/1725962670_66e019ae94ca7_default.png .................................. ~ 0s
  2026-05-19 17:27:53 /plugins/jquery/jquery.min.js ............................................................. ~ 0s
  2026-05-19 17:27:53 /plugins/jquery-ui/jquery-ui.min.js ....................................................... ~ 0s
  2026-05-19 17:27:53 /plugins/bootstrap/js/bootstrap.bundle.min.js ............................................. ~ 0s
  2026-05-19 17:27:53 /plugins/chart.js/Chart.min.js ............................................................ ~ 0s
  2026-05-19 17:27:53 /dist/css/adminlte.min.css.map ............................................................ ~ 0s
  2026-05-19 17:27:53 /plugins/sparklines/sparkline.js .......................................................... ~ 0s
  2026-05-19 17:27:53 /plugins/jqvmap/jquery.vmap.min.js ........................................................ ~ 0s
  2026-05-19 17:27:53 /plugins/fontawesome-free/webfonts/fa-solid-900.woff2 ..................................... ~ 0s
  2026-05-19 17:27:53 /plugins/jqvmap/maps/jquery.vmap.usa.js ................................................... ~ 0s
  2026-05-19 17:27:53 /plugins/jquery-knob/jquery.knob.min.js ................................................... ~ 0s
  2026-05-19 17:27:53 /plugins/bootstrap/js/bootstrap.bundle.min.js.map ......................................... ~ 0s
  2026-05-19 17:27:53 /plugins/moment/moment.min.js ............................................................. ~ 0s
  2026-05-19 17:27:53 /plugins/daterangepicker/daterangepicker.js ............................................... ~ 0s
  2026-05-19 17:27:53 /plugins/tempusdominus-bootstrap-4/js/tempusdominus-bootstrap-4.min.js .................... ~ 0s
  2026-05-19 17:27:53 /plugins/summernote/summernote-bs4.min.js ................................................. ~ 0s
  2026-05-19 17:27:53 /plugins/overlayScrollbars/js/jquery.overlayScrollbars.min.js ............................. ~ 0s
  2026-05-19 17:27:53 /dist/js/adminlte.js ...................................................................... ~ 0s
  2026-05-19 17:27:53 /plugins/select2/js/select2.full.min.js ................................................... ~ 0s
  2026-05-19 17:27:53 /js/custom-script.js ...................................................................... ~ 0s
  2026-05-19 17:27:53 /plugins/dropzone/min/dropzone.min.js ..................................................... ~ 0s
  2026-05-19 17:27:53 /assets/js/datatable/jquery.dataTables.min.js ............................................. ~ 0s
  2026-05-19 17:27:53 /assets/js/datatable/datatable.js ......................................................... ~ 0s
  2026-05-19 17:27:53 /assets/js/datatable/dataTables.buttons.min.js ............................................ ~ 0s
  2026-05-19 17:27:53 /plugins/moment/moment.min.js.map ......................................................... ~ 0s
  2026-05-19 17:27:53 ........................................................................................... ~ 0s
  2026-05-19 17:27:53 /dist/js/adminlte.js.map .................................................................. ~ 0s
  2026-05-19 17:27:53 ........................................................................................... ~ 1s
  2026-05-19 17:27:54 ........................................................................................... ~ 0s
  2026-05-19 17:27:54 ........................................................................................... ~ 0s
  2026-05-19 17:27:54 ........................................................................................... ~ 0s
  2026-05-19 17:27:54 ........................................................................................... ~ 0s
  2026-05-19 17:27:54 ........................................................................................... ~ 0s
  2026-05-19 17:27:54 /assets/images/logo/1689667124_64b64634a7230_logo-icon.png ................................ ~ 0s
  2026-05-19 17:27:54 ........................................................................................... ~ 0s
  2026-05-19 17:27:54 ........................................................................................... ~ 0s
  2026-05-19 17:27:54 ........................................................................................... ~ 0s
  2026-05-19 17:27:54 /assets/images/no-image.png ............................................................... ~ 0s
  2026-05-19 17:28:33 ........................................................................................... ~ 1s
  2026-05-19 17:28:33 /plugins/fontawesome-free/css/all.min.css ................................................. ~ 1s
  2026-05-19 17:28:34 ........................................................................................... ~ 0s
  2026-05-19 17:28:34 /plugins/tempusdominus-bootstrap-4/css/tempusdominus-bootstrap-4.min.css .................. ~ 0s
  2026-05-19 17:28:34 /plugins/icheck-bootstrap/icheck-bootstrap.min.css ........................................ ~ 0s
  2026-05-19 17:28:34 /plugins/jqvmap/jqvmap.min.css ............................................................ ~ 0s
  2026-05-19 17:28:34 /dist/css/adminlte.min.css ................................................................ ~ 0s
  2026-05-19 17:28:34 /plugins/overlayScrollbars/css/OverlayScrollbars.min.css .................................. ~ 0s
  2026-05-19 17:28:34 /plugins/daterangepicker/daterangepicker.css .............................................. ~ 0s
  2026-05-19 17:28:34 /plugins/summernote/summernote-bs4.min.css ................................................ ~ 0s
  2026-05-19 17:28:34 /plugins/select2/css/select2.min.css ...................................................... ~ 0s
  2026-05-19 17:28:34 /plugins/select2-bootstrap4-theme/select2-bootstrap4.min.css .............................. ~ 0s
  2026-05-19 17:28:34 /plugins/dropzone/min/dropzone.min.css .................................................... ~ 0s
  2026-05-19 17:28:34 /dist/css/adminlte.min.css.map ............................................................ ~ 0s
  2026-05-19 17:28:34 /assets/css/datatable/datatable.css ....................................................... ~ 0s
  2026-05-19 17:28:34 /assets/css/datatable/buttons.dataTables.min.css .......................................... ~ 0s
  2026-05-19 17:28:34 /css/custom-style.css ..................................................................... ~ 0s
  2026-05-19 17:28:34 /assets/images/logo/1725962670_66e019ae94ca7_default.png .................................. ~ 0s
  2026-05-19 17:28:34 /plugins/jquery/jquery.min.js ............................................................. ~ 0s
  2026-05-19 17:28:34 /plugins/jquery-ui/jquery-ui.min.js ....................................................... ~ 0s
  2026-05-19 17:28:34 /plugins/bootstrap/js/bootstrap.bundle.min.js ............................................. ~ 0s
  2026-05-19 17:28:34 /plugins/bootstrap/js/bootstrap.bundle.min.js.map ......................................... ~ 0s
  2026-05-19 17:28:34 /plugins/fontawesome-free/webfonts/fa-solid-900.woff2 ..................................... ~ 0s
  2026-05-19 17:28:34 /plugins/chart.js/Chart.min.js ............................................................ ~ 0s
  2026-05-19 17:28:34 /plugins/sparklines/sparkline.js .......................................................... ~ 0s
  2026-05-19 17:28:34 /plugins/jqvmap/jquery.vmap.min.js ........................................................ ~ 0s
  2026-05-19 17:28:34 /plugins/jqvmap/maps/jquery.vmap.usa.js ................................................... ~ 0s
  2026-05-19 17:28:34 /plugins/jquery-knob/jquery.knob.min.js ................................................... ~ 0s
  2026-05-19 17:28:34 /plugins/moment/moment.min.js ............................................................. ~ 0s
  2026-05-19 17:28:34 /plugins/daterangepicker/daterangepicker.js ............................................... ~ 0s
  2026-05-19 17:28:34 /plugins/tempusdominus-bootstrap-4/js/tempusdominus-bootstrap-4.min.js .................... ~ 0s
  2026-05-19 17:28:34 /plugins/moment/moment.min.js.map ......................................................... ~ 0s
  2026-05-19 17:28:34 /plugins/summernote/summernote-bs4.min.js ................................................. ~ 0s
  2026-05-19 17:28:34 /plugins/overlayScrollbars/js/jquery.overlayScrollbars.min.js ............................. ~ 0s
  2026-05-19 17:28:34 /dist/js/adminlte.js ...................................................................... ~ 0s
  2026-05-19 17:28:34 /plugins/select2/js/select2.full.min.js ................................................... ~ 0s
  2026-05-19 17:28:34 /js/custom-script.js ...................................................................... ~ 0s
  2026-05-19 17:28:34 /plugins/dropzone/min/dropzone.min.js ..................................................... ~ 0s
  2026-05-19 17:28:34 /assets/js/datatable/jquery.dataTables.min.js ............................................. ~ 0s
  2026-05-19 17:28:34 /assets/js/datatable/datatable.js ......................................................... ~ 0s
  2026-05-19 17:28:34 /assets/js/datatable/dataTables.buttons.min.js ............................................ ~ 0s
  2026-05-19 17:28:34 ........................................................................................... ~ 1s
  2026-05-19 17:28:35 /dist/js/adminlte.js.map .................................................................. ~ 0s
  2026-05-19 17:28:35 ........................................................................................... ~ 0s
  2026-05-19 17:28:35 ........................................................................................... ~ 0s
  2026-05-19 17:28:35 ........................................................................................... ~ 0s
  2026-05-19 17:28:35 ........................................................................................... ~ 0s
  2026-05-19 17:28:35 ........................................................................................... ~ 0s
  2026-05-19 17:28:35 ........................................................................................... ~ 1s
  2026-05-19 17:28:35 /assets/images/logo/1689667124_64b64634a7230_logo-icon.png ................................ ~ 1s
  2026-05-19 17:28:35 ........................................................................................... ~ 1s
  2026-05-19 17:28:36 ........................................................................................... ~ 0s
  2026-05-19 17:28:36 ........................................................................................... ~ 0s
  2026-05-19 17:28:36 /assets/images/no-image.png ............................................................... ~ 0s
  2026-05-20 07:47:16 /favicon.ico .............................................................................. ~ 0s
  2026-05-20 07:47:16 .......................................................................................... ~ 65s
  2026-05-20 07:49:19 ........................................................................................... ~ 8s
  2026-05-20 07:49:19 ........................................................................................... ~ 9s
  2026-05-20 07:49:28 /assets/css/back-top/backToTop.css ........................................................ ~ 0s
  2026-05-20 07:49:28 /assets/css/bootstrap/bootstrap.min.css ................................................... ~ 0s
  2026-05-20 07:49:28 /assets/css/style.min.css ................................................................. ~ 0s
  2026-05-20 07:49:28 /assets/images/logo/1725962670_66e019ae94ca7_default.png .................................. ~ 0s
  2026-05-20 07:49:28 /assets/images/authentication/register.svg ................................................ ~ 0s
  2026-05-20 07:49:28 /assets/js/bootstrap/bootstrap.bundle.min.js .............................................. ~ 0s
  2026-05-20 07:49:28 /assets/js/tooltip/tooltip.js ............................................................. ~ 0s
  2026-05-20 07:49:28 /assets/js/back-top/backToTop.js .......................................................... ~ 0s
  2026-05-20 07:49:28 /assets/js/back-top/backtop.js ............................................................ ~ 0s
  2026-05-20 07:49:28 /assets/js/copyright/copyright.js ......................................................... ~ 0s
  2026-05-20 07:49:28 /assets/js/validation/validation.js ....................................................... ~ 0s
  2026-05-20 07:49:28 /assets/cursor/chevron-up-solid.svg ....................................................... ~ 0s
  2026-05-20 07:49:36 ........................................................................................... ~ 1s
  2026-05-20 07:49:36 ........................................................................................... ~ 2s
  2026-05-20 07:49:38 /plugins/fontawesome-free/css/all.min.css ................................................. ~ 0s
  2026-05-20 07:49:38 /plugins/tempusdominus-bootstrap-4/css/tempusdominus-bootstrap-4.min.css .................. ~ 0s
  2026-05-20 07:49:38 /plugins/icheck-bootstrap/icheck-bootstrap.min.css ........................................ ~ 0s
  2026-05-20 07:49:38 /plugins/jqvmap/jqvmap.min.css ............................................................ ~ 0s
  2026-05-20 07:49:38 /plugins/overlayScrollbars/css/OverlayScrollbars.min.css .................................. ~ 0s
  2026-05-20 07:49:38 /plugins/daterangepicker/daterangepicker.css .............................................. ~ 0s
  2026-05-20 07:49:38 /plugins/summernote/summernote-bs4.min.css ................................................ ~ 0s
  2026-05-20 07:49:38 /plugins/select2/css/select2.min.css ...................................................... ~ 0s
  2026-05-20 07:49:38 /plugins/select2-bootstrap4-theme/select2-bootstrap4.min.css .............................. ~ 0s
  2026-05-20 07:49:38 /plugins/dropzone/min/dropzone.min.css .................................................... ~ 0s
  2026-05-20 07:49:38 /assets/css/datatable/datatable.css ....................................................... ~ 0s
  2026-05-20 07:49:38 /assets/css/datatable/buttons.dataTables.min.css .......................................... ~ 0s
  2026-05-20 07:49:38 /css/custom-style.css ..................................................................... ~ 0s
  2026-05-20 07:49:38 /dist/css/adminlte.min.css ................................................................ ~ 0s
  2026-05-20 07:49:38 /assets/images/logo/1725962670_66e019ae94ca7_default.png .................................. ~ 0s
  2026-05-20 07:49:38 /plugins/jquery/jquery.min.js ............................................................. ~ 0s
  2026-05-20 07:49:38 /plugins/jquery-ui/jquery-ui.min.js ....................................................... ~ 0s
  2026-05-20 07:49:38 /plugins/bootstrap/js/bootstrap.bundle.min.js ............................................. ~ 0s
  2026-05-20 07:49:38 /plugins/chart.js/Chart.min.js ............................................................ ~ 0s
  2026-05-20 07:49:38 /plugins/sparklines/sparkline.js .......................................................... ~ 0s
  2026-05-20 07:49:38 /plugins/jqvmap/jquery.vmap.min.js ........................................................ ~ 0s
  2026-05-20 07:49:38 /plugins/jqvmap/maps/jquery.vmap.usa.js ................................................... ~ 1s
  2026-05-20 07:49:38 /plugins/fontawesome-free/webfonts/fa-solid-900.woff2 ..................................... ~ 1s
  2026-05-20 07:49:38 /plugins/fontawesome-free/webfonts/fa-regular-400.woff2 ................................... ~ 1s
  2026-05-20 07:49:38 /plugins/jquery-knob/jquery.knob.min.js ................................................... ~ 1s
  2026-05-20 07:49:38 /plugins/moment/moment.min.js ............................................................. ~ 1s
  2026-05-20 07:49:39 /plugins/daterangepicker/daterangepicker.js ............................................... ~ 0s
  2026-05-20 07:49:39 /plugins/tempusdominus-bootstrap-4/js/tempusdominus-bootstrap-4.min.js .................... ~ 0s
  2026-05-20 07:49:39 /plugins/summernote/summernote-bs4.min.js ................................................. ~ 0s
  2026-05-20 07:49:39 /plugins/overlayScrollbars/js/jquery.overlayScrollbars.min.js ............................. ~ 0s
  2026-05-20 07:49:39 /dist/js/adminlte.js ...................................................................... ~ 0s
  2026-05-20 07:49:39 /plugins/select2/js/select2.full.min.js ................................................... ~ 0s
  2026-05-20 07:49:39 /js/custom-script.js ...................................................................... ~ 0s
  2026-05-20 07:49:39 /plugins/dropzone/min/dropzone.min.js ..................................................... ~ 0s
  2026-05-20 07:49:39 /assets/js/datatable/jquery.dataTables.min.js ............................................. ~ 0s
  2026-05-20 07:49:39 /assets/js/datatable/dataTables.buttons.min.js ............................................ ~ 0s
  2026-05-20 07:49:39 /assets/js/datatable/datatable.js ......................................................... ~ 0s
  2026-05-20 07:49:43 ........................................................................................... ~ 0s
  2026-05-20 07:49:43 /plugins/fontawesome-free/css/all.min.css ................................................. ~ 0s
  2026-05-20 07:49:43 /plugins/tempusdominus-bootstrap-4/css/tempusdominus-bootstrap-4.min.css .................. ~ 0s
  2026-05-20 07:49:43 /plugins/icheck-bootstrap/icheck-bootstrap.min.css ........................................ ~ 0s
  2026-05-20 07:49:43 /plugins/jqvmap/jqvmap.min.css ............................................................ ~ 0s
  2026-05-20 07:49:43 /plugins/overlayScrollbars/css/OverlayScrollbars.min.css .................................. ~ 0s
  2026-05-20 07:49:43 /plugins/daterangepicker/daterangepicker.css .............................................. ~ 0s
  2026-05-20 07:49:43 /plugins/summernote/summernote-bs4.min.css ................................................ ~ 0s
  2026-05-20 07:49:43 /plugins/select2/css/select2.min.css ...................................................... ~ 0s
  2026-05-20 07:49:43 /plugins/select2-bootstrap4-theme/select2-bootstrap4.min.css .............................. ~ 0s
  2026-05-20 07:49:43 /plugins/dropzone/min/dropzone.min.css .................................................... ~ 0s
  2026-05-20 07:49:43 /assets/css/datatable/datatable.css ....................................................... ~ 0s
  2026-05-20 07:49:43 /dist/css/adminlte.min.css ................................................................ ~ 0s
  2026-05-20 07:49:43 /assets/css/datatable/buttons.dataTables.min.css .......................................... ~ 0s
  2026-05-20 07:49:43 /css/custom-style.css ..................................................................... ~ 0s
  2026-05-20 07:49:43 /assets/images/logo/1725962670_66e019ae94ca7_default.png .................................. ~ 0s
  2026-05-20 07:49:43 /plugins/jquery/jquery.min.js ............................................................. ~ 0s
  2026-05-20 07:49:43 /plugins/jquery-ui/jquery-ui.min.js ....................................................... ~ 0s
  2026-05-20 07:49:43 /plugins/bootstrap/js/bootstrap.bundle.min.js ............................................. ~ 0s
  2026-05-20 07:49:43 /plugins/chart.js/Chart.min.js ............................................................ ~ 0s
  2026-05-20 07:49:43 /plugins/sparklines/sparkline.js .......................................................... ~ 0s
  2026-05-20 07:49:43 /plugins/jqvmap/jquery.vmap.min.js ........................................................ ~ 0s
  2026-05-20 07:49:43 /plugins/jqvmap/maps/jquery.vmap.usa.js ................................................... ~ 0s
  2026-05-20 07:49:43 /plugins/jquery-knob/jquery.knob.min.js ................................................... ~ 0s
  2026-05-20 07:49:43 /plugins/moment/moment.min.js ............................................................. ~ 0s
  2026-05-20 07:49:43 /plugins/daterangepicker/daterangepicker.js ............................................... ~ 0s
  2026-05-20 07:49:43 /plugins/tempusdominus-bootstrap-4/js/tempusdominus-bootstrap-4.min.js .................... ~ 0s
  2026-05-20 07:49:43 /plugins/summernote/summernote-bs4.min.js ................................................. ~ 0s
  2026-05-20 07:49:43 /plugins/overlayScrollbars/js/jquery.overlayScrollbars.min.js ............................. ~ 0s
  2026-05-20 07:49:43 /dist/js/adminlte.js ...................................................................... ~ 0s
  2026-05-20 07:49:43 /plugins/select2/js/select2.full.min.js ................................................... ~ 0s
  2026-05-20 07:49:43 /js/custom-script.js ...................................................................... ~ 0s
  2026-05-20 07:49:43 /plugins/dropzone/min/dropzone.min.js ..................................................... ~ 0s
  2026-05-20 07:49:43 /assets/js/datatable/jquery.dataTables.min.js ............................................. ~ 0s
  2026-05-20 07:49:43 /assets/js/datatable/dataTables.buttons.min.js ............................................ ~ 0s
  2026-05-20 07:49:43 /plugins/fontawesome-free/webfonts/fa-solid-900.woff2 ..................................... ~ 0s
  2026-05-20 07:49:43 /assets/js/datatable/datatable.js ......................................................... ~ 0s
  2026-05-20 07:49:43 ........................................................................................... ~ 0s
  2026-05-20 07:49:43 ........................................................................................... ~ 1s
  2026-05-20 07:49:43 ........................................................................................... ~ 1s
  2026-05-20 07:49:44 ........................................................................................... ~ 0s
  2026-05-20 07:49:44 ........................................................................................... ~ 0s
  2026-05-20 07:49:44 ........................................................................................... ~ 0s
  2026-05-20 07:49:44 ........................................................................................... ~ 0s
  2026-05-20 07:49:44 ........................................................................................... ~ 0s
  2026-05-20 07:49:44 ........................................................................................... ~ 1s
  2026-05-20 07:49:44 /assets/images/no-image.png ............................................................... ~ 1s
  2026-05-20 07:49:47 ........................................................................................... ~ 0s
  2026-05-20 07:49:47 /plugins/fontawesome-free/css/all.min.css ................................................. ~ 0s
  2026-05-20 07:49:47 /plugins/tempusdominus-bootstrap-4/css/tempusdominus-bootstrap-4.min.css .................. ~ 0s
  2026-05-20 07:49:47 /plugins/icheck-bootstrap/icheck-bootstrap.min.css ........................................ ~ 0s
  2026-05-20 07:49:47 /plugins/jqvmap/jqvmap.min.css ............................................................ ~ 0s
  2026-05-20 07:49:47 /plugins/overlayScrollbars/css/OverlayScrollbars.min.css .................................. ~ 0s
  2026-05-20 07:49:47 /plugins/daterangepicker/daterangepicker.css .............................................. ~ 0s
  2026-05-20 07:49:47 /plugins/summernote/summernote-bs4.min.css ................................................ ~ 0s
  2026-05-20 07:49:47 /plugins/select2/css/select2.min.css ...................................................... ~ 0s
  2026-05-20 07:49:47 /plugins/select2-bootstrap4-theme/select2-bootstrap4.min.css .............................. ~ 0s
  2026-05-20 07:49:47 /plugins/dropzone/min/dropzone.min.css .................................................... ~ 0s
  2026-05-20 07:49:47 /assets/css/datatable/datatable.css ....................................................... ~ 0s
  2026-05-20 07:49:47 /assets/css/datatable/buttons.dataTables.min.css .......................................... ~ 0s
  2026-05-20 07:49:47 /dist/css/adminlte.min.css ................................................................ ~ 0s
  2026-05-20 07:49:47 /css/custom-style.css ..................................................................... ~ 0s
  2026-05-20 07:49:47 /assets/images/logo/1725962670_66e019ae94ca7_default.png .................................. ~ 0s
  2026-05-20 07:49:47 /plugins/jquery/jquery.min.js ............................................................. ~ 0s
  2026-05-20 07:49:47 /plugins/jquery-ui/jquery-ui.min.js ....................................................... ~ 0s
  2026-05-20 07:49:47 /plugins/bootstrap/js/bootstrap.bundle.min.js ............................................. ~ 0s
  2026-05-20 07:49:47 /plugins/chart.js/Chart.min.js ............................................................ ~ 0s
  2026-05-20 07:49:47 /plugins/sparklines/sparkline.js .......................................................... ~ 0s
  2026-05-20 07:49:47 /plugins/jqvmap/jquery.vmap.min.js ........................................................ ~ 0s
  2026-05-20 07:49:47 /plugins/jqvmap/maps/jquery.vmap.usa.js ................................................... ~ 0s
  2026-05-20 07:49:47 /plugins/jquery-knob/jquery.knob.min.js ................................................... ~ 0s
  2026-05-20 07:49:47 /plugins/moment/moment.min.js ............................................................. ~ 0s
  2026-05-20 07:49:47 /plugins/daterangepicker/daterangepicker.js ............................................... ~ 0s
  2026-05-20 07:49:47 /plugins/tempusdominus-bootstrap-4/js/tempusdominus-bootstrap-4.min.js .................... ~ 0s
  2026-05-20 07:49:47 /plugins/summernote/summernote-bs4.min.js ................................................. ~ 0s
  2026-05-20 07:49:47 /plugins/overlayScrollbars/js/jquery.overlayScrollbars.min.js ............................. ~ 0s
  2026-05-20 07:49:47 /dist/js/adminlte.js ...................................................................... ~ 0s
  2026-05-20 07:49:47 /plugins/select2/js/select2.full.min.js ................................................... ~ 0s
  2026-05-20 07:49:47 /plugins/fontawesome-free/webfonts/fa-solid-900.woff2 ..................................... ~ 0s
  2026-05-20 07:49:47 /js/custom-script.js ...................................................................... ~ 0s
  2026-05-20 07:49:47 /plugins/dropzone/min/dropzone.min.js ..................................................... ~ 0s
  2026-05-20 07:49:47 /assets/js/datatable/jquery.dataTables.min.js ............................................. ~ 0s
  2026-05-20 07:49:47 /assets/js/datatable/dataTables.buttons.min.js ............................................ ~ 0s
  2026-05-20 07:49:47 /assets/js/datatable/datatable.js ......................................................... ~ 0s
  2026-05-20 07:49:47 ........................................................................................... ~ 0s
  2026-05-20 07:49:47 ........................................................................................... ~ 0s
  2026-05-20 07:49:49 ........................................................................................... ~ 0s
  2026-05-20 07:49:49 /plugins/fontawesome-free/css/all.min.css ................................................. ~ 0s
  2026-05-20 07:49:49 /plugins/tempusdominus-bootstrap-4/css/tempusdominus-bootstrap-4.min.css .................. ~ 0s
  2026-05-20 07:49:49 /plugins/icheck-bootstrap/icheck-bootstrap.min.css ........................................ ~ 0s
  2026-05-20 07:49:49 /plugins/jqvmap/jqvmap.min.css ............................................................ ~ 0s
  2026-05-20 07:49:49 /plugins/overlayScrollbars/css/OverlayScrollbars.min.css .................................. ~ 0s
  2026-05-20 07:49:49 /plugins/daterangepicker/daterangepicker.css .............................................. ~ 0s
  2026-05-20 07:49:49 /plugins/summernote/summernote-bs4.min.css ................................................ ~ 0s
  2026-05-20 07:49:49 /plugins/select2/css/select2.min.css ...................................................... ~ 0s
  2026-05-20 07:49:49 /plugins/select2-bootstrap4-theme/select2-bootstrap4.min.css .............................. ~ 0s
  2026-05-20 07:49:49 /plugins/dropzone/min/dropzone.min.css .................................................... ~ 0s
  2026-05-20 07:49:49 /assets/css/datatable/datatable.css ....................................................... ~ 0s
  2026-05-20 07:49:49 /dist/css/adminlte.min.css ................................................................ ~ 0s
  2026-05-20 07:49:49 /assets/css/datatable/buttons.dataTables.min.css .......................................... ~ 0s
  2026-05-20 07:49:49 /css/custom-style.css ..................................................................... ~ 0s
  2026-05-20 07:49:49 /assets/images/logo/1725962670_66e019ae94ca7_default.png .................................. ~ 0s
  2026-05-20 07:49:49 /plugins/jquery/jquery.min.js ............................................................. ~ 0s
  2026-05-20 07:49:49 /plugins/jquery-ui/jquery-ui.min.js ....................................................... ~ 0s
  2026-05-20 07:49:49 /plugins/bootstrap/js/bootstrap.bundle.min.js ............................................. ~ 0s
  2026-05-20 07:49:49 /plugins/chart.js/Chart.min.js ............................................................ ~ 0s
  2026-05-20 07:49:49 /plugins/sparklines/sparkline.js .......................................................... ~ 0s
  2026-05-20 07:49:49 /plugins/jqvmap/jquery.vmap.min.js ........................................................ ~ 0s
  2026-05-20 07:49:49 /plugins/jqvmap/maps/jquery.vmap.usa.js ................................................... ~ 0s
  2026-05-20 07:49:49 /plugins/jquery-knob/jquery.knob.min.js ................................................... ~ 0s
  2026-05-20 07:49:49 /plugins/moment/moment.min.js ............................................................. ~ 0s
  2026-05-20 07:49:49 /plugins/daterangepicker/daterangepicker.js ............................................... ~ 0s
  2026-05-20 07:49:49 /plugins/tempusdominus-bootstrap-4/js/tempusdominus-bootstrap-4.min.js .................... ~ 0s
  2026-05-20 07:49:49 /plugins/overlayScrollbars/js/jquery.overlayScrollbars.min.js ............................. ~ 0s
  2026-05-20 07:49:49 /plugins/summernote/summernote-bs4.min.js ................................................. ~ 0s
  2026-05-20 07:49:49 /dist/js/adminlte.js ...................................................................... ~ 0s
  2026-05-20 07:49:49 /plugins/select2/js/select2.full.min.js ................................................... ~ 0s
  2026-05-20 07:49:49 /js/custom-script.js ...................................................................... ~ 0s
  2026-05-20 07:49:49 /plugins/dropzone/min/dropzone.min.js ..................................................... ~ 0s
  2026-05-20 07:49:49 /assets/js/datatable/jquery.dataTables.min.js ............................................. ~ 0s
  2026-05-20 07:49:49 /assets/js/datatable/dataTables.buttons.min.js ............................................ ~ 0s
  2026-05-20 07:49:49 /plugins/fontawesome-free/webfonts/fa-solid-900.woff2 ..................................... ~ 0s
  2026-05-20 07:49:49 /assets/js/datatable/datatable.js ......................................................... ~ 0s
  2026-05-20 07:49:49 ........................................................................................... ~ 0s
  2026-05-20 07:49:49 ........................................................................................... ~ 0s
  2026-05-20 07:49:51 ........................................................................................... ~ 1s
  2026-05-20 07:49:51 /plugins/fontawesome-free/css/all.min.css ................................................. ~ 1s
  2026-05-20 07:49:52 /plugins/tempusdominus-bootstrap-4/css/tempusdominus-bootstrap-4.min.css .................. ~ 0s
  2026-05-20 07:49:52 /plugins/icheck-bootstrap/icheck-bootstrap.min.css ........................................ ~ 0s
  2026-05-20 07:49:52 /plugins/jqvmap/jqvmap.min.css ............................................................ ~ 0s
  2026-05-20 07:49:52 /plugins/overlayScrollbars/css/OverlayScrollbars.min.css .................................. ~ 0s
  2026-05-20 07:49:52 /plugins/daterangepicker/daterangepicker.css .............................................. ~ 0s
  2026-05-20 07:49:52 /plugins/summernote/summernote-bs4.min.css ................................................ ~ 0s
  2026-05-20 07:49:52 /plugins/select2/css/select2.min.css ...................................................... ~ 0s
  2026-05-20 07:49:52 /plugins/select2-bootstrap4-theme/select2-bootstrap4.min.css .............................. ~ 0s
  2026-05-20 07:49:52 /dist/css/adminlte.min.css ................................................................ ~ 0s
  2026-05-20 07:49:52 /plugins/dropzone/min/dropzone.min.css .................................................... ~ 0s
  2026-05-20 07:49:52 /assets/css/datatable/datatable.css ....................................................... ~ 0s
  2026-05-20 07:49:52 /assets/css/datatable/buttons.dataTables.min.css .......................................... ~ 0s
  2026-05-20 07:49:52 /css/custom-style.css ..................................................................... ~ 0s
  2026-05-20 07:49:52 /assets/images/logo/1725962670_66e019ae94ca7_default.png .................................. ~ 0s
  2026-05-20 07:49:52 /plugins/jquery/jquery.min.js ............................................................. ~ 0s
  2026-05-20 07:49:52 /plugins/jquery-ui/jquery-ui.min.js ....................................................... ~ 0s
  2026-05-20 07:49:52 /plugins/bootstrap/js/bootstrap.bundle.min.js ............................................. ~ 0s
  2026-05-20 07:49:52 /plugins/chart.js/Chart.min.js ............................................................ ~ 0s
  2026-05-20 07:49:52 /plugins/sparklines/sparkline.js .......................................................... ~ 0s
  2026-05-20 07:49:52 /plugins/jqvmap/jquery.vmap.min.js ........................................................ ~ 0s
  2026-05-20 07:49:52 /plugins/jqvmap/maps/jquery.vmap.usa.js ................................................... ~ 0s
  2026-05-20 07:49:52 /plugins/jquery-knob/jquery.knob.min.js ................................................... ~ 0s
  2026-05-20 07:49:52 /plugins/moment/moment.min.js ............................................................. ~ 0s
  2026-05-20 07:49:52 /plugins/daterangepicker/daterangepicker.js ............................................... ~ 0s
  2026-05-20 07:49:52 /plugins/tempusdominus-bootstrap-4/js/tempusdominus-bootstrap-4.min.js .................... ~ 0s
  2026-05-20 07:49:52 /plugins/overlayScrollbars/js/jquery.overlayScrollbars.min.js ............................. ~ 0s
  2026-05-20 07:49:52 /plugins/summernote/summernote-bs4.min.js ................................................. ~ 0s
  2026-05-20 07:49:52 /dist/js/adminlte.js ...................................................................... ~ 0s
  2026-05-20 07:49:52 /plugins/select2/js/select2.full.min.js ................................................... ~ 0s
  2026-05-20 07:49:52 /js/custom-script.js ...................................................................... ~ 0s
  2026-05-20 07:49:52 /plugins/dropzone/min/dropzone.min.js ..................................................... ~ 0s
  2026-05-20 07:49:52 /assets/js/datatable/jquery.dataTables.min.js ............................................. ~ 0s
  2026-05-20 07:49:52 /assets/js/datatable/dataTables.buttons.min.js ............................................ ~ 0s
  2026-05-20 07:49:52 /plugins/fontawesome-free/webfonts/fa-solid-900.woff2 ..................................... ~ 0s
  2026-05-20 07:49:52 /assets/js/datatable/datatable.js ......................................................... ~ 0s
  2026-05-20 07:49:52 ........................................................................................... ~ 0s
  2026-05-20 07:49:52 ........................................................................................... ~ 0s
  2026-05-20 07:49:52 ........................................................................................... ~ 0s
  2026-05-20 07:49:52 /assets/images/no-image.png ............................................................... ~ 0s
  2026-05-20 07:49:55 ........................................................................................... ~ 0s
  2026-05-20 07:49:55 /plugins/fontawesome-free/css/all.min.css ................................................. ~ 0s
  2026-05-20 07:49:55 /plugins/tempusdominus-bootstrap-4/css/tempusdominus-bootstrap-4.min.css .................. ~ 0s
  2026-05-20 07:49:55 /plugins/icheck-bootstrap/icheck-bootstrap.min.css ........................................ ~ 0s
  2026-05-20 07:49:55 /plugins/jqvmap/jqvmap.min.css ............................................................ ~ 0s
  2026-05-20 07:49:55 /plugins/overlayScrollbars/css/OverlayScrollbars.min.css .................................. ~ 0s
  2026-05-20 07:49:55 /plugins/daterangepicker/daterangepicker.css .............................................. ~ 0s
  2026-05-20 07:49:55 /plugins/summernote/summernote-bs4.min.css ................................................ ~ 0s
  2026-05-20 07:49:55 /plugins/select2/css/select2.min.css ...................................................... ~ 0s
  2026-05-20 07:49:55 /plugins/select2-bootstrap4-theme/select2-bootstrap4.min.css .............................. ~ 0s
  2026-05-20 07:49:55 /plugins/dropzone/min/dropzone.min.css .................................................... ~ 0s
  2026-05-20 07:49:55 /assets/css/datatable/datatable.css ....................................................... ~ 0s
  2026-05-20 07:49:55 /dist/css/adminlte.min.css ................................................................ ~ 0s
  2026-05-20 07:49:55 /assets/css/datatable/buttons.dataTables.min.css .......................................... ~ 0s
  2026-05-20 07:49:55 /css/custom-style.css ..................................................................... ~ 0s
  2026-05-20 07:49:55 ........................................................................................... ~ 0s
  2026-05-20 07:49:55 /assets/images/logo/1725962670_66e019ae94ca7_default.png .................................. ~ 0s
  2026-05-20 07:49:55 /plugins/jquery/jquery.min.js ............................................................. ~ 0s
  2026-05-20 07:49:55 /plugins/jquery-ui/jquery-ui.min.js ....................................................... ~ 0s
  2026-05-20 07:49:55 /plugins/bootstrap/js/bootstrap.bundle.min.js ............................................. ~ 0s
  2026-05-20 07:49:55 /plugins/chart.js/Chart.min.js ............................................................ ~ 0s
  2026-05-20 07:49:55 /plugins/fontawesome-free/webfonts/fa-solid-900.woff2 ..................................... ~ 0s
  2026-05-20 07:49:55 /plugins/sparklines/sparkline.js .......................................................... ~ 0s
  2026-05-20 07:49:55 /plugins/jqvmap/jquery.vmap.min.js ........................................................ ~ 0s
  2026-05-20 07:49:55 /plugins/jqvmap/maps/jquery.vmap.usa.js ................................................... ~ 0s
  2026-05-20 07:49:55 /plugins/jquery-knob/jquery.knob.min.js ................................................... ~ 0s
  2026-05-20 07:49:55 /plugins/moment/moment.min.js ............................................................. ~ 0s
  2026-05-20 07:49:55 /plugins/daterangepicker/daterangepicker.js ............................................... ~ 0s
  2026-05-20 07:49:55 /plugins/tempusdominus-bootstrap-4/js/tempusdominus-bootstrap-4.min.js .................... ~ 0s
  2026-05-20 07:49:55 /plugins/summernote/summernote-bs4.min.js ................................................. ~ 0s
  2026-05-20 07:49:55 /plugins/overlayScrollbars/js/jquery.overlayScrollbars.min.js ............................. ~ 0s
  2026-05-20 07:49:55 /dist/js/adminlte.js ...................................................................... ~ 0s
  2026-05-20 07:49:55 /plugins/select2/js/select2.full.min.js ................................................... ~ 0s
  2026-05-20 07:49:55 /js/custom-script.js ...................................................................... ~ 0s
  2026-05-20 07:49:55 /plugins/dropzone/min/dropzone.min.js ..................................................... ~ 0s
  2026-05-20 07:49:55 /assets/js/datatable/datatable.js ......................................................... ~ 0s
  2026-05-20 07:49:55 /js/image-field.js ........................................................................ ~ 0s
  2026-05-20 07:49:55 /assets/js/datatable/jquery.dataTables.min.js ............................................. ~ 0s
  2026-05-20 07:49:55 /assets/js/datatable/dataTables.buttons.min.js ............................................ ~ 0s
  2026-05-20 07:49:58 ........................................................................................... ~ 0s
  2026-05-20 07:49:58 /plugins/fontawesome-free/css/all.min.css ................................................. ~ 0s
  2026-05-20 07:49:58 /plugins/tempusdominus-bootstrap-4/css/tempusdominus-bootstrap-4.min.css .................. ~ 0s
  2026-05-20 07:49:58 /plugins/icheck-bootstrap/icheck-bootstrap.min.css ........................................ ~ 0s
  2026-05-20 07:49:58 /plugins/jqvmap/jqvmap.min.css ............................................................ ~ 0s
  2026-05-20 07:49:58 /plugins/overlayScrollbars/css/OverlayScrollbars.min.css .................................. ~ 0s
  2026-05-20 07:49:58 /plugins/daterangepicker/daterangepicker.css .............................................. ~ 0s
  2026-05-20 07:49:58 /plugins/summernote/summernote-bs4.min.css ................................................ ~ 0s
  2026-05-20 07:49:58 /plugins/select2/css/select2.min.css ...................................................... ~ 0s
  2026-05-20 07:49:58 /plugins/select2-bootstrap4-theme/select2-bootstrap4.min.css .............................. ~ 0s
  2026-05-20 07:49:58 /plugins/dropzone/min/dropzone.min.css .................................................... ~ 0s
  2026-05-20 07:49:58 /dist/css/adminlte.min.css ................................................................ ~ 0s
  2026-05-20 07:49:58 /assets/css/datatable/datatable.css ....................................................... ~ 0s
  2026-05-20 07:49:58 /assets/css/datatable/buttons.dataTables.min.css .......................................... ~ 0s
  2026-05-20 07:49:58 /css/custom-style.css ..................................................................... ~ 0s
  2026-05-20 07:49:58 /assets/images/logo/1725962670_66e019ae94ca7_default.png .................................. ~ 0s
  2026-05-20 07:49:58 /plugins/jquery/jquery.min.js ............................................................. ~ 0s
  2026-05-20 07:49:58 /plugins/jquery-ui/jquery-ui.min.js ....................................................... ~ 0s
  2026-05-20 07:49:58 /plugins/bootstrap/js/bootstrap.bundle.min.js ............................................. ~ 0s
  2026-05-20 07:49:58 /plugins/chart.js/Chart.min.js ............................................................ ~ 0s
  2026-05-20 07:49:58 /plugins/sparklines/sparkline.js .......................................................... ~ 0s
  2026-05-20 07:49:58 /plugins/jqvmap/jquery.vmap.min.js ........................................................ ~ 0s
  2026-05-20 07:49:58 /plugins/jqvmap/maps/jquery.vmap.usa.js ................................................... ~ 0s
  2026-05-20 07:49:58 /plugins/jquery-knob/jquery.knob.min.js ................................................... ~ 0s
  2026-05-20 07:49:58 /plugins/moment/moment.min.js ............................................................. ~ 0s
  2026-05-20 07:49:58 /plugins/daterangepicker/daterangepicker.js ............................................... ~ 0s
  2026-05-20 07:49:58 /plugins/tempusdominus-bootstrap-4/js/tempusdominus-bootstrap-4.min.js .................... ~ 0s
  2026-05-20 07:49:58 /plugins/summernote/summernote-bs4.min.js ................................................. ~ 0s
  2026-05-20 07:49:58 /plugins/overlayScrollbars/js/jquery.overlayScrollbars.min.js ............................. ~ 0s
  2026-05-20 07:49:58 /dist/js/adminlte.js ...................................................................... ~ 0s
  2026-05-20 07:49:58 /plugins/select2/js/select2.full.min.js ................................................... ~ 0s
  2026-05-20 07:49:58 /plugins/fontawesome-free/webfonts/fa-solid-900.woff2 ..................................... ~ 0s
  2026-05-20 07:49:58 /js/custom-script.js ...................................................................... ~ 0s
  2026-05-20 07:49:58 /plugins/dropzone/min/dropzone.min.js ..................................................... ~ 0s
  2026-05-20 07:49:58 /assets/js/datatable/jquery.dataTables.min.js ............................................. ~ 0s
  2026-05-20 07:49:58 /assets/js/datatable/dataTables.buttons.min.js ............................................ ~ 0s
  2026-05-20 07:49:58 /js/image-field.js ........................................................................ ~ 0s
  2026-05-20 07:49:58 /assets/js/datatable/datatable.js ......................................................... ~ 0s
  2026-05-20 07:50:01 ........................................................................................... ~ 0s
  2026-05-20 07:50:01 /plugins/fontawesome-free/css/all.min.css ................................................. ~ 0s
  2026-05-20 07:50:01 /plugins/tempusdominus-bootstrap-4/css/tempusdominus-bootstrap-4.min.css .................. ~ 0s
  2026-05-20 07:50:01 /plugins/icheck-bootstrap/icheck-bootstrap.min.css ........................................ ~ 0s
  2026-05-20 07:50:01 /plugins/jqvmap/jqvmap.min.css ............................................................ ~ 0s
  2026-05-20 07:50:01 /plugins/overlayScrollbars/css/OverlayScrollbars.min.css .................................. ~ 0s
  2026-05-20 07:50:01 /plugins/daterangepicker/daterangepicker.css .............................................. ~ 0s
  2026-05-20 07:50:01 /plugins/summernote/summernote-bs4.min.css ................................................ ~ 0s
  2026-05-20 07:50:01 /plugins/select2/css/select2.min.css ...................................................... ~ 0s
  2026-05-20 07:50:01 /plugins/select2-bootstrap4-theme/select2-bootstrap4.min.css .............................. ~ 0s
  2026-05-20 07:50:01 /plugins/dropzone/min/dropzone.min.css .................................................... ~ 0s
  2026-05-20 07:50:01 /assets/css/datatable/datatable.css ....................................................... ~ 0s
  2026-05-20 07:50:01 /dist/css/adminlte.min.css ................................................................ ~ 0s
  2026-05-20 07:50:01 /assets/css/datatable/buttons.dataTables.min.css .......................................... ~ 0s
  2026-05-20 07:50:01 /css/custom-style.css ..................................................................... ~ 0s
  2026-05-20 07:50:01 /assets/images/logo/1725962670_66e019ae94ca7_default.png .................................. ~ 0s
  2026-05-20 07:50:01 /assets/images/logo/1689667124_64b64634a7230_logo-icon.png ................................ ~ 0s
  2026-05-20 07:50:01 /assets/images/logo/1689666983_64b645a76448f_logo-icon.png ................................ ~ 0s
  2026-05-20 07:50:01 /plugins/jquery/jquery.min.js ............................................................. ~ 0s
  2026-05-20 07:50:01 /plugins/jquery-ui/jquery-ui.min.js ....................................................... ~ 0s
  2026-05-20 07:50:01 /plugins/bootstrap/js/bootstrap.bundle.min.js ............................................. ~ 0s
  2026-05-20 07:50:01 /plugins/sparklines/sparkline.js .......................................................... ~ 0s
  2026-05-20 07:50:01 /plugins/chart.js/Chart.min.js ............................................................ ~ 0s
  2026-05-20 07:50:01 /plugins/jqvmap/jquery.vmap.min.js ........................................................ ~ 0s
  2026-05-20 07:50:01 /plugins/jqvmap/maps/jquery.vmap.usa.js ................................................... ~ 0s
  2026-05-20 07:50:01 /plugins/jquery-knob/jquery.knob.min.js ................................................... ~ 0s
  2026-05-20 07:50:01 /plugins/moment/moment.min.js ............................................................. ~ 0s
  2026-05-20 07:50:01 /plugins/daterangepicker/daterangepicker.js ............................................... ~ 0s
  2026-05-20 07:50:01 /plugins/tempusdominus-bootstrap-4/js/tempusdominus-bootstrap-4.min.js .................... ~ 0s
  2026-05-20 07:50:01 /plugins/summernote/summernote-bs4.min.js ................................................. ~ 0s
  2026-05-20 07:50:01 /plugins/overlayScrollbars/js/jquery.overlayScrollbars.min.js ............................. ~ 0s
  2026-05-20 07:50:01 /plugins/fontawesome-free/webfonts/fa-solid-900.woff2 ..................................... ~ 0s
  2026-05-20 07:50:01 /dist/js/adminlte.js ...................................................................... ~ 0s
  2026-05-20 07:50:01 /plugins/select2/js/select2.full.min.js ................................................... ~ 0s
  2026-05-20 07:50:01 /js/custom-script.js ...................................................................... ~ 0s
  2026-05-20 07:50:01 /plugins/dropzone/min/dropzone.min.js ..................................................... ~ 0s
  2026-05-20 07:50:01 /assets/js/datatable/jquery.dataTables.min.js ............................................. ~ 0s
  2026-05-20 07:50:01 /assets/js/datatable/dataTables.buttons.min.js ............................................ ~ 0s
  2026-05-20 07:50:01 /assets/js/datatable/datatable.js ......................................................... ~ 0s
  2026-05-20 07:50:05 ........................................................................................... ~ 0s
  2026-05-20 07:50:05 /plugins/fontawesome-free/css/all.min.css ................................................. ~ 0s
  2026-05-20 07:50:05 /plugins/tempusdominus-bootstrap-4/css/tempusdominus-bootstrap-4.min.css .................. ~ 0s
  2026-05-20 07:50:05 /plugins/icheck-bootstrap/icheck-bootstrap.min.css ........................................ ~ 0s
  2026-05-20 07:50:05 /plugins/jqvmap/jqvmap.min.css ............................................................ ~ 0s
  2026-05-20 07:50:05 /plugins/overlayScrollbars/css/OverlayScrollbars.min.css .................................. ~ 0s
  2026-05-20 07:50:05 /plugins/daterangepicker/daterangepicker.css .............................................. ~ 0s
  2026-05-20 07:50:05 /plugins/summernote/summernote-bs4.min.css ................................................ ~ 0s
  2026-05-20 07:50:05 /plugins/select2/css/select2.min.css ...................................................... ~ 0s
  2026-05-20 07:50:05 /plugins/select2-bootstrap4-theme/select2-bootstrap4.min.css .............................. ~ 0s
  2026-05-20 07:50:05 /plugins/dropzone/min/dropzone.min.css .................................................... ~ 0s
  2026-05-20 07:50:05 /assets/css/datatable/datatable.css ....................................................... ~ 0s
  2026-05-20 07:50:05 /assets/css/datatable/buttons.dataTables.min.css .......................................... ~ 0s
  2026-05-20 07:50:05 /dist/css/adminlte.min.css ................................................................ ~ 0s
  2026-05-20 07:50:05 /css/custom-style.css ..................................................................... ~ 0s
  2026-05-20 07:50:05 /assets/images/logo/1725962670_66e019ae94ca7_default.png .................................. ~ 0s
  2026-05-20 07:50:05 /plugins/jquery/jquery.min.js ............................................................. ~ 0s
  2026-05-20 07:50:05 /plugins/jquery-ui/jquery-ui.min.js ....................................................... ~ 0s
  2026-05-20 07:50:05 /plugins/bootstrap/js/bootstrap.bundle.min.js ............................................. ~ 0s
  2026-05-20 07:50:05 /plugins/chart.js/Chart.min.js ............................................................ ~ 0s
  2026-05-20 07:50:05 /plugins/sparklines/sparkline.js .......................................................... ~ 0s
  2026-05-20 07:50:05 /plugins/jqvmap/jquery.vmap.min.js ........................................................ ~ 0s
  2026-05-20 07:50:05 /plugins/jqvmap/maps/jquery.vmap.usa.js ................................................... ~ 0s
  2026-05-20 07:50:05 /plugins/jquery-knob/jquery.knob.min.js ................................................... ~ 0s
  2026-05-20 07:50:05 /plugins/moment/moment.min.js ............................................................. ~ 0s
  2026-05-20 07:50:05 /plugins/daterangepicker/daterangepicker.js ............................................... ~ 0s
  2026-05-20 07:50:05 /plugins/tempusdominus-bootstrap-4/js/tempusdominus-bootstrap-4.min.js .................... ~ 0s
  2026-05-20 07:50:05 /plugins/summernote/summernote-bs4.min.js ................................................. ~ 0s
  2026-05-20 07:50:05 /plugins/overlayScrollbars/js/jquery.overlayScrollbars.min.js ............................. ~ 0s
  2026-05-20 07:50:05 /dist/js/adminlte.js ...................................................................... ~ 0s
  2026-05-20 07:50:05 /plugins/select2/js/select2.full.min.js ................................................... ~ 0s
  2026-05-20 07:50:05 /plugins/fontawesome-free/webfonts/fa-solid-900.woff2 ..................................... ~ 0s
  2026-05-20 07:50:05 /js/custom-script.js ...................................................................... ~ 0s
  2026-05-20 07:50:05 /plugins/dropzone/min/dropzone.min.js ..................................................... ~ 0s
  2026-05-20 07:50:05 /assets/js/datatable/jquery.dataTables.min.js ............................................. ~ 0s
  2026-05-20 07:50:05 /assets/js/datatable/dataTables.buttons.min.js ............................................ ~ 0s
  2026-05-20 07:50:05 /assets/js/datatable/datatable.js ......................................................... ~ 0s
  2026-05-20 07:50:05 ........................................................................................... ~ 0s
  2026-05-20 07:50:05 ........................................................................................... ~ 0s
  2026-05-20 07:50:05 ........................................................................................... ~ 1s
  2026-05-20 07:50:05 ........................................................................................... ~ 1s
  2026-05-20 07:50:06 ........................................................................................... ~ 0s
  2026-05-20 07:50:06 ........................................................................................... ~ 0s
  2026-05-20 07:50:06 ........................................................................................... ~ 0s
  2026-05-20 07:50:06 ........................................................................................... ~ 0s
  2026-05-20 07:50:06 ........................................................................................... ~ 0s
  2026-05-20 07:50:06 /assets/images/no-image.png ............................................................... ~ 0s
  2026-05-20 07:50:16 ........................................................................................... ~ 0s
  2026-05-20 07:50:16 /plugins/fontawesome-free/css/all.min.css ................................................. ~ 0s
  2026-05-20 07:50:16 /plugins/tempusdominus-bootstrap-4/css/tempusdominus-bootstrap-4.min.css .................. ~ 0s
  2026-05-20 07:50:16 /plugins/icheck-bootstrap/icheck-bootstrap.min.css ........................................ ~ 0s
  2026-05-20 07:50:16 /plugins/jqvmap/jqvmap.min.css ............................................................ ~ 0s
  2026-05-20 07:50:16 /plugins/overlayScrollbars/css/OverlayScrollbars.min.css .................................. ~ 0s
  2026-05-20 07:50:16 /plugins/daterangepicker/daterangepicker.css .............................................. ~ 0s
  2026-05-20 07:50:16 /plugins/summernote/summernote-bs4.min.css ................................................ ~ 0s
  2026-05-20 07:50:16 /plugins/select2/css/select2.min.css ...................................................... ~ 0s
  2026-05-20 07:50:16 /plugins/select2-bootstrap4-theme/select2-bootstrap4.min.css .............................. ~ 0s
  2026-05-20 07:50:16 /plugins/dropzone/min/dropzone.min.css .................................................... ~ 0s
  2026-05-20 07:50:16 /assets/css/datatable/datatable.css ....................................................... ~ 0s
  2026-05-20 07:50:16 /assets/css/datatable/buttons.dataTables.min.css .......................................... ~ 0s
  2026-05-20 07:50:16 /dist/css/adminlte.min.css ................................................................ ~ 0s
  2026-05-20 07:50:16 /css/custom-style.css ..................................................................... ~ 0s
  2026-05-20 07:50:16 /assets/images/logo/1725962670_66e019ae94ca7_default.png .................................. ~ 0s
  2026-05-20 07:50:16 /plugins/jquery/jquery.min.js ............................................................. ~ 0s
  2026-05-20 07:50:16 /plugins/jquery-ui/jquery-ui.min.js ....................................................... ~ 0s
  2026-05-20 07:50:16 /plugins/bootstrap/js/bootstrap.bundle.min.js ............................................. ~ 0s
  2026-05-20 07:50:16 /plugins/chart.js/Chart.min.js ............................................................ ~ 0s
  2026-05-20 07:50:16 /plugins/sparklines/sparkline.js .......................................................... ~ 0s
  2026-05-20 07:50:16 /plugins/jqvmap/jquery.vmap.min.js ........................................................ ~ 0s
  2026-05-20 07:50:16 /plugins/jqvmap/maps/jquery.vmap.usa.js ................................................... ~ 0s
  2026-05-20 07:50:16 /plugins/jquery-knob/jquery.knob.min.js ................................................... ~ 0s
  2026-05-20 07:50:16 /plugins/moment/moment.min.js ............................................................. ~ 0s
  2026-05-20 07:50:16 /plugins/daterangepicker/daterangepicker.js ............................................... ~ 0s
  2026-05-20 07:50:16 /plugins/tempusdominus-bootstrap-4/js/tempusdominus-bootstrap-4.min.js .................... ~ 0s
  2026-05-20 07:50:16 /plugins/summernote/summernote-bs4.min.js ................................................. ~ 0s
  2026-05-20 07:50:16 /plugins/overlayScrollbars/js/jquery.overlayScrollbars.min.js ............................. ~ 0s
  2026-05-20 07:50:16 /dist/js/adminlte.js ...................................................................... ~ 0s
  2026-05-20 07:50:16 /plugins/select2/js/select2.full.min.js ................................................... ~ 0s
  2026-05-20 07:50:16 /js/custom-script.js ...................................................................... ~ 0s
  2026-05-20 07:50:16 /plugins/dropzone/min/dropzone.min.js ..................................................... ~ 0s
  2026-05-20 07:50:16 /assets/js/datatable/jquery.dataTables.min.js ............................................. ~ 0s
  2026-05-20 07:50:16 /plugins/fontawesome-free/webfonts/fa-solid-900.woff2 ..................................... ~ 0s
  2026-05-20 07:50:16 /assets/js/datatable/dataTables.buttons.min.js ............................................ ~ 0s
  2026-05-20 07:50:16 /assets/js/datatable/datatable.js ......................................................... ~ 0s
  2026-05-20 07:50:16 ........................................................................................... ~ 0s
  2026-05-20 07:50:16 ........................................................................................... ~ 1s
  2026-05-20 07:50:27 ........................................................................................... ~ 0s
  2026-05-20 07:50:27 ........................................................................................... ~ 0s
  2026-05-20 07:50:27 ........................................................................................... ~ 1s
  2026-05-20 07:50:28 ........................................................................................... ~ 0s
  2026-05-20 07:50:28 ........................................................................................... ~ 0s
  2026-05-20 07:50:28 ........................................................................................... ~ 0s
  2026-05-20 07:50:29 ........................................................................................... ~ 0s
  2026-05-20 07:50:29 ........................................................................................... ~ 0s
  2026-05-20 07:50:30 ........................................................................................... ~ 0s
  2026-05-20 07:50:30 ........................................................................................... ~ 0s
  2026-05-20 07:50:30 ........................................................................................... ~ 0s
  2026-05-20 07:50:30 ........................................................................................... ~ 0s
  2026-05-20 07:50:30 ........................................................................................... ~ 1s
  2026-05-20 07:50:31 ........................................................................................... ~ 0s
  2026-05-20 07:50:36 ........................................................................................... ~ 1s
  2026-05-20 07:50:37 ........................................................................................... ~ 0s
  2026-05-20 07:50:37 /plugins/fontawesome-free/css/all.min.css ................................................. ~ 0s
  2026-05-20 07:50:37 /plugins/tempusdominus-bootstrap-4/css/tempusdominus-bootstrap-4.min.css .................. ~ 0s
  2026-05-20 07:50:37 /plugins/icheck-bootstrap/icheck-bootstrap.min.css ........................................ ~ 0s
  2026-05-20 07:50:37 /plugins/jqvmap/jqvmap.min.css ............................................................ ~ 0s
  2026-05-20 07:50:37 /plugins/overlayScrollbars/css/OverlayScrollbars.min.css .................................. ~ 0s
  2026-05-20 07:50:37 /plugins/daterangepicker/daterangepicker.css .............................................. ~ 0s
  2026-05-20 07:50:37 /plugins/summernote/summernote-bs4.min.css ................................................ ~ 0s
  2026-05-20 07:50:37 /plugins/select2/css/select2.min.css ...................................................... ~ 0s
  2026-05-20 07:50:37 /plugins/select2-bootstrap4-theme/select2-bootstrap4.min.css .............................. ~ 0s
  2026-05-20 07:50:37 /dist/css/adminlte.min.css ................................................................ ~ 0s
  2026-05-20 07:50:37 /plugins/dropzone/min/dropzone.min.css .................................................... ~ 0s
  2026-05-20 07:50:37 /assets/css/datatable/datatable.css ....................................................... ~ 0s
  2026-05-20 07:50:37 /assets/css/datatable/buttons.dataTables.min.css .......................................... ~ 0s
  2026-05-20 07:50:37 /css/custom-style.css ..................................................................... ~ 0s
  2026-05-20 07:50:37 /assets/images/logo/1725962670_66e019ae94ca7_default.png .................................. ~ 0s
  2026-05-20 07:50:37 /plugins/jquery/jquery.min.js ............................................................. ~ 0s
  2026-05-20 07:50:37 /plugins/jquery-ui/jquery-ui.min.js ....................................................... ~ 0s
  2026-05-20 07:50:37 /plugins/bootstrap/js/bootstrap.bundle.min.js ............................................. ~ 0s
  2026-05-20 07:50:37 /plugins/chart.js/Chart.min.js ............................................................ ~ 0s
  2026-05-20 07:50:37 /plugins/sparklines/sparkline.js .......................................................... ~ 0s
  2026-05-20 07:50:37 /plugins/jqvmap/jquery.vmap.min.js ........................................................ ~ 0s
  2026-05-20 07:50:37 /plugins/jqvmap/maps/jquery.vmap.usa.js ................................................... ~ 0s
  2026-05-20 07:50:37 /plugins/jquery-knob/jquery.knob.min.js ................................................... ~ 0s
  2026-05-20 07:50:37 /plugins/moment/moment.min.js ............................................................. ~ 0s
  2026-05-20 07:50:37 /plugins/daterangepicker/daterangepicker.js ............................................... ~ 0s
  2026-05-20 07:50:37 /plugins/tempusdominus-bootstrap-4/js/tempusdominus-bootstrap-4.min.js .................... ~ 0s
  2026-05-20 07:50:37 /plugins/summernote/summernote-bs4.min.js ................................................. ~ 0s
  2026-05-20 07:50:37 /plugins/overlayScrollbars/js/jquery.overlayScrollbars.min.js ............................. ~ 0s
  2026-05-20 07:50:37 /dist/js/adminlte.js ...................................................................... ~ 0s
  2026-05-20 07:50:37 /plugins/select2/js/select2.full.min.js ................................................... ~ 0s
  2026-05-20 07:50:37 /plugins/fontawesome-free/webfonts/fa-solid-900.woff2 ..................................... ~ 1s
  2026-05-20 07:50:38 /js/custom-script.js ...................................................................... ~ 0s
  2026-05-20 07:50:38 /plugins/dropzone/min/dropzone.min.js ..................................................... ~ 0s
  2026-05-20 07:50:38 /assets/js/datatable/jquery.dataTables.min.js ............................................. ~ 0s
  2026-05-20 07:50:38 /assets/js/datatable/dataTables.buttons.min.js ............................................ ~ 0s
  2026-05-20 07:50:38 /assets/js/datatable/datatable.js ......................................................... ~ 0s
  2026-05-20 07:50:38 ........................................................................................... ~ 0s
  2026-05-20 07:50:38 ........................................................................................... ~ 0s
  2026-05-20 07:50:40 ........................................................................................... ~ 0s
  2026-05-20 07:50:40 /plugins/fontawesome-free/css/all.min.css ................................................. ~ 0s
  2026-05-20 07:50:40 /plugins/tempusdominus-bootstrap-4/css/tempusdominus-bootstrap-4.min.css .................. ~ 0s
  2026-05-20 07:50:40 /plugins/icheck-bootstrap/icheck-bootstrap.min.css ........................................ ~ 0s
  2026-05-20 07:50:40 /plugins/jqvmap/jqvmap.min.css ............................................................ ~ 0s
  2026-05-20 07:50:40 /plugins/overlayScrollbars/css/OverlayScrollbars.min.css .................................. ~ 0s
  2026-05-20 07:50:40 /plugins/daterangepicker/daterangepicker.css .............................................. ~ 0s
  2026-05-20 07:50:40 /plugins/summernote/summernote-bs4.min.css ................................................ ~ 0s
  2026-05-20 07:50:40 /plugins/select2/css/select2.min.css ...................................................... ~ 0s
  2026-05-20 07:50:40 /plugins/select2-bootstrap4-theme/select2-bootstrap4.min.css .............................. ~ 0s
  2026-05-20 07:50:40 /plugins/dropzone/min/dropzone.min.css .................................................... ~ 0s
  2026-05-20 07:50:40 /dist/css/adminlte.min.css ................................................................ ~ 0s
  2026-05-20 07:50:40 /assets/css/datatable/datatable.css ....................................................... ~ 0s
  2026-05-20 07:50:40 /assets/css/datatable/buttons.dataTables.min.css .......................................... ~ 0s
  2026-05-20 07:50:40 /css/custom-style.css ..................................................................... ~ 0s
  2026-05-20 07:50:40 /assets/images/logo/1725962670_66e019ae94ca7_default.png .................................. ~ 0s
  2026-05-20 07:50:40 /assets/images/logo/1689667124_64b64634a7230_logo-icon.png ................................ ~ 0s
  2026-05-20 07:50:40 /assets/images/logo/1689666983_64b645a76448f_logo-icon.png ................................ ~ 0s
  2026-05-20 07:50:40 /plugins/jquery/jquery.min.js ............................................................. ~ 0s
  2026-05-20 07:50:40 /plugins/jquery-ui/jquery-ui.min.js ....................................................... ~ 0s
  2026-05-20 07:50:40 /plugins/bootstrap/js/bootstrap.bundle.min.js ............................................. ~ 0s
  2026-05-20 07:50:40 /plugins/chart.js/Chart.min.js ............................................................ ~ 0s
  2026-05-20 07:50:40 /plugins/sparklines/sparkline.js .......................................................... ~ 0s
  2026-05-20 07:50:40 /plugins/jqvmap/jquery.vmap.min.js ........................................................ ~ 0s
  2026-05-20 07:50:40 /plugins/jqvmap/maps/jquery.vmap.usa.js ................................................... ~ 0s
  2026-05-20 07:50:40 /plugins/jquery-knob/jquery.knob.min.js ................................................... ~ 0s
  2026-05-20 07:50:40 /plugins/moment/moment.min.js ............................................................. ~ 0s
  2026-05-20 07:50:40 /plugins/fontawesome-free/webfonts/fa-solid-900.woff2 ..................................... ~ 0s
  2026-05-20 07:50:40 /plugins/daterangepicker/daterangepicker.js ............................................... ~ 0s
  2026-05-20 07:50:40 /plugins/tempusdominus-bootstrap-4/js/tempusdominus-bootstrap-4.min.js .................... ~ 0s
  2026-05-20 07:50:40 /plugins/summernote/summernote-bs4.min.js ................................................. ~ 0s
  2026-05-20 07:50:40 /plugins/overlayScrollbars/js/jquery.overlayScrollbars.min.js ............................. ~ 0s
  2026-05-20 07:50:40 /dist/js/adminlte.js ...................................................................... ~ 0s
  2026-05-20 07:50:40 /plugins/select2/js/select2.full.min.js ................................................... ~ 0s
  2026-05-20 07:50:40 /js/custom-script.js ...................................................................... ~ 0s
  2026-05-20 07:50:40 /plugins/dropzone/min/dropzone.min.js ..................................................... ~ 0s
  2026-05-20 07:50:40 /assets/js/datatable/jquery.dataTables.min.js ............................................. ~ 0s
  2026-05-20 07:50:40 /assets/js/datatable/dataTables.buttons.min.js ............................................ ~ 0s
  2026-05-20 07:50:40 /assets/js/datatable/datatable.js ......................................................... ~ 0s
  2026-05-20 07:50:43 ........................................................................................... ~ 0s
  2026-05-20 07:50:43 /plugins/fontawesome-free/css/all.min.css ................................................. ~ 0s
  2026-05-20 07:50:43 /plugins/tempusdominus-bootstrap-4/css/tempusdominus-bootstrap-4.min.css .................. ~ 0s
  2026-05-20 07:50:43 /plugins/icheck-bootstrap/icheck-bootstrap.min.css ........................................ ~ 0s
  2026-05-20 07:50:43 /plugins/jqvmap/jqvmap.min.css ............................................................ ~ 0s
  2026-05-20 07:50:43 /plugins/overlayScrollbars/css/OverlayScrollbars.min.css .................................. ~ 0s
  2026-05-20 07:50:43 /plugins/daterangepicker/daterangepicker.css .............................................. ~ 0s
  2026-05-20 07:50:43 /plugins/summernote/summernote-bs4.min.css ................................................ ~ 0s
  2026-05-20 07:50:43 /plugins/select2/css/select2.min.css ...................................................... ~ 0s
  2026-05-20 07:50:43 /plugins/select2-bootstrap4-theme/select2-bootstrap4.min.css .............................. ~ 0s
  2026-05-20 07:50:43 /plugins/dropzone/min/dropzone.min.css .................................................... ~ 0s
  2026-05-20 07:50:43 /assets/css/datatable/datatable.css ....................................................... ~ 0s
  2026-05-20 07:50:43 /assets/css/datatable/buttons.dataTables.min.css .......................................... ~ 0s
  2026-05-20 07:50:43 /css/custom-style.css ..................................................................... ~ 0s
  2026-05-20 07:50:43 /assets/images/logo/1725962670_66e019ae94ca7_default.png .................................. ~ 0s
  2026-05-20 07:50:43 /plugins/jquery/jquery.min.js ............................................................. ~ 0s
  2026-05-20 07:50:43 /dist/css/adminlte.min.css ................................................................ ~ 0s
  2026-05-20 07:50:43 /plugins/jquery-ui/jquery-ui.min.js ....................................................... ~ 0s
  2026-05-20 07:50:43 /plugins/bootstrap/js/bootstrap.bundle.min.js ............................................. ~ 0s
  2026-05-20 07:50:43 /plugins/chart.js/Chart.min.js ............................................................ ~ 0s
  2026-05-20 07:50:43 /plugins/sparklines/sparkline.js .......................................................... ~ 0s
  2026-05-20 07:50:43 /plugins/jqvmap/jquery.vmap.min.js ........................................................ ~ 0s
  2026-05-20 07:50:43 /plugins/jqvmap/maps/jquery.vmap.usa.js ................................................... ~ 0s
  2026-05-20 07:50:43 /plugins/jquery-knob/jquery.knob.min.js ................................................... ~ 0s
  2026-05-20 07:50:43 /plugins/moment/moment.min.js ............................................................. ~ 0s
  2026-05-20 07:50:43 /plugins/daterangepicker/daterangepicker.js ............................................... ~ 0s
  2026-05-20 07:50:43 /plugins/tempusdominus-bootstrap-4/js/tempusdominus-bootstrap-4.min.js .................... ~ 0s
  2026-05-20 07:50:43 /plugins/summernote/summernote-bs4.min.js ................................................. ~ 0s
  2026-05-20 07:50:43 /plugins/overlayScrollbars/js/jquery.overlayScrollbars.min.js ............................. ~ 0s
  2026-05-20 07:50:43 /dist/js/adminlte.js ...................................................................... ~ 0s
  2026-05-20 07:50:43 /plugins/select2/js/select2.full.min.js ................................................... ~ 0s
  2026-05-20 07:50:43 /js/custom-script.js ...................................................................... ~ 0s
  2026-05-20 07:50:43 /plugins/dropzone/min/dropzone.min.js ..................................................... ~ 0s
  2026-05-20 07:50:43 /plugins/fontawesome-free/webfonts/fa-solid-900.woff2 ..................................... ~ 0s
  2026-05-20 07:50:43 /assets/js/datatable/jquery.dataTables.min.js ............................................. ~ 0s
  2026-05-20 07:50:43 /assets/js/datatable/dataTables.buttons.min.js ............................................ ~ 0s
  2026-05-20 07:50:43 /assets/js/datatable/datatable.js ......................................................... ~ 0s
  2026-05-20 07:50:43 ........................................................................................... ~ 0s
  2026-05-20 07:50:43 ........................................................................................... ~ 0s
  2026-05-20 07:50:44 ........................................................................................... ~ 1s
  2026-05-20 07:50:44 /plugins/fontawesome-free/css/all.min.css ................................................. ~ 1s
  2026-05-20 07:50:45 /plugins/tempusdominus-bootstrap-4/css/tempusdominus-bootstrap-4.min.css .................. ~ 0s
  2026-05-20 07:50:45 /plugins/icheck-bootstrap/icheck-bootstrap.min.css ........................................ ~ 0s
  2026-05-20 07:50:45 /plugins/jqvmap/jqvmap.min.css ............................................................ ~ 0s
  2026-05-20 07:50:45 /plugins/overlayScrollbars/css/OverlayScrollbars.min.css .................................. ~ 0s
  2026-05-20 07:50:45 /plugins/daterangepicker/daterangepicker.css .............................................. ~ 0s
  2026-05-20 07:50:45 /plugins/summernote/summernote-bs4.min.css ................................................ ~ 0s
  2026-05-20 07:50:45 /plugins/select2/css/select2.min.css ...................................................... ~ 0s
  2026-05-20 07:50:45 /plugins/select2-bootstrap4-theme/select2-bootstrap4.min.css .............................. ~ 0s
  2026-05-20 07:50:45 /plugins/dropzone/min/dropzone.min.css .................................................... ~ 0s
  2026-05-20 07:50:45 /assets/css/datatable/datatable.css ....................................................... ~ 0s
  2026-05-20 07:50:45 /dist/css/adminlte.min.css ................................................................ ~ 0s
  2026-05-20 07:50:45 /assets/css/datatable/buttons.dataTables.min.css .......................................... ~ 0s
  2026-05-20 07:50:45 /css/custom-style.css ..................................................................... ~ 0s
  2026-05-20 07:50:45 /assets/images/logo/1725962670_66e019ae94ca7_default.png .................................. ~ 0s
  2026-05-20 07:50:45 /plugins/jquery/jquery.min.js ............................................................. ~ 0s
  2026-05-20 07:50:45 /plugins/jquery-ui/jquery-ui.min.js ....................................................... ~ 0s
  2026-05-20 07:50:45 /plugins/bootstrap/js/bootstrap.bundle.min.js ............................................. ~ 0s
  2026-05-20 07:50:45 /plugins/chart.js/Chart.min.js ............................................................ ~ 0s
  2026-05-20 07:50:45 /plugins/sparklines/sparkline.js .......................................................... ~ 0s
  2026-05-20 07:50:45 /plugins/jqvmap/jquery.vmap.min.js ........................................................ ~ 0s
  2026-05-20 07:50:45 /plugins/jqvmap/maps/jquery.vmap.usa.js ................................................... ~ 0s
  2026-05-20 07:50:45 /plugins/jquery-knob/jquery.knob.min.js ................................................... ~ 0s
  2026-05-20 07:50:45 /plugins/moment/moment.min.js ............................................................. ~ 0s
  2026-05-20 07:50:45 /plugins/daterangepicker/daterangepicker.js ............................................... ~ 0s
  2026-05-20 07:50:45 /plugins/tempusdominus-bootstrap-4/js/tempusdominus-bootstrap-4.min.js .................... ~ 0s
  2026-05-20 07:50:45 /plugins/overlayScrollbars/js/jquery.overlayScrollbars.min.js ............................. ~ 0s
  2026-05-20 07:50:45 /plugins/summernote/summernote-bs4.min.js ................................................. ~ 0s
  2026-05-20 07:50:45 /dist/js/adminlte.js ...................................................................... ~ 0s
  2026-05-20 07:50:45 /plugins/select2/js/select2.full.min.js ................................................... ~ 0s
  2026-05-20 07:50:45 /js/custom-script.js ...................................................................... ~ 0s
  2026-05-20 07:50:45 /plugins/dropzone/min/dropzone.min.js ..................................................... ~ 0s
  2026-05-20 07:50:45 /assets/js/datatable/jquery.dataTables.min.js ............................................. ~ 0s
  2026-05-20 07:50:45 /assets/js/datatable/dataTables.buttons.min.js ............................................ ~ 0s
  2026-05-20 07:50:45 /plugins/fontawesome-free/webfonts/fa-solid-900.woff2 ..................................... ~ 0s
  2026-05-20 07:50:45 /assets/js/datatable/datatable.js ......................................................... ~ 0s
  2026-05-20 07:50:45 ........................................................................................... ~ 0s
  2026-05-20 07:50:45 ........................................................................................... ~ 0s
  2026-05-20 07:50:45 /dist/img/default-150x150.png ............................................................. ~ 0s
  2026-05-20 07:50:45 /plugins/fontawesome-free/webfonts/fa-regular-400.woff2 ................................... ~ 0s
  2026-05-20 07:50:54 ........................................................................................... ~ 0s
  2026-05-20 07:50:54 ........................................................................................... ~ 0s
  2026-05-20 07:50:54 /plugins/fontawesome-free/css/all.min.css ................................................. ~ 0s
  2026-05-20 07:50:54 /plugins/tempusdominus-bootstrap-4/css/tempusdominus-bootstrap-4.min.css .................. ~ 0s
  2026-05-20 07:50:54 /plugins/icheck-bootstrap/icheck-bootstrap.min.css ........................................ ~ 0s
  2026-05-20 07:50:54 /plugins/jqvmap/jqvmap.min.css ............................................................ ~ 0s
  2026-05-20 07:50:54 /plugins/overlayScrollbars/css/OverlayScrollbars.min.css .................................. ~ 0s
  2026-05-20 07:50:54 /plugins/daterangepicker/daterangepicker.css .............................................. ~ 0s
  2026-05-20 07:50:54 /plugins/summernote/summernote-bs4.min.css ................................................ ~ 0s
  2026-05-20 07:50:54 /plugins/select2/css/select2.min.css ...................................................... ~ 0s
  2026-05-20 07:50:54 /plugins/select2-bootstrap4-theme/select2-bootstrap4.min.css .............................. ~ 0s
  2026-05-20 07:50:54 /plugins/dropzone/min/dropzone.min.css .................................................... ~ 0s
  2026-05-20 07:50:54 /dist/css/adminlte.min.css ................................................................ ~ 0s
  2026-05-20 07:50:54 /assets/css/datatable/datatable.css ....................................................... ~ 0s
  2026-05-20 07:50:54 /assets/css/datatable/buttons.dataTables.min.css .......................................... ~ 0s
  2026-05-20 07:50:54 /css/custom-style.css ..................................................................... ~ 0s
  2026-05-20 07:50:54 ........................................................................................... ~ 0s
  2026-05-20 07:50:54 /assets/images/logo/1725962670_66e019ae94ca7_default.png .................................. ~ 0s
  2026-05-20 07:50:54 /plugins/jquery/jquery.min.js ............................................................. ~ 0s
  2026-05-20 07:50:54 /plugins/jquery-ui/jquery-ui.min.js ....................................................... ~ 0s
  2026-05-20 07:50:54 /plugins/bootstrap/js/bootstrap.bundle.min.js ............................................. ~ 0s
  2026-05-20 07:50:54 /plugins/chart.js/Chart.min.js ............................................................ ~ 0s
  2026-05-20 07:50:54 /plugins/fontawesome-free/webfonts/fa-solid-900.woff2 ..................................... ~ 0s
  2026-05-20 07:50:54 /plugins/sparklines/sparkline.js .......................................................... ~ 0s
  2026-05-20 07:50:54 /plugins/jqvmap/jquery.vmap.min.js ........................................................ ~ 0s
  2026-05-20 07:50:54 /plugins/jqvmap/maps/jquery.vmap.usa.js ................................................... ~ 0s
  2026-05-20 07:50:54 /plugins/jquery-knob/jquery.knob.min.js ................................................... ~ 0s
  2026-05-20 07:50:54 /plugins/moment/moment.min.js ............................................................. ~ 0s
  2026-05-20 07:50:54 /plugins/daterangepicker/daterangepicker.js ............................................... ~ 0s
  2026-05-20 07:50:54 /plugins/tempusdominus-bootstrap-4/js/tempusdominus-bootstrap-4.min.js .................... ~ 0s
  2026-05-20 07:50:54 /plugins/summernote/summernote-bs4.min.js ................................................. ~ 0s
  2026-05-20 07:50:54 /plugins/overlayScrollbars/js/jquery.overlayScrollbars.min.js ............................. ~ 0s
  2026-05-20 07:50:54 /dist/js/adminlte.js ...................................................................... ~ 0s
  2026-05-20 07:50:54 /plugins/select2/js/select2.full.min.js ................................................... ~ 0s
  2026-05-20 07:50:54 /js/custom-script.js ...................................................................... ~ 0s
  2026-05-20 07:50:54 /plugins/dropzone/min/dropzone.min.js ..................................................... ~ 0s
  2026-05-20 07:50:54 /assets/js/datatable/jquery.dataTables.min.js ............................................. ~ 0s
  2026-05-20 07:50:54 /assets/js/datatable/dataTables.buttons.min.js ............................................ ~ 0s
  2026-05-20 07:50:54 /assets/js/datatable/datatable.js ......................................................... ~ 0s
  2026-05-20 07:50:54 /js/image-field.js ........................................................................ ~ 0s
  2026-05-20 07:50:54 /assets/images/no-image.png ............................................................... ~ 0s
  2026-05-20 07:50:57 ........................................................................................... ~ 0s
  2026-05-20 07:50:57 ........................................................................................... ~ 0s
  2026-05-20 07:50:57 /dist/img/default-150x150.png ............................................................. ~ 0s
  2026-05-20 07:50:57 /plugins/fontawesome-free/webfonts/fa-regular-400.woff2 ................................... ~ 0s
  2026-05-20 08:11:04 ........................................................................................... ~ 0s
  2026-05-20 08:11:04 /plugins/fontawesome-free/css/all.min.css ................................................. ~ 0s
  2026-05-20 08:11:04 /plugins/tempusdominus-bootstrap-4/css/tempusdominus-bootstrap-4.min.css .................. ~ 0s
  2026-05-20 08:11:04 /plugins/icheck-bootstrap/icheck-bootstrap.min.css ........................................ ~ 0s
  2026-05-20 08:11:04 /plugins/jqvmap/jqvmap.min.css ............................................................ ~ 0s
  2026-05-20 08:11:04 /plugins/overlayScrollbars/css/OverlayScrollbars.min.css .................................. ~ 0s
  2026-05-20 08:11:04 /plugins/daterangepicker/daterangepicker.css .............................................. ~ 0s
  2026-05-20 08:11:04 /dist/css/adminlte.min.css ................................................................ ~ 0s
  2026-05-20 08:11:04 /plugins/summernote/summernote-bs4.min.css ................................................ ~ 0s
  2026-05-20 08:11:04 /plugins/select2/css/select2.min.css ...................................................... ~ 0s
  2026-05-20 08:11:04 /plugins/select2-bootstrap4-theme/select2-bootstrap4.min.css .............................. ~ 0s
  2026-05-20 08:11:04 /plugins/dropzone/min/dropzone.min.css .................................................... ~ 0s
  2026-05-20 08:11:04 /assets/css/datatable/datatable.css ....................................................... ~ 0s
  2026-05-20 08:11:04 /assets/css/datatable/buttons.dataTables.min.css .......................................... ~ 0s
  2026-05-20 08:11:04 /css/custom-style.css ..................................................................... ~ 0s
  2026-05-20 08:11:04 /assets/images/demo/logo.svg .............................................................. ~ 0s
  2026-05-20 08:11:04 /plugins/jquery/jquery.min.js ............................................................. ~ 0s
  2026-05-20 08:11:04 /plugins/jquery-ui/jquery-ui.min.js ....................................................... ~ 0s
  2026-05-20 08:11:04 /plugins/bootstrap/js/bootstrap.bundle.min.js ............................................. ~ 0s
  2026-05-20 08:11:04 /plugins/chart.js/Chart.min.js ............................................................ ~ 0s
  2026-05-20 08:11:04 /plugins/sparklines/sparkline.js .......................................................... ~ 0s
  2026-05-20 08:11:04 /plugins/jqvmap/jquery.vmap.min.js ........................................................ ~ 0s
  2026-05-20 08:11:04 /plugins/jqvmap/maps/jquery.vmap.usa.js ................................................... ~ 0s
  2026-05-20 08:11:04 /plugins/jquery-knob/jquery.knob.min.js ................................................... ~ 0s
  2026-05-20 08:11:04 /plugins/moment/moment.min.js ............................................................. ~ 0s
  2026-05-20 08:11:04 /plugins/daterangepicker/daterangepicker.js ............................................... ~ 0s
  2026-05-20 08:11:04 /plugins/tempusdominus-bootstrap-4/js/tempusdominus-bootstrap-4.min.js .................... ~ 0s
  2026-05-20 08:11:04 /plugins/summernote/summernote-bs4.min.js ................................................. ~ 0s
  2026-05-20 08:11:04 /plugins/overlayScrollbars/js/jquery.overlayScrollbars.min.js ............................. ~ 0s
  2026-05-20 08:11:04 /dist/js/adminlte.js ...................................................................... ~ 0s
  2026-05-20 08:11:04 /plugins/select2/js/select2.full.min.js ................................................... ~ 0s
  2026-05-20 08:11:04 /js/custom-script.js ...................................................................... ~ 0s
  2026-05-20 08:11:04 /plugins/dropzone/min/dropzone.min.js ..................................................... ~ 0s
  2026-05-20 08:11:04 /assets/js/datatable/datatable.js ......................................................... ~ 0s
  2026-05-20 08:11:04 /assets/js/datatable/jquery.dataTables.min.js ............................................. ~ 0s
  2026-05-20 08:11:04 /assets/js/datatable/dataTables.buttons.min.js ............................................ ~ 0s
  2026-05-20 08:11:04 /plugins/fontawesome-free/webfonts/fa-solid-900.woff2 ..................................... ~ 0s
  2026-05-20 08:11:04 ........................................................................................... ~ 0s
  2026-05-20 08:11:05 ........................................................................................... ~ 0s
  2026-05-20 08:11:05 /dist/img/default-150x150.png ............................................................. ~ 0s
  2026-05-20 08:11:05 /plugins/fontawesome-free/webfonts/fa-regular-400.woff2 ................................... ~ 0s
  2026-05-20 08:11:05 /assets/images/demo/favicon.svg ........................................................... ~ 0s
  2026-05-20 08:11:33 ........................................................................................... ~ 0s
  2026-05-20 08:11:33 /plugins/fontawesome-free/css/all.min.css ................................................. ~ 0s
  2026-05-20 08:11:33 /plugins/tempusdominus-bootstrap-4/css/tempusdominus-bootstrap-4.min.css .................. ~ 0s
  2026-05-20 08:11:33 /plugins/icheck-bootstrap/icheck-bootstrap.min.css ........................................ ~ 0s
  2026-05-20 08:11:33 /plugins/jqvmap/jqvmap.min.css ............................................................ ~ 0s
  2026-05-20 08:11:33 /plugins/overlayScrollbars/css/OverlayScrollbars.min.css .................................. ~ 0s
  2026-05-20 08:11:33 /plugins/daterangepicker/daterangepicker.css .............................................. ~ 0s
  2026-05-20 08:11:33 /plugins/summernote/summernote-bs4.min.css ................................................ ~ 0s
  2026-05-20 08:11:33 /dist/css/adminlte.min.css ................................................................ ~ 0s
  2026-05-20 08:11:33 /plugins/select2/css/select2.min.css ...................................................... ~ 0s
  2026-05-20 08:11:33 /plugins/select2-bootstrap4-theme/select2-bootstrap4.min.css .............................. ~ 0s
  2026-05-20 08:11:33 /plugins/dropzone/min/dropzone.min.css .................................................... ~ 0s
  2026-05-20 08:11:33 /assets/css/datatable/datatable.css ....................................................... ~ 0s
  2026-05-20 08:11:33 /assets/css/datatable/buttons.dataTables.min.css .......................................... ~ 0s
  2026-05-20 08:11:33 /css/custom-style.css ..................................................................... ~ 0s
  2026-05-20 08:11:33 /assets/images/demo/logo.svg .............................................................. ~ 0s
  2026-05-20 08:11:33 /plugins/jquery/jquery.min.js ............................................................. ~ 0s
  2026-05-20 08:11:33 /plugins/jquery-ui/jquery-ui.min.js ....................................................... ~ 0s
  2026-05-20 08:11:33 /plugins/bootstrap/js/bootstrap.bundle.min.js ............................................. ~ 0s
  2026-05-20 08:11:33 /plugins/chart.js/Chart.min.js ............................................................ ~ 0s
  2026-05-20 08:11:33 /plugins/sparklines/sparkline.js .......................................................... ~ 0s
  2026-05-20 08:11:33 /plugins/jqvmap/jquery.vmap.min.js ........................................................ ~ 0s
  2026-05-20 08:11:33 /plugins/jqvmap/maps/jquery.vmap.usa.js ................................................... ~ 0s
  2026-05-20 08:11:33 /plugins/jquery-knob/jquery.knob.min.js ................................................... ~ 0s
  2026-05-20 08:11:33 /plugins/moment/moment.min.js ............................................................. ~ 0s
  2026-05-20 08:11:33 /plugins/daterangepicker/daterangepicker.js ............................................... ~ 0s
  2026-05-20 08:11:33 /plugins/tempusdominus-bootstrap-4/js/tempusdominus-bootstrap-4.min.js .................... ~ 0s
  2026-05-20 08:11:33 /plugins/summernote/summernote-bs4.min.js ................................................. ~ 0s
  2026-05-20 08:11:33 /plugins/overlayScrollbars/js/jquery.overlayScrollbars.min.js ............................. ~ 0s
  2026-05-20 08:11:33 /dist/js/adminlte.js ...................................................................... ~ 0s
  2026-05-20 08:11:33 /plugins/select2/js/select2.full.min.js ................................................... ~ 0s
  2026-05-20 08:11:33 /js/custom-script.js ...................................................................... ~ 0s
  2026-05-20 08:11:33 /plugins/dropzone/min/dropzone.min.js ..................................................... ~ 0s
  2026-05-20 08:11:33 /assets/js/datatable/jquery.dataTables.min.js ............................................. ~ 0s
  2026-05-20 08:11:33 /assets/js/datatable/datatable.js ......................................................... ~ 0s
  2026-05-20 08:11:33 /assets/js/datatable/dataTables.buttons.min.js ............................................ ~ 0s
  2026-05-20 08:11:33 /plugins/fontawesome-free/webfonts/fa-solid-900.woff2 ..................................... ~ 0s
  2026-05-20 08:11:33 ........................................................................................... ~ 0s
  2026-05-20 08:11:33 /assets/images/demo/favicon.svg ........................................................... ~ 0s
  2026-05-20 08:11:33 ........................................................................................... ~ 0s
  2026-05-20 08:11:33 /dist/img/default-150x150.png ............................................................. ~ 0s
  2026-05-20 08:11:33 /plugins/fontawesome-free/webfonts/fa-regular-400.woff2 ................................... ~ 0s
  2026-05-20 08:13:59 ........................................................................................... ~ 0s
  2026-05-20 08:13:59 /plugins/fontawesome-free/css/all.min.css ................................................. ~ 0s
  2026-05-20 08:13:59 /plugins/tempusdominus-bootstrap-4/css/tempusdominus-bootstrap-4.min.css .................. ~ 0s
  2026-05-20 08:13:59 /plugins/icheck-bootstrap/icheck-bootstrap.min.css ........................................ ~ 0s
  2026-05-20 08:13:59 /plugins/jqvmap/jqvmap.min.css ............................................................ ~ 0s
  2026-05-20 08:13:59 /plugins/overlayScrollbars/css/OverlayScrollbars.min.css .................................. ~ 0s
  2026-05-20 08:13:59 /plugins/daterangepicker/daterangepicker.css .............................................. ~ 0s
  2026-05-20 08:13:59 /plugins/summernote/summernote-bs4.min.css ................................................ ~ 0s
  2026-05-20 08:13:59 /plugins/select2/css/select2.min.css ...................................................... ~ 0s
  2026-05-20 08:13:59 /plugins/select2-bootstrap4-theme/select2-bootstrap4.min.css .............................. ~ 0s
  2026-05-20 08:13:59 /plugins/dropzone/min/dropzone.min.css .................................................... ~ 0s
  2026-05-20 08:13:59 /dist/css/adminlte.min.css ................................................................ ~ 0s
  2026-05-20 08:13:59 /assets/css/datatable/datatable.css ....................................................... ~ 0s
  2026-05-20 08:13:59 /assets/css/datatable/buttons.dataTables.min.css .......................................... ~ 0s
  2026-05-20 08:13:59 /css/custom-style.css ..................................................................... ~ 0s
  2026-05-20 08:13:59 /assets/images/demo/logo.svg .............................................................. ~ 0s
  2026-05-20 08:13:59 /plugins/jquery/jquery.min.js ............................................................. ~ 0s
  2026-05-20 08:13:59 /plugins/jquery-ui/jquery-ui.min.js ....................................................... ~ 0s
  2026-05-20 08:13:59 /plugins/bootstrap/js/bootstrap.bundle.min.js ............................................. ~ 0s
  2026-05-20 08:13:59 /plugins/chart.js/Chart.min.js ............................................................ ~ 0s
  2026-05-20 08:13:59 /plugins/sparklines/sparkline.js .......................................................... ~ 0s
  2026-05-20 08:13:59 /plugins/jqvmap/jquery.vmap.min.js ........................................................ ~ 0s
  2026-05-20 08:13:59 /plugins/jqvmap/maps/jquery.vmap.usa.js ................................................... ~ 0s
  2026-05-20 08:13:59 /plugins/jquery-knob/jquery.knob.min.js ................................................... ~ 0s
  2026-05-20 08:13:59 /plugins/moment/moment.min.js ............................................................. ~ 0s
  2026-05-20 08:13:59 /plugins/daterangepicker/daterangepicker.js ............................................... ~ 0s
  2026-05-20 08:13:59 /plugins/tempusdominus-bootstrap-4/js/tempusdominus-bootstrap-4.min.js .................... ~ 0s
  2026-05-20 08:13:59 /plugins/summernote/summernote-bs4.min.js ................................................. ~ 0s
  2026-05-20 08:13:59 /plugins/overlayScrollbars/js/jquery.overlayScrollbars.min.js ............................. ~ 0s
  2026-05-20 08:13:59 /dist/js/adminlte.js ...................................................................... ~ 0s
  2026-05-20 08:13:59 /plugins/select2/js/select2.full.min.js ................................................... ~ 0s
  2026-05-20 08:13:59 /js/custom-script.js ...................................................................... ~ 0s
  2026-05-20 08:13:59 /plugins/dropzone/min/dropzone.min.js ..................................................... ~ 0s
  2026-05-20 08:13:59 /assets/js/datatable/jquery.dataTables.min.js ............................................. ~ 0s
  2026-05-20 08:13:59 /assets/js/datatable/datatable.js ......................................................... ~ 0s
  2026-05-20 08:13:59 /assets/js/datatable/dataTables.buttons.min.js ............................................ ~ 0s
  2026-05-20 08:13:59 /plugins/fontawesome-free/webfonts/fa-solid-900.woff2 ..................................... ~ 0s
  2026-05-20 08:13:59 ........................................................................................... ~ 1s
  2026-05-20 08:14:00 ........................................................................................... ~ 0s
  2026-05-20 08:14:00 /dist/img/default-150x150.png ............................................................. ~ 0s
  2026-05-20 08:14:00 /plugins/fontawesome-free/webfonts/fa-regular-400.woff2 ................................... ~ 0s
  2026-05-20 08:14:00 /assets/images/demo/favicon.svg ........................................................... ~ 0s
  2026-05-20 08:14:57 ........................................................................................... ~ 0s
  2026-05-20 08:14:57 /plugins/fontawesome-free/css/all.min.css ................................................. ~ 0s
  2026-05-20 08:14:57 /plugins/tempusdominus-bootstrap-4/css/tempusdominus-bootstrap-4.min.css .................. ~ 0s
  2026-05-20 08:14:57 /plugins/icheck-bootstrap/icheck-bootstrap.min.css ........................................ ~ 0s
  2026-05-20 08:14:57 /plugins/jqvmap/jqvmap.min.css ............................................................ ~ 0s
  2026-05-20 08:14:57 /plugins/overlayScrollbars/css/OverlayScrollbars.min.css .................................. ~ 0s
  2026-05-20 08:14:57 /plugins/daterangepicker/daterangepicker.css .............................................. ~ 0s
  2026-05-20 08:14:57 /dist/css/adminlte.min.css ................................................................ ~ 0s
  2026-05-20 08:14:57 /plugins/summernote/summernote-bs4.min.css ................................................ ~ 0s
  2026-05-20 08:14:57 /plugins/select2/css/select2.min.css ...................................................... ~ 0s
  2026-05-20 08:14:57 /plugins/select2-bootstrap4-theme/select2-bootstrap4.min.css .............................. ~ 0s
  2026-05-20 08:14:57 /plugins/dropzone/min/dropzone.min.css .................................................... ~ 0s
  2026-05-20 08:14:57 /assets/css/datatable/datatable.css ....................................................... ~ 0s
  2026-05-20 08:14:57 /assets/css/datatable/buttons.dataTables.min.css .......................................... ~ 0s
  2026-05-20 08:14:57 /css/custom-style.css ..................................................................... ~ 0s
  2026-05-20 08:14:57 /assets/images/demo/logo.svg .............................................................. ~ 0s
  2026-05-20 08:14:57 /plugins/jquery/jquery.min.js ............................................................. ~ 0s
  2026-05-20 08:14:57 /plugins/jquery-ui/jquery-ui.min.js ....................................................... ~ 0s
  2026-05-20 08:14:57 /plugins/bootstrap/js/bootstrap.bundle.min.js ............................................. ~ 0s
  2026-05-20 08:14:57 /plugins/chart.js/Chart.min.js ............................................................ ~ 0s
  2026-05-20 08:14:57 /plugins/sparklines/sparkline.js .......................................................... ~ 0s
  2026-05-20 08:14:57 /plugins/jqvmap/jquery.vmap.min.js ........................................................ ~ 0s
  2026-05-20 08:14:57 /plugins/jqvmap/maps/jquery.vmap.usa.js ................................................... ~ 0s
  2026-05-20 08:14:57 /plugins/jquery-knob/jquery.knob.min.js ................................................... ~ 0s
  2026-05-20 08:14:57 /plugins/moment/moment.min.js ............................................................. ~ 0s
  2026-05-20 08:14:57 /plugins/daterangepicker/daterangepicker.js ............................................... ~ 0s
  2026-05-20 08:14:57 /plugins/tempusdominus-bootstrap-4/js/tempusdominus-bootstrap-4.min.js .................... ~ 0s
  2026-05-20 08:14:57 /plugins/summernote/summernote-bs4.min.js ................................................. ~ 0s
  2026-05-20 08:14:57 /plugins/overlayScrollbars/js/jquery.overlayScrollbars.min.js ............................. ~ 0s
  2026-05-20 08:14:57 /dist/js/adminlte.js ...................................................................... ~ 0s
  2026-05-20 08:14:57 /plugins/select2/js/select2.full.min.js ................................................... ~ 0s
  2026-05-20 08:14:57 /js/custom-script.js ...................................................................... ~ 0s
  2026-05-20 08:14:57 /plugins/dropzone/min/dropzone.min.js ..................................................... ~ 0s
  2026-05-20 08:14:57 /assets/js/datatable/jquery.dataTables.min.js ............................................. ~ 0s
  2026-05-20 08:14:57 /assets/js/datatable/datatable.js ......................................................... ~ 0s
  2026-05-20 08:14:57 /assets/js/datatable/dataTables.buttons.min.js ............................................ ~ 0s
  2026-05-20 08:14:57 /plugins/fontawesome-free/webfonts/fa-solid-900.woff2 ..................................... ~ 0s
  2026-05-20 08:14:57 ........................................................................................... ~ 0s
  2026-05-20 08:14:57 /assets/images/demo/favicon.svg ........................................................... ~ 0s
  2026-05-20 08:14:57 ........................................................................................... ~ 0s
  2026-05-20 08:14:57 /dist/img/default-150x150.png ............................................................. ~ 0s
  2026-05-20 08:14:57 /plugins/fontawesome-free/webfonts/fa-regular-400.woff2 ................................... ~ 0s
  2026-05-20 08:15:47 ........................................................................................... ~ 0s
  2026-05-20 08:15:47 /plugins/fontawesome-free/css/all.min.css ................................................. ~ 0s
  2026-05-20 08:15:47 /plugins/tempusdominus-bootstrap-4/css/tempusdominus-bootstrap-4.min.css .................. ~ 0s
  2026-05-20 08:15:47 /plugins/icheck-bootstrap/icheck-bootstrap.min.css ........................................ ~ 0s
  2026-05-20 08:15:47 /plugins/jqvmap/jqvmap.min.css ............................................................ ~ 0s
  2026-05-20 08:15:47 /plugins/overlayScrollbars/css/OverlayScrollbars.min.css .................................. ~ 0s
  2026-05-20 08:15:47 /plugins/daterangepicker/daterangepicker.css .............................................. ~ 0s
  2026-05-20 08:15:47 /plugins/summernote/summernote-bs4.min.css ................................................ ~ 0s
  2026-05-20 08:15:47 /plugins/select2/css/select2.min.css ...................................................... ~ 0s
  2026-05-20 08:15:47 /plugins/select2-bootstrap4-theme/select2-bootstrap4.min.css .............................. ~ 0s
  2026-05-20 08:15:47 /plugins/dropzone/min/dropzone.min.css .................................................... ~ 0s
  2026-05-20 08:15:47 /dist/css/adminlte.min.css ................................................................ ~ 0s
  2026-05-20 08:15:47 /assets/css/datatable/datatable.css ....................................................... ~ 0s
  2026-05-20 08:15:47 /assets/css/datatable/buttons.dataTables.min.css .......................................... ~ 0s
  2026-05-20 08:15:47 /css/custom-style.css ..................................................................... ~ 0s
  2026-05-20 08:15:47 /assets/images/demo/logo.svg .............................................................. ~ 0s
  2026-05-20 08:15:47 /plugins/jquery/jquery.min.js ............................................................. ~ 0s
  2026-05-20 08:15:47 /plugins/jquery-ui/jquery-ui.min.js ....................................................... ~ 0s
  2026-05-20 08:15:47 /plugins/bootstrap/js/bootstrap.bundle.min.js ............................................. ~ 0s
  2026-05-20 08:15:47 /plugins/chart.js/Chart.min.js ............................................................ ~ 0s
  2026-05-20 08:15:47 /plugins/sparklines/sparkline.js .......................................................... ~ 0s
  2026-05-20 08:15:47 /plugins/jqvmap/jquery.vmap.min.js ........................................................ ~ 0s
  2026-05-20 08:15:47 /plugins/jqvmap/maps/jquery.vmap.usa.js ................................................... ~ 0s
  2026-05-20 08:15:47 /plugins/jquery-knob/jquery.knob.min.js ................................................... ~ 0s
  2026-05-20 08:15:47 /plugins/moment/moment.min.js ............................................................. ~ 0s
  2026-05-20 08:15:47 /plugins/daterangepicker/daterangepicker.js ............................................... ~ 0s
  2026-05-20 08:15:47 /plugins/tempusdominus-bootstrap-4/js/tempusdominus-bootstrap-4.min.js .................... ~ 0s
  2026-05-20 08:15:47 /plugins/summernote/summernote-bs4.min.js ................................................. ~ 0s
  2026-05-20 08:15:47 /plugins/overlayScrollbars/js/jquery.overlayScrollbars.min.js ............................. ~ 0s
  2026-05-20 08:15:47 /dist/js/adminlte.js ...................................................................... ~ 0s
  2026-05-20 08:15:47 /plugins/select2/js/select2.full.min.js ................................................... ~ 0s
  2026-05-20 08:15:47 /js/custom-script.js ...................................................................... ~ 0s
  2026-05-20 08:15:47 /plugins/dropzone/min/dropzone.min.js ..................................................... ~ 0s
  2026-05-20 08:15:47 /assets/js/datatable/jquery.dataTables.min.js ............................................. ~ 0s
  2026-05-20 08:15:47 /assets/js/datatable/dataTables.buttons.min.js ............................................ ~ 0s
  2026-05-20 08:15:47 /assets/js/datatable/datatable.js ......................................................... ~ 0s
  2026-05-20 08:15:47 /plugins/fontawesome-free/webfonts/fa-solid-900.woff2 ..................................... ~ 0s
  2026-05-20 08:15:47 ........................................................................................... ~ 0s
  2026-05-20 08:15:47 /assets/images/demo/favicon.svg ........................................................... ~ 0s
  2026-05-20 08:15:47 ........................................................................................... ~ 0s
  2026-05-20 08:15:47 /dist/img/default-150x150.png ............................................................. ~ 0s
  2026-05-20 08:15:47 /plugins/fontawesome-free/webfonts/fa-regular-400.woff2 ................................... ~ 0s
  2026-05-20 08:16:58 ........................................................................................... ~ 0s
  2026-05-20 08:16:58 /plugins/fontawesome-free/css/all.min.css ................................................. ~ 0s
  2026-05-20 08:16:58 /plugins/tempusdominus-bootstrap-4/css/tempusdominus-bootstrap-4.min.css .................. ~ 0s
  2026-05-20 08:16:58 /plugins/icheck-bootstrap/icheck-bootstrap.min.css ........................................ ~ 0s
  2026-05-20 08:16:58 /plugins/jqvmap/jqvmap.min.css ............................................................ ~ 0s
  2026-05-20 08:16:58 /plugins/overlayScrollbars/css/OverlayScrollbars.min.css .................................. ~ 0s
  2026-05-20 08:16:58 /plugins/daterangepicker/daterangepicker.css .............................................. ~ 0s
  2026-05-20 08:16:58 /plugins/summernote/summernote-bs4.min.css ................................................ ~ 0s
  2026-05-20 08:16:58 /plugins/select2/css/select2.min.css ...................................................... ~ 0s
  2026-05-20 08:16:58 /dist/css/adminlte.min.css ................................................................ ~ 0s
  2026-05-20 08:16:58 /plugins/select2-bootstrap4-theme/select2-bootstrap4.min.css .............................. ~ 0s
  2026-05-20 08:16:58 /plugins/dropzone/min/dropzone.min.css .................................................... ~ 0s
  2026-05-20 08:16:58 /assets/css/datatable/datatable.css ....................................................... ~ 0s
  2026-05-20 08:16:58 /assets/css/datatable/buttons.dataTables.min.css .......................................... ~ 0s
  2026-05-20 08:16:58 /css/custom-style.css ..................................................................... ~ 0s
  2026-05-20 08:16:58 /assets/images/demo/logo.svg .............................................................. ~ 0s
  2026-05-20 08:16:58 /plugins/jquery/jquery.min.js ............................................................. ~ 0s
  2026-05-20 08:16:58 /plugins/jquery-ui/jquery-ui.min.js ....................................................... ~ 0s
  2026-05-20 08:16:58 /plugins/bootstrap/js/bootstrap.bundle.min.js ............................................. ~ 0s
  2026-05-20 08:16:58 /plugins/chart.js/Chart.min.js ............................................................ ~ 0s
  2026-05-20 08:16:58 /plugins/sparklines/sparkline.js .......................................................... ~ 0s
  2026-05-20 08:16:58 /plugins/jqvmap/jquery.vmap.min.js ........................................................ ~ 0s
  2026-05-20 08:16:58 /plugins/jqvmap/maps/jquery.vmap.usa.js ................................................... ~ 0s
  2026-05-20 08:16:58 /plugins/jquery-knob/jquery.knob.min.js ................................................... ~ 0s
  2026-05-20 08:16:58 /plugins/moment/moment.min.js ............................................................. ~ 0s
  2026-05-20 08:16:58 /plugins/daterangepicker/daterangepicker.js ............................................... ~ 0s
  2026-05-20 08:16:58 /plugins/tempusdominus-bootstrap-4/js/tempusdominus-bootstrap-4.min.js .................... ~ 0s
  2026-05-20 08:16:58 /plugins/summernote/summernote-bs4.min.js ................................................. ~ 0s
  2026-05-20 08:16:58 /plugins/overlayScrollbars/js/jquery.overlayScrollbars.min.js ............................. ~ 0s
  2026-05-20 08:16:58 /dist/js/adminlte.js ...................................................................... ~ 0s
  2026-05-20 08:16:58 /plugins/select2/js/select2.full.min.js ................................................... ~ 0s
  2026-05-20 08:16:58 /js/custom-script.js ...................................................................... ~ 0s
  2026-05-20 08:16:58 /plugins/dropzone/min/dropzone.min.js ..................................................... ~ 0s
  2026-05-20 08:16:58 /assets/js/datatable/jquery.dataTables.min.js ............................................. ~ 0s
  2026-05-20 08:16:58 /assets/js/datatable/datatable.js ......................................................... ~ 0s
  2026-05-20 08:16:58 /assets/js/datatable/dataTables.buttons.min.js ............................................ ~ 0s
  2026-05-20 08:16:58 /plugins/fontawesome-free/webfonts/fa-solid-900.woff2 ..................................... ~ 0s
  2026-05-20 08:16:58 ........................................................................................... ~ 0s
  2026-05-20 08:16:59 ........................................................................................... ~ 0s
  2026-05-20 08:16:59 /dist/img/default-150x150.png ............................................................. ~ 0s
  2026-05-20 08:16:59 /plugins/fontawesome-free/webfonts/fa-regular-400.woff2 ................................... ~ 0s
  2026-05-20 08:16:59 /assets/images/demo/favicon.svg ........................................................... ~ 0s
  2026-05-20 08:17:20 ........................................................................................... ~ 0s
  2026-05-20 08:17:20 /plugins/fontawesome-free/css/all.min.css ................................................. ~ 0s
  2026-05-20 08:17:20 /plugins/tempusdominus-bootstrap-4/css/tempusdominus-bootstrap-4.min.css .................. ~ 0s
  2026-05-20 08:17:20 /plugins/icheck-bootstrap/icheck-bootstrap.min.css ........................................ ~ 0s
  2026-05-20 08:17:20 /plugins/jqvmap/jqvmap.min.css ............................................................ ~ 0s
  2026-05-20 08:17:20 /plugins/overlayScrollbars/css/OverlayScrollbars.min.css .................................. ~ 0s
  2026-05-20 08:17:20 /plugins/daterangepicker/daterangepicker.css .............................................. ~ 0s
  2026-05-20 08:17:20 /dist/css/adminlte.min.css ................................................................ ~ 0s
  2026-05-20 08:17:20 /plugins/summernote/summernote-bs4.min.css ................................................ ~ 0s
  2026-05-20 08:17:20 /plugins/select2/css/select2.min.css ...................................................... ~ 0s
  2026-05-20 08:17:20 /plugins/select2-bootstrap4-theme/select2-bootstrap4.min.css .............................. ~ 0s
  2026-05-20 08:17:20 /plugins/dropzone/min/dropzone.min.css .................................................... ~ 0s
  2026-05-20 08:17:20 /assets/css/datatable/datatable.css ....................................................... ~ 0s
  2026-05-20 08:17:20 /assets/css/datatable/buttons.dataTables.min.css .......................................... ~ 0s
  2026-05-20 08:17:20 /css/custom-style.css ..................................................................... ~ 0s
  2026-05-20 08:17:20 /assets/images/demo/logo.svg .............................................................. ~ 0s
  2026-05-20 08:17:20 /plugins/jquery/jquery.min.js ............................................................. ~ 0s
  2026-05-20 08:17:20 /plugins/jquery-ui/jquery-ui.min.js ....................................................... ~ 0s
  2026-05-20 08:17:20 /plugins/bootstrap/js/bootstrap.bundle.min.js ............................................. ~ 0s
  2026-05-20 08:17:20 /plugins/chart.js/Chart.min.js ............................................................ ~ 0s
  2026-05-20 08:17:20 /plugins/sparklines/sparkline.js .......................................................... ~ 0s
  2026-05-20 08:17:20 /plugins/jqvmap/jquery.vmap.min.js ........................................................ ~ 0s
  2026-05-20 08:17:20 /plugins/jqvmap/maps/jquery.vmap.usa.js ................................................... ~ 0s
  2026-05-20 08:17:20 /plugins/jquery-knob/jquery.knob.min.js ................................................... ~ 0s
  2026-05-20 08:17:20 /plugins/moment/moment.min.js ............................................................. ~ 0s
  2026-05-20 08:17:20 /plugins/daterangepicker/daterangepicker.js ............................................... ~ 0s
  2026-05-20 08:17:20 /plugins/tempusdominus-bootstrap-4/js/tempusdominus-bootstrap-4.min.js .................... ~ 0s
  2026-05-20 08:17:20 /plugins/summernote/summernote-bs4.min.js ................................................. ~ 0s
  2026-05-20 08:17:20 /plugins/overlayScrollbars/js/jquery.overlayScrollbars.min.js ............................. ~ 0s
  2026-05-20 08:17:20 /dist/js/adminlte.js ...................................................................... ~ 0s
  2026-05-20 08:17:20 /plugins/select2/js/select2.full.min.js ................................................... ~ 0s
  2026-05-20 08:17:20 /js/custom-script.js ...................................................................... ~ 0s
  2026-05-20 08:17:20 /plugins/dropzone/min/dropzone.min.js ..................................................... ~ 0s
  2026-05-20 08:17:20 /assets/js/datatable/datatable.js ......................................................... ~ 0s
  2026-05-20 08:17:20 /assets/js/datatable/jquery.dataTables.min.js ............................................. ~ 0s
  2026-05-20 08:17:20 /assets/js/datatable/dataTables.buttons.min.js ............................................ ~ 0s
  2026-05-20 08:17:20 /plugins/fontawesome-free/webfonts/fa-solid-900.woff2 ..................................... ~ 0s
  2026-05-20 08:17:20 ........................................................................................... ~ 0s
  2026-05-20 08:17:20 /assets/images/demo/favicon.svg ........................................................... ~ 0s
  2026-05-20 08:17:20 ........................................................................................... ~ 0s
  2026-05-20 08:17:20 /dist/img/default-150x150.png ............................................................. ~ 0s
  2026-05-20 08:17:20 /plugins/fontawesome-free/webfonts/fa-regular-400.woff2 ................................... ~ 0s
  2026-05-20 08:19:59 ........................................................................................... ~ 0s
  2026-05-20 08:19:59 /plugins/fontawesome-free/css/all.min.css ................................................. ~ 0s
  2026-05-20 08:19:59 /plugins/tempusdominus-bootstrap-4/css/tempusdominus-bootstrap-4.min.css .................. ~ 0s
  2026-05-20 08:19:59 /plugins/icheck-bootstrap/icheck-bootstrap.min.css ........................................ ~ 0s
  2026-05-20 08:19:59 /plugins/jqvmap/jqvmap.min.css ............................................................ ~ 0s
  2026-05-20 08:19:59 /plugins/overlayScrollbars/css/OverlayScrollbars.min.css .................................. ~ 0s
  2026-05-20 08:19:59 /plugins/daterangepicker/daterangepicker.css .............................................. ~ 0s
  2026-05-20 08:19:59 /plugins/summernote/summernote-bs4.min.css ................................................ ~ 0s
  2026-05-20 08:19:59 /plugins/select2/css/select2.min.css ...................................................... ~ 0s
  2026-05-20 08:19:59 /plugins/select2-bootstrap4-theme/select2-bootstrap4.min.css .............................. ~ 0s
  2026-05-20 08:19:59 /plugins/dropzone/min/dropzone.min.css .................................................... ~ 0s
  2026-05-20 08:19:59 /assets/css/datatable/datatable.css ....................................................... ~ 0s
  2026-05-20 08:19:59 /dist/css/adminlte.min.css ................................................................ ~ 0s
  2026-05-20 08:19:59 /assets/css/datatable/buttons.dataTables.min.css .......................................... ~ 0s
  2026-05-20 08:19:59 /css/custom-style.css ..................................................................... ~ 0s
  2026-05-20 08:19:59 /assets/images/demo/logo.svg .............................................................. ~ 0s
  2026-05-20 08:19:59 /plugins/jquery/jquery.min.js ............................................................. ~ 0s
  2026-05-20 08:19:59 /plugins/jquery-ui/jquery-ui.min.js ....................................................... ~ 0s
  2026-05-20 08:19:59 /plugins/bootstrap/js/bootstrap.bundle.min.js ............................................. ~ 0s
  2026-05-20 08:19:59 /plugins/chart.js/Chart.min.js ............................................................ ~ 0s
  2026-05-20 08:19:59 /plugins/sparklines/sparkline.js .......................................................... ~ 0s
  2026-05-20 08:19:59 /plugins/jqvmap/jquery.vmap.min.js ........................................................ ~ 0s
  2026-05-20 08:19:59 /plugins/jqvmap/maps/jquery.vmap.usa.js ................................................... ~ 0s
  2026-05-20 08:19:59 /plugins/jquery-knob/jquery.knob.min.js ................................................... ~ 0s
  2026-05-20 08:19:59 /plugins/moment/moment.min.js ............................................................. ~ 0s
  2026-05-20 08:19:59 /plugins/daterangepicker/daterangepicker.js ............................................... ~ 0s
  2026-05-20 08:19:59 /plugins/tempusdominus-bootstrap-4/js/tempusdominus-bootstrap-4.min.js .................... ~ 0s
  2026-05-20 08:19:59 /plugins/summernote/summernote-bs4.min.js ................................................. ~ 0s
  2026-05-20 08:19:59 /plugins/overlayScrollbars/js/jquery.overlayScrollbars.min.js ............................. ~ 0s
  2026-05-20 08:19:59 /dist/js/adminlte.js ...................................................................... ~ 0s
  2026-05-20 08:19:59 /plugins/select2/js/select2.full.min.js ................................................... ~ 0s
  2026-05-20 08:19:59 /js/custom-script.js ...................................................................... ~ 0s
  2026-05-20 08:19:59 /plugins/dropzone/min/dropzone.min.js ..................................................... ~ 0s
  2026-05-20 08:19:59 /plugins/fontawesome-free/webfonts/fa-solid-900.woff2 ..................................... ~ 0s
  2026-05-20 08:19:59 /assets/js/datatable/jquery.dataTables.min.js ............................................. ~ 0s
  2026-05-20 08:19:59 /assets/js/datatable/dataTables.buttons.min.js ............................................ ~ 0s
  2026-05-20 08:19:59 /assets/js/datatable/datatable.js ......................................................... ~ 0s
  2026-05-20 08:19:59 ........................................................................................... ~ 1s
  2026-05-20 08:20:00 /assets/images/demo/favicon.svg ........................................................... ~ 0s
  2026-05-20 08:20:00 ........................................................................................... ~ 0s
  2026-05-20 08:20:00 /dist/img/default-150x150.png ............................................................. ~ 0s
  2026-05-20 08:20:00 /plugins/fontawesome-free/webfonts/fa-regular-400.woff2 ................................... ~ 0s
  2026-05-20 08:32:03 ........................................................................................... ~ 0s
  2026-05-20 08:32:03 /plugins/fontawesome-free/css/all.min.css ................................................. ~ 1s
  2026-05-20 08:32:04 /plugins/tempusdominus-bootstrap-4/css/tempusdominus-bootstrap-4.min.css .................. ~ 0s
  2026-05-20 08:32:04 /plugins/icheck-bootstrap/icheck-bootstrap.min.css ........................................ ~ 0s
  2026-05-20 08:32:04 /plugins/jqvmap/jqvmap.min.css ............................................................ ~ 0s
  2026-05-20 08:32:04 /plugins/overlayScrollbars/css/OverlayScrollbars.min.css .................................. ~ 0s
  2026-05-20 08:32:04 /plugins/daterangepicker/daterangepicker.css .............................................. ~ 0s
  2026-05-20 08:32:04 /plugins/summernote/summernote-bs4.min.css ................................................ ~ 0s
  2026-05-20 08:32:04 /plugins/select2/css/select2.min.css ...................................................... ~ 0s
  2026-05-20 08:32:04 /plugins/select2-bootstrap4-theme/select2-bootstrap4.min.css .............................. ~ 0s
  2026-05-20 08:32:04 /plugins/dropzone/min/dropzone.min.css .................................................... ~ 0s
  2026-05-20 08:32:04 /dist/css/adminlte.min.css ................................................................ ~ 0s
  2026-05-20 08:32:04 /assets/css/datatable/datatable.css ....................................................... ~ 0s
  2026-05-20 08:32:04 /assets/css/datatable/buttons.dataTables.min.css .......................................... ~ 0s
  2026-05-20 08:32:04 /css/custom-style.css ..................................................................... ~ 0s
  2026-05-20 08:32:04 /assets/images/demo/logo.svg .............................................................. ~ 0s
  2026-05-20 08:32:04 /plugins/jquery/jquery.min.js ............................................................. ~ 0s
  2026-05-20 08:32:04 /plugins/jquery-ui/jquery-ui.min.js ....................................................... ~ 0s
  2026-05-20 08:32:04 /plugins/bootstrap/js/bootstrap.bundle.min.js ............................................. ~ 0s
  2026-05-20 08:32:04 /plugins/chart.js/Chart.min.js ............................................................ ~ 0s
  2026-05-20 08:32:04 /plugins/sparklines/sparkline.js .......................................................... ~ 0s
  2026-05-20 08:32:04 /plugins/jqvmap/jquery.vmap.min.js ........................................................ ~ 0s
  2026-05-20 08:32:04 /plugins/jqvmap/maps/jquery.vmap.usa.js ................................................... ~ 0s
  2026-05-20 08:32:04 /plugins/jquery-knob/jquery.knob.min.js ................................................... ~ 0s
  2026-05-20 08:32:04 /plugins/moment/moment.min.js ............................................................. ~ 0s
  2026-05-20 08:32:04 /plugins/daterangepicker/daterangepicker.js ............................................... ~ 0s
  2026-05-20 08:32:04 /plugins/tempusdominus-bootstrap-4/js/tempusdominus-bootstrap-4.min.js .................... ~ 0s
  2026-05-20 08:32:04 /plugins/summernote/summernote-bs4.min.js ................................................. ~ 0s
  2026-05-20 08:32:04 /plugins/overlayScrollbars/js/jquery.overlayScrollbars.min.js ............................. ~ 0s
  2026-05-20 08:32:04 /dist/js/adminlte.js ...................................................................... ~ 0s
  2026-05-20 08:32:04 /plugins/select2/js/select2.full.min.js ................................................... ~ 0s
  2026-05-20 08:32:04 /js/custom-script.js ...................................................................... ~ 0s
  2026-05-20 08:32:04 /plugins/dropzone/min/dropzone.min.js ..................................................... ~ 0s
  2026-05-20 08:32:04 /assets/js/datatable/jquery.dataTables.min.js ............................................. ~ 0s
  2026-05-20 08:32:04 /assets/js/datatable/dataTables.buttons.min.js ............................................ ~ 0s
  2026-05-20 08:32:04 /assets/js/datatable/datatable.js ......................................................... ~ 0s
  2026-05-20 08:32:04 /plugins/fontawesome-free/webfonts/fa-solid-900.woff2 ..................................... ~ 0s
  2026-05-20 08:32:04 ........................................................................................... ~ 0s
  2026-05-20 08:32:04 ........................................................................................... ~ 0s
  2026-05-20 08:32:04 /assets/images/demo/favicon.svg ........................................................... ~ 0s
  2026-05-20 08:32:04 /dist/img/default-150x150.png ............................................................. ~ 0s
  2026-05-20 08:32:04 /plugins/fontawesome-free/webfonts/fa-regular-400.woff2 ................................... ~ 0s
  2026-05-20 08:32:25 ........................................................................................... ~ 0s
  2026-05-20 08:32:25 /plugins/fontawesome-free/css/all.min.css ................................................. ~ 0s
  2026-05-20 08:32:25 /plugins/tempusdominus-bootstrap-4/css/tempusdominus-bootstrap-4.min.css .................. ~ 0s
  2026-05-20 08:32:25 /plugins/icheck-bootstrap/icheck-bootstrap.min.css ........................................ ~ 0s
  2026-05-20 08:32:25 /plugins/jqvmap/jqvmap.min.css ............................................................ ~ 0s
  2026-05-20 08:32:25 /plugins/overlayScrollbars/css/OverlayScrollbars.min.css .................................. ~ 0s
  2026-05-20 08:32:25 /plugins/daterangepicker/daterangepicker.css .............................................. ~ 0s
  2026-05-20 08:32:25 /plugins/summernote/summernote-bs4.min.css ................................................ ~ 0s
  2026-05-20 08:32:25 /plugins/select2/css/select2.min.css ...................................................... ~ 0s
  2026-05-20 08:32:25 /plugins/select2-bootstrap4-theme/select2-bootstrap4.min.css .............................. ~ 0s
  2026-05-20 08:32:25 /plugins/dropzone/min/dropzone.min.css .................................................... ~ 0s
  2026-05-20 08:32:25 /assets/css/datatable/datatable.css ....................................................... ~ 0s
  2026-05-20 08:32:25 /dist/css/adminlte.min.css ................................................................ ~ 0s
  2026-05-20 08:32:25 /assets/css/datatable/buttons.dataTables.min.css .......................................... ~ 0s
  2026-05-20 08:32:25 /css/custom-style.css ..................................................................... ~ 0s
  2026-05-20 08:32:25 /assets/images/demo/logo.svg .............................................................. ~ 0s
  2026-05-20 08:32:25 /plugins/jquery/jquery.min.js ............................................................. ~ 0s
  2026-05-20 08:32:25 /plugins/jquery-ui/jquery-ui.min.js ....................................................... ~ 0s
  2026-05-20 08:32:25 /plugins/bootstrap/js/bootstrap.bundle.min.js ............................................. ~ 0s
  2026-05-20 08:32:25 /plugins/chart.js/Chart.min.js ............................................................ ~ 0s
  2026-05-20 08:32:25 /plugins/sparklines/sparkline.js .......................................................... ~ 0s
  2026-05-20 08:32:25 /plugins/jqvmap/jquery.vmap.min.js ........................................................ ~ 0s
  2026-05-20 08:32:25 /plugins/jqvmap/maps/jquery.vmap.usa.js ................................................... ~ 0s
  2026-05-20 08:32:25 /plugins/jquery-knob/jquery.knob.min.js ................................................... ~ 0s
  2026-05-20 08:32:25 /plugins/moment/moment.min.js ............................................................. ~ 0s
  2026-05-20 08:32:25 /plugins/daterangepicker/daterangepicker.js ............................................... ~ 0s
  2026-05-20 08:32:25 /plugins/tempusdominus-bootstrap-4/js/tempusdominus-bootstrap-4.min.js .................... ~ 0s
  2026-05-20 08:32:25 /plugins/summernote/summernote-bs4.min.js ................................................. ~ 0s
  2026-05-20 08:32:25 /plugins/overlayScrollbars/js/jquery.overlayScrollbars.min.js ............................. ~ 0s
  2026-05-20 08:32:25 /dist/js/adminlte.js ...................................................................... ~ 0s
  2026-05-20 08:32:25 /plugins/select2/js/select2.full.min.js ................................................... ~ 0s
  2026-05-20 08:32:25 /plugins/fontawesome-free/webfonts/fa-solid-900.woff2 ..................................... ~ 0s
  2026-05-20 08:32:25 /js/custom-script.js ...................................................................... ~ 0s
  2026-05-20 08:32:25 /plugins/fontawesome-free/webfonts/fa-regular-400.woff2 ................................... ~ 0s
  2026-05-20 08:32:25 /plugins/dropzone/min/dropzone.min.js ..................................................... ~ 0s
  2026-05-20 08:32:25 /assets/js/datatable/jquery.dataTables.min.js ............................................. ~ 0s
  2026-05-20 08:32:25 /assets/js/datatable/datatable.js ......................................................... ~ 0s
  2026-05-20 08:32:26 /assets/js/datatable/dataTables.buttons.min.js ............................................ ~ 0s
  2026-05-20 08:32:26 /assets/images/demo/favicon.svg ........................................................... ~ 0s
  2026-05-20 08:32:28 ........................................................................................... ~ 0s
  2026-05-20 08:32:28 ........................................................................................... ~ 0s
  2026-05-20 08:32:28 ........................................................................................... ~ 1s
  2026-05-20 08:32:29 /plugins/fontawesome-free/css/all.min.css ................................................. ~ 0s
  2026-05-20 08:32:29 /plugins/tempusdominus-bootstrap-4/css/tempusdominus-bootstrap-4.min.css .................. ~ 0s
  2026-05-20 08:32:29 /plugins/icheck-bootstrap/icheck-bootstrap.min.css ........................................ ~ 0s
  2026-05-20 08:32:29 /plugins/jqvmap/jqvmap.min.css ............................................................ ~ 0s
  2026-05-20 08:32:29 /plugins/overlayScrollbars/css/OverlayScrollbars.min.css .................................. ~ 0s
  2026-05-20 08:32:29 /plugins/daterangepicker/daterangepicker.css .............................................. ~ 0s
  2026-05-20 08:32:29 /plugins/summernote/summernote-bs4.min.css ................................................ ~ 0s
  2026-05-20 08:32:29 /plugins/select2/css/select2.min.css ...................................................... ~ 0s
  2026-05-20 08:32:29 /plugins/select2-bootstrap4-theme/select2-bootstrap4.min.css .............................. ~ 0s
  2026-05-20 08:32:29 /plugins/dropzone/min/dropzone.min.css .................................................... ~ 0s
  2026-05-20 08:32:29 /assets/css/datatable/datatable.css ....................................................... ~ 0s
  2026-05-20 08:32:29 /assets/css/datatable/buttons.dataTables.min.css .......................................... ~ 0s
  2026-05-20 08:32:29 /dist/css/adminlte.min.css ................................................................ ~ 0s
  2026-05-20 08:32:29 /css/custom-style.css ..................................................................... ~ 0s
  2026-05-20 08:32:29 /assets/images/demo/logo.svg .............................................................. ~ 0s
  2026-05-20 08:32:29 /plugins/jquery/jquery.min.js ............................................................. ~ 0s
  2026-05-20 08:32:29 /plugins/jquery-ui/jquery-ui.min.js ....................................................... ~ 0s
  2026-05-20 08:32:29 /plugins/bootstrap/js/bootstrap.bundle.min.js ............................................. ~ 0s
  2026-05-20 08:32:29 /plugins/chart.js/Chart.min.js ............................................................ ~ 0s
  2026-05-20 08:32:29 /plugins/sparklines/sparkline.js .......................................................... ~ 0s
  2026-05-20 08:32:29 /plugins/jqvmap/jquery.vmap.min.js ........................................................ ~ 0s
  2026-05-20 08:32:29 /plugins/jqvmap/maps/jquery.vmap.usa.js ................................................... ~ 0s
  2026-05-20 08:32:29 /plugins/jquery-knob/jquery.knob.min.js ................................................... ~ 0s
  2026-05-20 08:32:29 /plugins/moment/moment.min.js ............................................................. ~ 0s
  2026-05-20 08:32:29 /plugins/daterangepicker/daterangepicker.js ............................................... ~ 0s
  2026-05-20 08:32:29 /plugins/tempusdominus-bootstrap-4/js/tempusdominus-bootstrap-4.min.js .................... ~ 0s
  2026-05-20 08:32:29 /plugins/summernote/summernote-bs4.min.js ................................................. ~ 0s
  2026-05-20 08:32:29 /plugins/overlayScrollbars/js/jquery.overlayScrollbars.min.js ............................. ~ 0s
  2026-05-20 08:32:29 /dist/js/adminlte.js ...................................................................... ~ 0s
  2026-05-20 08:32:29 /plugins/fontawesome-free/webfonts/fa-solid-900.woff2 ..................................... ~ 0s
  2026-05-20 08:32:29 /plugins/fontawesome-free/webfonts/fa-regular-400.woff2 ................................... ~ 0s
  2026-05-20 08:32:29 /plugins/select2/js/select2.full.min.js ................................................... ~ 0s
  2026-05-20 08:32:29 /js/custom-script.js ...................................................................... ~ 0s
  2026-05-20 08:32:29 /plugins/dropzone/min/dropzone.min.js ..................................................... ~ 0s
  2026-05-20 08:32:29 /assets/js/datatable/jquery.dataTables.min.js ............................................. ~ 0s
  2026-05-20 08:32:29 /assets/js/datatable/datatable.js ......................................................... ~ 0s
  2026-05-20 08:32:29 /assets/js/datatable/dataTables.buttons.min.js ............................................ ~ 0s
  2026-05-20 08:32:31 ........................................................................................... ~ 0s
  2026-05-20 08:32:31 /plugins/fontawesome-free/css/all.min.css ................................................. ~ 0s
  2026-05-20 08:32:31 /plugins/tempusdominus-bootstrap-4/css/tempusdominus-bootstrap-4.min.css .................. ~ 0s
  2026-05-20 08:32:31 /plugins/icheck-bootstrap/icheck-bootstrap.min.css ........................................ ~ 0s
  2026-05-20 08:32:31 /plugins/jqvmap/jqvmap.min.css ............................................................ ~ 0s
  2026-05-20 08:32:31 /plugins/overlayScrollbars/css/OverlayScrollbars.min.css .................................. ~ 0s
  2026-05-20 08:32:31 /plugins/daterangepicker/daterangepicker.css .............................................. ~ 0s
  2026-05-20 08:32:31 /plugins/summernote/summernote-bs4.min.css ................................................ ~ 0s
  2026-05-20 08:32:31 /plugins/select2/css/select2.min.css ...................................................... ~ 0s
  2026-05-20 08:32:31 /plugins/select2-bootstrap4-theme/select2-bootstrap4.min.css .............................. ~ 0s
  2026-05-20 08:32:31 /plugins/dropzone/min/dropzone.min.css .................................................... ~ 0s
  2026-05-20 08:32:31 /dist/css/adminlte.min.css ................................................................ ~ 0s
  2026-05-20 08:32:31 /assets/css/datatable/datatable.css ....................................................... ~ 0s
  2026-05-20 08:32:31 /assets/css/datatable/buttons.dataTables.min.css .......................................... ~ 0s
  2026-05-20 08:32:31 /css/custom-style.css ..................................................................... ~ 0s
  2026-05-20 08:32:31 /assets/images/demo/logo.svg .............................................................. ~ 0s
  2026-05-20 08:32:31 /plugins/jquery/jquery.min.js ............................................................. ~ 0s
  2026-05-20 08:32:31 /plugins/jquery-ui/jquery-ui.min.js ....................................................... ~ 0s
  2026-05-20 08:32:31 /plugins/bootstrap/js/bootstrap.bundle.min.js ............................................. ~ 0s
  2026-05-20 08:32:31 /plugins/chart.js/Chart.min.js ............................................................ ~ 0s
  2026-05-20 08:32:31 /plugins/sparklines/sparkline.js .......................................................... ~ 0s
  2026-05-20 08:32:31 /plugins/jqvmap/jquery.vmap.min.js ........................................................ ~ 0s
  2026-05-20 08:32:31 /plugins/jqvmap/maps/jquery.vmap.usa.js ................................................... ~ 0s
  2026-05-20 08:32:31 /plugins/jquery-knob/jquery.knob.min.js ................................................... ~ 0s
  2026-05-20 08:32:31 /plugins/moment/moment.min.js ............................................................. ~ 0s
  2026-05-20 08:32:31 /plugins/daterangepicker/daterangepicker.js ............................................... ~ 0s
  2026-05-20 08:32:31 /plugins/tempusdominus-bootstrap-4/js/tempusdominus-bootstrap-4.min.js .................... ~ 0s
  2026-05-20 08:32:31 /plugins/summernote/summernote-bs4.min.js ................................................. ~ 0s
  2026-05-20 08:32:31 /plugins/overlayScrollbars/js/jquery.overlayScrollbars.min.js ............................. ~ 0s
  2026-05-20 08:32:31 /dist/js/adminlte.js ...................................................................... ~ 0s
  2026-05-20 08:32:31 /plugins/select2/js/select2.full.min.js ................................................... ~ 0s
  2026-05-20 08:32:31 /js/custom-script.js ...................................................................... ~ 0s
  2026-05-20 08:32:31 /plugins/dropzone/min/dropzone.min.js ..................................................... ~ 0s
  2026-05-20 08:32:31 /plugins/fontawesome-free/webfonts/fa-solid-900.woff2 ..................................... ~ 0s
  2026-05-20 08:32:31 /assets/js/datatable/jquery.dataTables.min.js ............................................. ~ 0s
  2026-05-20 08:32:31 /assets/js/datatable/dataTables.buttons.min.js ............................................ ~ 0s
  2026-05-20 08:32:31 /assets/js/datatable/datatable.js ......................................................... ~ 0s
  2026-05-20 08:32:31 ........................................................................................... ~ 0s
  2026-05-20 08:32:31 ........................................................................................... ~ 0s
  2026-05-20 08:32:31 ........................................................................................... ~ 0s
  2026-05-20 08:32:31 ........................................................................................... ~ 1s
  2026-05-20 08:32:31 ........................................................................................... ~ 1s
  2026-05-20 08:32:31 /assets/images/demo/favicon.svg ........................................................... ~ 1s
  2026-05-20 08:32:32 ........................................................................................... ~ 0s
  2026-05-20 08:32:32 ........................................................................................... ~ 0s
  2026-05-20 08:32:32 /assets/images/demo/products/mala-pork-belly.svg .......................................... ~ 0s
  2026-05-20 08:32:32 /assets/images/demo/products/mala-beef.svg ................................................ ~ 0s
  2026-05-20 08:32:32 /assets/images/demo/products/drink-longan.svg ............................................. ~ 0s
  2026-05-20 08:32:32 /assets/images/demo/products/mala-enoki.svg ............................................... ~ 0s
  2026-05-20 08:32:32 /assets/images/demo/products/mala-cheese-sausage.svg ...................................... ~ 0s
  2026-05-20 08:32:32 /assets/images/demo/products/set-mala-s.svg ............................................... ~ 0s
  2026-05-20 08:32:32 /assets/images/demo/products/drink-thai-milk-tea.svg ...................................... ~ 0s
  2026-05-20 08:32:32 /assets/images/demo/products/set-mala-m.svg ............................................... ~ 0s
  2026-05-20 08:32:32 ........................................................................................... ~ 0s
  2026-05-20 08:32:32 /assets/images/demo/products/mala-fish-tofu.svg ........................................... ~ 0s
  2026-05-20 08:32:32 /assets/images/demo/products/set-mala-l.svg ............................................... ~ 0s
  2026-05-20 08:32:32 /assets/images/demo/products/drink-lemon-tea.svg .......................................... ~ 0s
  2026-05-20 08:32:32 /assets/images/demo/products/drink-water.svg .............................................. ~ 0s
  2026-05-20 08:33:08 ........................................................................................... ~ 1s
  2026-05-20 08:33:09 /plugins/fontawesome-free/css/all.min.css ................................................. ~ 0s
  2026-05-20 08:33:09 /plugins/tempusdominus-bootstrap-4/css/tempusdominus-bootstrap-4.min.css .................. ~ 0s
  2026-05-20 08:33:09 /plugins/icheck-bootstrap/icheck-bootstrap.min.css ........................................ ~ 0s
  2026-05-20 08:33:09 /plugins/jqvmap/jqvmap.min.css ............................................................ ~ 0s
  2026-05-20 08:33:09 /plugins/overlayScrollbars/css/OverlayScrollbars.min.css .................................. ~ 0s
  2026-05-20 08:33:09 /plugins/daterangepicker/daterangepicker.css .............................................. ~ 0s
  2026-05-20 08:33:09 /plugins/summernote/summernote-bs4.min.css ................................................ ~ 0s
  2026-05-20 08:33:09 /plugins/select2/css/select2.min.css ...................................................... ~ 0s
  2026-05-20 08:33:09 /plugins/select2-bootstrap4-theme/select2-bootstrap4.min.css .............................. ~ 0s
  2026-05-20 08:33:09 /plugins/dropzone/min/dropzone.min.css .................................................... ~ 0s
  2026-05-20 08:33:09 /assets/css/datatable/datatable.css ....................................................... ~ 0s
  2026-05-20 08:33:09 /dist/css/adminlte.min.css ................................................................ ~ 0s
  2026-05-20 08:33:09 /assets/css/datatable/buttons.dataTables.min.css .......................................... ~ 0s
  2026-05-20 08:33:09 /css/custom-style.css ..................................................................... ~ 0s
  2026-05-20 08:33:09 /assets/images/demo/logo.svg .............................................................. ~ 0s
  2026-05-20 08:33:09 /plugins/jquery/jquery.min.js ............................................................. ~ 0s
  2026-05-20 08:33:09 /plugins/jquery-ui/jquery-ui.min.js ....................................................... ~ 0s
  2026-05-20 08:33:09 /plugins/bootstrap/js/bootstrap.bundle.min.js ............................................. ~ 0s
  2026-05-20 08:33:09 /plugins/chart.js/Chart.min.js ............................................................ ~ 0s
  2026-05-20 08:33:09 /plugins/sparklines/sparkline.js .......................................................... ~ 0s
  2026-05-20 08:33:09 /plugins/jqvmap/jquery.vmap.min.js ........................................................ ~ 0s
  2026-05-20 08:33:09 /plugins/jqvmap/maps/jquery.vmap.usa.js ................................................... ~ 0s
  2026-05-20 08:33:09 /plugins/jquery-knob/jquery.knob.min.js ................................................... ~ 0s
  2026-05-20 08:33:09 /plugins/moment/moment.min.js ............................................................. ~ 0s
  2026-05-20 08:33:09 /plugins/daterangepicker/daterangepicker.js ............................................... ~ 0s
  2026-05-20 08:33:09 /plugins/tempusdominus-bootstrap-4/js/tempusdominus-bootstrap-4.min.js .................... ~ 0s
  2026-05-20 08:33:09 /plugins/summernote/summernote-bs4.min.js ................................................. ~ 0s
  2026-05-20 08:33:09 /plugins/overlayScrollbars/js/jquery.overlayScrollbars.min.js ............................. ~ 0s
  2026-05-20 08:33:09 /dist/js/adminlte.js ...................................................................... ~ 0s
  2026-05-20 08:33:09 /plugins/select2/js/select2.full.min.js ................................................... ~ 0s
  2026-05-20 08:33:09 /js/custom-script.js ...................................................................... ~ 0s
  2026-05-20 08:33:09 /plugins/dropzone/min/dropzone.min.js ..................................................... ~ 0s
  2026-05-20 08:33:09 /assets/js/datatable/jquery.dataTables.min.js ............................................. ~ 0s
  2026-05-20 08:33:09 /assets/js/datatable/dataTables.buttons.min.js ............................................ ~ 0s
  2026-05-20 08:33:09 /assets/js/datatable/datatable.js ......................................................... ~ 0s
  2026-05-20 08:33:09 /plugins/fontawesome-free/webfonts/fa-solid-900.woff2 ..................................... ~ 0s
  2026-05-20 08:33:09 ........................................................................................... ~ 0s
  2026-05-20 08:33:09 /assets/images/demo/favicon.svg ........................................................... ~ 0s
  2026-05-20 08:33:09 ........................................................................................... ~ 0s
  2026-05-20 08:33:10 ........................................................................................... ~ 0s
  2026-05-20 08:33:10 /plugins/fontawesome-free/css/all.min.css ................................................. ~ 0s
  2026-05-20 08:33:10 /plugins/tempusdominus-bootstrap-4/css/tempusdominus-bootstrap-4.min.css .................. ~ 0s
  2026-05-20 08:33:10 /plugins/icheck-bootstrap/icheck-bootstrap.min.css ........................................ ~ 0s
  2026-05-20 08:33:10 /plugins/jqvmap/jqvmap.min.css ............................................................ ~ 0s
  2026-05-20 08:33:10 /plugins/overlayScrollbars/css/OverlayScrollbars.min.css .................................. ~ 0s
  2026-05-20 08:33:10 /plugins/daterangepicker/daterangepicker.css .............................................. ~ 0s
  2026-05-20 08:33:10 /plugins/summernote/summernote-bs4.min.css ................................................ ~ 0s
  2026-05-20 08:33:10 /plugins/select2/css/select2.min.css ...................................................... ~ 0s
  2026-05-20 08:33:10 /plugins/select2-bootstrap4-theme/select2-bootstrap4.min.css .............................. ~ 0s
  2026-05-20 08:33:10 /dist/css/adminlte.min.css ................................................................ ~ 0s
  2026-05-20 08:33:10 /plugins/dropzone/min/dropzone.min.css .................................................... ~ 0s
  2026-05-20 08:33:10 /assets/css/datatable/datatable.css ....................................................... ~ 0s
  2026-05-20 08:33:10 /assets/css/datatable/buttons.dataTables.min.css .......................................... ~ 0s
  2026-05-20 08:33:10 /css/custom-style.css ..................................................................... ~ 0s
  2026-05-20 08:33:10 /assets/images/demo/logo.svg .............................................................. ~ 0s
  2026-05-20 08:33:10 /plugins/jquery/jquery.min.js ............................................................. ~ 0s
  2026-05-20 08:33:10 /plugins/jquery-ui/jquery-ui.min.js ....................................................... ~ 0s
  2026-05-20 08:33:10 /plugins/bootstrap/js/bootstrap.bundle.min.js ............................................. ~ 0s
  2026-05-20 08:33:10 /plugins/chart.js/Chart.min.js ............................................................ ~ 0s
  2026-05-20 08:33:10 /plugins/sparklines/sparkline.js .......................................................... ~ 0s
  2026-05-20 08:33:10 /plugins/jqvmap/jquery.vmap.min.js ........................................................ ~ 0s
  2026-05-20 08:33:10 /plugins/jqvmap/maps/jquery.vmap.usa.js ................................................... ~ 0s
  2026-05-20 08:33:10 /plugins/jquery-knob/jquery.knob.min.js ................................................... ~ 0s
  2026-05-20 08:33:10 /plugins/moment/moment.min.js ............................................................. ~ 0s
  2026-05-20 08:33:10 /plugins/daterangepicker/daterangepicker.js ............................................... ~ 0s
  2026-05-20 08:33:10 /plugins/tempusdominus-bootstrap-4/js/tempusdominus-bootstrap-4.min.js .................... ~ 0s
  2026-05-20 08:33:10 /plugins/summernote/summernote-bs4.min.js ................................................. ~ 0s
  2026-05-20 08:33:10 /plugins/overlayScrollbars/js/jquery.overlayScrollbars.min.js ............................. ~ 0s
  2026-05-20 08:33:10 /dist/js/adminlte.js ...................................................................... ~ 0s
  2026-05-20 08:33:10 /plugins/select2/js/select2.full.min.js ................................................... ~ 0s
  2026-05-20 08:33:10 /js/custom-script.js ...................................................................... ~ 0s
  2026-05-20 08:33:10 /plugins/dropzone/min/dropzone.min.js ..................................................... ~ 0s
  2026-05-20 08:33:10 /assets/js/datatable/jquery.dataTables.min.js ............................................. ~ 0s
  2026-05-20 08:33:10 /assets/js/datatable/dataTables.buttons.min.js ............................................ ~ 0s
  2026-05-20 08:33:10 /plugins/fontawesome-free/webfonts/fa-solid-900.woff2 ..................................... ~ 0s
  2026-05-20 08:33:10 /assets/js/datatable/datatable.js ......................................................... ~ 0s
  2026-05-20 08:33:10 ........................................................................................... ~ 0s
  2026-05-20 08:33:10 /assets/images/demo/favicon.svg ........................................................... ~ 0s
  2026-05-20 08:33:10 ........................................................................................... ~ 1s
  2026-05-20 08:33:12 ........................................................................................... ~ 0s
  2026-05-20 08:33:12 /plugins/fontawesome-free/css/all.min.css ................................................. ~ 0s
  2026-05-20 08:33:12 /plugins/tempusdominus-bootstrap-4/css/tempusdominus-bootstrap-4.min.css .................. ~ 0s
  2026-05-20 08:33:12 /plugins/icheck-bootstrap/icheck-bootstrap.min.css ........................................ ~ 0s
  2026-05-20 08:33:12 /plugins/jqvmap/jqvmap.min.css ............................................................ ~ 0s
  2026-05-20 08:33:12 /plugins/overlayScrollbars/css/OverlayScrollbars.min.css .................................. ~ 0s
  2026-05-20 08:33:12 /plugins/daterangepicker/daterangepicker.css .............................................. ~ 0s
  2026-05-20 08:33:12 /plugins/summernote/summernote-bs4.min.css ................................................ ~ 0s
  2026-05-20 08:33:12 /plugins/select2/css/select2.min.css ...................................................... ~ 0s
  2026-05-20 08:33:12 /plugins/select2-bootstrap4-theme/select2-bootstrap4.min.css .............................. ~ 0s
  2026-05-20 08:33:12 /plugins/dropzone/min/dropzone.min.css .................................................... ~ 0s
  2026-05-20 08:33:12 /dist/css/adminlte.min.css ................................................................ ~ 0s
  2026-05-20 08:33:12 /assets/css/datatable/datatable.css ....................................................... ~ 0s
  2026-05-20 08:33:12 /assets/css/datatable/buttons.dataTables.min.css .......................................... ~ 0s
  2026-05-20 08:33:12 /css/custom-style.css ..................................................................... ~ 0s
  2026-05-20 08:33:12 /assets/images/demo/logo.svg .............................................................. ~ 0s
  2026-05-20 08:33:12 /plugins/jquery/jquery.min.js ............................................................. ~ 0s
  2026-05-20 08:33:12 /plugins/jquery-ui/jquery-ui.min.js ....................................................... ~ 0s
  2026-05-20 08:33:12 /plugins/bootstrap/js/bootstrap.bundle.min.js ............................................. ~ 0s
  2026-05-20 08:33:12 /plugins/chart.js/Chart.min.js ............................................................ ~ 0s
  2026-05-20 08:33:12 /plugins/sparklines/sparkline.js .......................................................... ~ 0s
  2026-05-20 08:33:12 /plugins/jqvmap/jquery.vmap.min.js ........................................................ ~ 0s
  2026-05-20 08:33:12 /plugins/jqvmap/maps/jquery.vmap.usa.js ................................................... ~ 0s
  2026-05-20 08:33:12 /plugins/jquery-knob/jquery.knob.min.js ................................................... ~ 0s
  2026-05-20 08:33:12 /plugins/moment/moment.min.js ............................................................. ~ 0s
  2026-05-20 08:33:12 /plugins/daterangepicker/daterangepicker.js ............................................... ~ 0s
  2026-05-20 08:33:12 /plugins/tempusdominus-bootstrap-4/js/tempusdominus-bootstrap-4.min.js .................... ~ 0s
  2026-05-20 08:33:12 /plugins/overlayScrollbars/js/jquery.overlayScrollbars.min.js ............................. ~ 0s
  2026-05-20 08:33:12 /dist/js/adminlte.js ...................................................................... ~ 0s
  2026-05-20 08:33:12 /plugins/summernote/summernote-bs4.min.js ................................................. ~ 0s
  2026-05-20 08:33:12 /plugins/select2/js/select2.full.min.js ................................................... ~ 0s
  2026-05-20 08:33:12 /js/custom-script.js ...................................................................... ~ 0s
  2026-05-20 08:33:12 /plugins/dropzone/min/dropzone.min.js ..................................................... ~ 0s
  2026-05-20 08:33:12 /assets/js/datatable/jquery.dataTables.min.js ............................................. ~ 0s
  2026-05-20 08:33:12 /plugins/fontawesome-free/webfonts/fa-solid-900.woff2 ..................................... ~ 0s
  2026-05-20 08:33:12 /assets/js/datatable/datatable.js ......................................................... ~ 0s
  2026-05-20 08:33:12 /assets/js/datatable/dataTables.buttons.min.js ............................................ ~ 0s
  2026-05-20 08:33:12 ........................................................................................... ~ 0s
  2026-05-20 08:33:12 /assets/images/demo/favicon.svg ........................................................... ~ 0s
  2026-05-20 08:33:12 ........................................................................................... ~ 0s
  2026-05-20 08:33:12 /assets/images/demo/products/mala-pork-belly.svg .......................................... ~ 0s
  2026-05-20 08:33:12 /assets/images/demo/products/mala-beef.svg ................................................ ~ 0s
  2026-05-20 08:33:12 /assets/images/demo/products/mala-cheese-sausage.svg ...................................... ~ 0s
  2026-05-20 08:33:12 /assets/images/demo/products/mala-enoki.svg ............................................... ~ 0s
  2026-05-20 08:33:12 /assets/images/demo/products/mala-fish-tofu.svg ........................................... ~ 0s
  2026-05-20 08:33:12 /assets/images/demo/products/set-mala-s.svg ............................................... ~ 0s
  2026-05-20 08:33:12 /assets/images/demo/products/set-mala-m.svg ............................................... ~ 0s
  2026-05-20 08:33:12 /assets/images/demo/products/set-mala-l.svg ............................................... ~ 0s
  2026-05-20 08:33:12 /assets/images/demo/products/drink-thai-milk-tea.svg ...................................... ~ 0s
  2026-05-20 08:33:12 /assets/images/demo/products/drink-lemon-tea.svg .......................................... ~ 0s
  2026-05-20 08:33:20 ........................................................................................... ~ 0s
  2026-05-20 08:33:20 /plugins/fontawesome-free/css/all.min.css ................................................. ~ 0s
  2026-05-20 08:33:20 /plugins/tempusdominus-bootstrap-4/css/tempusdominus-bootstrap-4.min.css .................. ~ 0s
  2026-05-20 08:33:20 /plugins/icheck-bootstrap/icheck-bootstrap.min.css ........................................ ~ 0s
  2026-05-20 08:33:20 /plugins/jqvmap/jqvmap.min.css ............................................................ ~ 0s
  2026-05-20 08:33:20 /plugins/overlayScrollbars/css/OverlayScrollbars.min.css .................................. ~ 0s
  2026-05-20 08:33:20 /plugins/daterangepicker/daterangepicker.css .............................................. ~ 0s
  2026-05-20 08:33:20 /plugins/summernote/summernote-bs4.min.css ................................................ ~ 0s
  2026-05-20 08:33:20 /plugins/select2/css/select2.min.css ...................................................... ~ 0s
  2026-05-20 08:33:20 /plugins/select2-bootstrap4-theme/select2-bootstrap4.min.css .............................. ~ 0s
  2026-05-20 08:33:20 /plugins/dropzone/min/dropzone.min.css .................................................... ~ 0s
  2026-05-20 08:33:20 /assets/css/datatable/datatable.css ....................................................... ~ 0s
  2026-05-20 08:33:20 /dist/css/adminlte.min.css ................................................................ ~ 0s
  2026-05-20 08:33:20 /assets/css/datatable/buttons.dataTables.min.css .......................................... ~ 0s
  2026-05-20 08:33:20 /css/custom-style.css ..................................................................... ~ 0s
  2026-05-20 08:33:20 /assets/images/demo/logo.svg .............................................................. ~ 0s
  2026-05-20 08:33:20 /plugins/jquery/jquery.min.js ............................................................. ~ 0s
  2026-05-20 08:33:20 /plugins/jquery-ui/jquery-ui.min.js ....................................................... ~ 0s
  2026-05-20 08:33:20 /plugins/bootstrap/js/bootstrap.bundle.min.js ............................................. ~ 0s
  2026-05-20 08:33:20 /plugins/chart.js/Chart.min.js ............................................................ ~ 0s
  2026-05-20 08:33:20 /plugins/sparklines/sparkline.js .......................................................... ~ 0s
  2026-05-20 08:33:20 /plugins/jqvmap/jquery.vmap.min.js ........................................................ ~ 0s
  2026-05-20 08:33:20 /plugins/jqvmap/maps/jquery.vmap.usa.js ................................................... ~ 0s
  2026-05-20 08:33:20 /plugins/jquery-knob/jquery.knob.min.js ................................................... ~ 0s
  2026-05-20 08:33:20 /plugins/moment/moment.min.js ............................................................. ~ 0s
  2026-05-20 08:33:20 /plugins/daterangepicker/daterangepicker.js ............................................... ~ 0s
  2026-05-20 08:33:20 /plugins/tempusdominus-bootstrap-4/js/tempusdominus-bootstrap-4.min.js .................... ~ 0s
  2026-05-20 08:33:20 /plugins/overlayScrollbars/js/jquery.overlayScrollbars.min.js ............................. ~ 0s
  2026-05-20 08:33:20 /plugins/summernote/summernote-bs4.min.js ................................................. ~ 0s
  2026-05-20 08:33:20 /dist/js/adminlte.js ...................................................................... ~ 0s
  2026-05-20 08:33:20 /plugins/select2/js/select2.full.min.js ................................................... ~ 0s
  2026-05-20 08:33:20 /js/custom-script.js ...................................................................... ~ 0s
  2026-05-20 08:33:20 /plugins/dropzone/min/dropzone.min.js ..................................................... ~ 0s
  2026-05-20 08:33:20 /assets/js/datatable/jquery.dataTables.min.js ............................................. ~ 0s
  2026-05-20 08:33:20 /assets/js/datatable/dataTables.buttons.min.js ............................................ ~ 0s
  2026-05-20 08:33:20 /assets/js/datatable/datatable.js ......................................................... ~ 0s
  2026-05-20 08:33:20 /plugins/fontawesome-free/webfonts/fa-solid-900.woff2 ..................................... ~ 0s
  2026-05-20 08:33:20 ........................................................................................... ~ 1s
  2026-05-20 08:33:21 ........................................................................................... ~ 0s
  2026-05-20 08:33:26 /plugins/fontawesome-free/webfonts/fa-regular-400.woff2 ................................... ~ 0s
  2026-05-20 08:33:27 ........................................................................................... ~ 0s
  2026-05-20 08:33:27 /plugins/fontawesome-free/css/all.min.css ................................................. ~ 0s
  2026-05-20 08:33:27 /plugins/tempusdominus-bootstrap-4/css/tempusdominus-bootstrap-4.min.css .................. ~ 0s
  2026-05-20 08:33:27 /plugins/icheck-bootstrap/icheck-bootstrap.min.css ........................................ ~ 0s
  2026-05-20 08:33:27 /plugins/jqvmap/jqvmap.min.css ............................................................ ~ 0s
  2026-05-20 08:33:27 /plugins/overlayScrollbars/css/OverlayScrollbars.min.css .................................. ~ 0s
  2026-05-20 08:33:27 /plugins/daterangepicker/daterangepicker.css .............................................. ~ 0s
  2026-05-20 08:33:27 /plugins/summernote/summernote-bs4.min.css ................................................ ~ 0s
  2026-05-20 08:33:27 /plugins/select2/css/select2.min.css ...................................................... ~ 0s
  2026-05-20 08:33:27 /plugins/select2-bootstrap4-theme/select2-bootstrap4.min.css .............................. ~ 0s
  2026-05-20 08:33:27 /plugins/dropzone/min/dropzone.min.css .................................................... ~ 0s
  2026-05-20 08:33:27 /assets/css/datatable/datatable.css ....................................................... ~ 0s
  2026-05-20 08:33:27 /dist/css/adminlte.min.css ................................................................ ~ 0s
  2026-05-20 08:33:27 /assets/css/datatable/buttons.dataTables.min.css .......................................... ~ 0s
  2026-05-20 08:33:27 /css/custom-style.css ..................................................................... ~ 0s
  2026-05-20 08:33:27 /assets/images/demo/logo.svg .............................................................. ~ 0s
  2026-05-20 08:33:27 /plugins/jquery/jquery.min.js ............................................................. ~ 0s
  2026-05-20 08:33:27 /plugins/jquery-ui/jquery-ui.min.js ....................................................... ~ 0s
  2026-05-20 08:33:27 /plugins/bootstrap/js/bootstrap.bundle.min.js ............................................. ~ 0s
  2026-05-20 08:33:27 /plugins/chart.js/Chart.min.js ............................................................ ~ 0s
  2026-05-20 08:33:27 /plugins/sparklines/sparkline.js .......................................................... ~ 0s
  2026-05-20 08:33:27 /plugins/jqvmap/jquery.vmap.min.js ........................................................ ~ 0s
  2026-05-20 08:33:27 /plugins/jqvmap/maps/jquery.vmap.usa.js ................................................... ~ 0s
  2026-05-20 08:33:27 /plugins/jquery-knob/jquery.knob.min.js ................................................... ~ 0s
  2026-05-20 08:33:27 /plugins/moment/moment.min.js ............................................................. ~ 0s
  2026-05-20 08:33:27 /plugins/daterangepicker/daterangepicker.js ............................................... ~ 0s
  2026-05-20 08:33:27 /plugins/tempusdominus-bootstrap-4/js/tempusdominus-bootstrap-4.min.js .................... ~ 0s
  2026-05-20 08:33:27 /plugins/summernote/summernote-bs4.min.js ................................................. ~ 0s
  2026-05-20 08:33:27 /plugins/overlayScrollbars/js/jquery.overlayScrollbars.min.js ............................. ~ 0s
  2026-05-20 08:33:27 /dist/js/adminlte.js ...................................................................... ~ 0s
  2026-05-20 08:33:27 /plugins/select2/js/select2.full.min.js ................................................... ~ 0s
  2026-05-20 08:33:27 /js/custom-script.js ...................................................................... ~ 0s
  2026-05-20 08:33:27 /plugins/dropzone/min/dropzone.min.js ..................................................... ~ 0s
  2026-05-20 08:33:27 /assets/js/datatable/jquery.dataTables.min.js ............................................. ~ 0s
  2026-05-20 08:33:27 /plugins/fontawesome-free/webfonts/fa-solid-900.woff2 ..................................... ~ 0s
  2026-05-20 08:33:27 /plugins/fontawesome-free/webfonts/fa-regular-400.woff2 ................................... ~ 0s
  2026-05-20 08:33:27 /assets/js/datatable/dataTables.buttons.min.js ............................................ ~ 0s
  2026-05-20 08:33:27 /assets/js/datatable/datatable.js ......................................................... ~ 0s
  2026-05-20 08:33:30 ........................................................................................... ~ 0s
  2026-05-20 08:33:30 /plugins/fontawesome-free/css/all.min.css ................................................. ~ 0s
  2026-05-20 08:33:30 /plugins/tempusdominus-bootstrap-4/css/tempusdominus-bootstrap-4.min.css .................. ~ 0s
  2026-05-20 08:33:30 /plugins/icheck-bootstrap/icheck-bootstrap.min.css ........................................ ~ 0s
  2026-05-20 08:33:30 /plugins/jqvmap/jqvmap.min.css ............................................................ ~ 0s
  2026-05-20 08:33:30 /plugins/overlayScrollbars/css/OverlayScrollbars.min.css .................................. ~ 0s
  2026-05-20 08:33:30 /plugins/daterangepicker/daterangepicker.css .............................................. ~ 0s
  2026-05-20 08:33:30 /plugins/summernote/summernote-bs4.min.css ................................................ ~ 0s
  2026-05-20 08:33:30 /plugins/select2/css/select2.min.css ...................................................... ~ 0s
  2026-05-20 08:33:30 /plugins/select2-bootstrap4-theme/select2-bootstrap4.min.css .............................. ~ 0s
  2026-05-20 08:33:30 /plugins/dropzone/min/dropzone.min.css .................................................... ~ 0s
  2026-05-20 08:33:30 /assets/css/datatable/datatable.css ....................................................... ~ 0s
  2026-05-20 08:33:30 /assets/css/datatable/buttons.dataTables.min.css .......................................... ~ 0s
  2026-05-20 08:33:30 /css/custom-style.css ..................................................................... ~ 0s
  2026-05-20 08:33:30 /dist/css/adminlte.min.css ................................................................ ~ 0s
  2026-05-20 08:33:30 /assets/images/demo/logo.svg .............................................................. ~ 0s
  2026-05-20 08:33:30 /plugins/jquery/jquery.min.js ............................................................. ~ 0s
  2026-05-20 08:33:30 /plugins/jquery-ui/jquery-ui.min.js ....................................................... ~ 0s
  2026-05-20 08:33:30 /plugins/bootstrap/js/bootstrap.bundle.min.js ............................................. ~ 0s
  2026-05-20 08:33:30 /plugins/chart.js/Chart.min.js ............................................................ ~ 0s
  2026-05-20 08:33:30 /plugins/sparklines/sparkline.js .......................................................... ~ 0s
  2026-05-20 08:33:30 /plugins/jqvmap/jquery.vmap.min.js ........................................................ ~ 0s
  2026-05-20 08:33:30 /plugins/jqvmap/maps/jquery.vmap.usa.js ................................................... ~ 0s
  2026-05-20 08:33:30 /plugins/jquery-knob/jquery.knob.min.js ................................................... ~ 0s
  2026-05-20 08:33:30 /plugins/moment/moment.min.js ............................................................. ~ 0s
  2026-05-20 08:33:30 /plugins/daterangepicker/daterangepicker.js ............................................... ~ 0s
  2026-05-20 08:33:30 /plugins/tempusdominus-bootstrap-4/js/tempusdominus-bootstrap-4.min.js .................... ~ 0s
  2026-05-20 08:33:30 /plugins/summernote/summernote-bs4.min.js ................................................. ~ 0s
  2026-05-20 08:33:30 /plugins/overlayScrollbars/js/jquery.overlayScrollbars.min.js ............................. ~ 0s
  2026-05-20 08:33:30 /dist/js/adminlte.js ...................................................................... ~ 0s
  2026-05-20 08:33:30 /plugins/select2/js/select2.full.min.js ................................................... ~ 0s
  2026-05-20 08:33:30 /js/custom-script.js ...................................................................... ~ 0s
  2026-05-20 08:33:30 /plugins/dropzone/min/dropzone.min.js ..................................................... ~ 0s
  2026-05-20 08:33:30 /assets/js/datatable/jquery.dataTables.min.js ............................................. ~ 0s
  2026-05-20 08:33:30 /assets/js/datatable/dataTables.buttons.min.js ............................................ ~ 0s
  2026-05-20 08:33:30 /plugins/fontawesome-free/webfonts/fa-solid-900.woff2 ..................................... ~ 0s
  2026-05-20 08:33:30 /assets/js/datatable/datatable.js ......................................................... ~ 0s
  2026-05-20 08:33:36 ........................................................................................... ~ 0s
  2026-05-20 08:33:36 /plugins/fontawesome-free/css/all.min.css ................................................. ~ 0s
  2026-05-20 08:33:36 /plugins/tempusdominus-bootstrap-4/css/tempusdominus-bootstrap-4.min.css .................. ~ 0s
  2026-05-20 08:33:36 /plugins/icheck-bootstrap/icheck-bootstrap.min.css ........................................ ~ 0s
  2026-05-20 08:33:36 /plugins/jqvmap/jqvmap.min.css ............................................................ ~ 0s
  2026-05-20 08:33:36 /plugins/overlayScrollbars/css/OverlayScrollbars.min.css .................................. ~ 0s
  2026-05-20 08:33:36 /plugins/daterangepicker/daterangepicker.css .............................................. ~ 0s
  2026-05-20 08:33:36 /plugins/summernote/summernote-bs4.min.css ................................................ ~ 0s
  2026-05-20 08:33:36 /plugins/select2/css/select2.min.css ...................................................... ~ 0s
  2026-05-20 08:33:36 /plugins/select2-bootstrap4-theme/select2-bootstrap4.min.css .............................. ~ 0s
  2026-05-20 08:33:36 /plugins/dropzone/min/dropzone.min.css .................................................... ~ 0s
  2026-05-20 08:33:36 /assets/css/datatable/datatable.css ....................................................... ~ 0s
  2026-05-20 08:33:36 /dist/css/adminlte.min.css ................................................................ ~ 0s
  2026-05-20 08:33:36 /assets/css/datatable/buttons.dataTables.min.css .......................................... ~ 0s
  2026-05-20 08:33:36 /css/custom-style.css ..................................................................... ~ 0s
  2026-05-20 08:33:36 /assets/images/demo/logo.svg .............................................................. ~ 0s
  2026-05-20 08:33:36 /plugins/jquery/jquery.min.js ............................................................. ~ 0s
  2026-05-20 08:33:36 /plugins/jquery-ui/jquery-ui.min.js ....................................................... ~ 0s
  2026-05-20 08:33:36 /plugins/bootstrap/js/bootstrap.bundle.min.js ............................................. ~ 0s
  2026-05-20 08:33:36 /plugins/chart.js/Chart.min.js ............................................................ ~ 0s
  2026-05-20 08:33:36 /plugins/sparklines/sparkline.js .......................................................... ~ 0s
  2026-05-20 08:33:36 /plugins/jqvmap/jquery.vmap.min.js ........................................................ ~ 0s
  2026-05-20 08:33:36 /plugins/jqvmap/maps/jquery.vmap.usa.js ................................................... ~ 0s
  2026-05-20 08:33:36 /plugins/jquery-knob/jquery.knob.min.js ................................................... ~ 0s
  2026-05-20 08:33:36 /plugins/moment/moment.min.js ............................................................. ~ 0s
  2026-05-20 08:33:36 /plugins/daterangepicker/daterangepicker.js ............................................... ~ 0s
  2026-05-20 08:33:36 /plugins/tempusdominus-bootstrap-4/js/tempusdominus-bootstrap-4.min.js .................... ~ 0s
  2026-05-20 08:33:36 /plugins/summernote/summernote-bs4.min.js ................................................. ~ 0s
  2026-05-20 08:33:36 /plugins/overlayScrollbars/js/jquery.overlayScrollbars.min.js ............................. ~ 0s
  2026-05-20 08:33:36 /dist/js/adminlte.js ...................................................................... ~ 0s
  2026-05-20 08:33:36 /plugins/select2/js/select2.full.min.js ................................................... ~ 0s
  2026-05-20 08:33:36 /js/custom-script.js ...................................................................... ~ 0s
  2026-05-20 08:33:36 /plugins/dropzone/min/dropzone.min.js ..................................................... ~ 0s
  2026-05-20 08:33:36 /plugins/fontawesome-free/webfonts/fa-solid-900.woff2 ..................................... ~ 0s
  2026-05-20 08:33:36 /assets/js/datatable/jquery.dataTables.min.js ............................................. ~ 0s
  2026-05-20 08:33:36 /assets/js/datatable/dataTables.buttons.min.js ............................................ ~ 0s
  2026-05-20 08:33:36 /assets/js/datatable/datatable.js ......................................................... ~ 0s
  2026-05-20 08:33:36 ........................................................................................... ~ 0s
  2026-05-20 08:33:36 ........................................................................................... ~ 0s
  2026-05-20 08:33:36 /dist/img/default-150x150.png ............................................................. ~ 0s
  2026-05-20 08:33:36 /plugins/fontawesome-free/webfonts/fa-regular-400.woff2 ................................... ~ 0s
  2026-05-20 08:33:40 ........................................................................................... ~ 0s
  2026-05-20 08:33:40 /plugins/fontawesome-free/css/all.min.css ................................................. ~ 0s
  2026-05-20 08:33:40 /plugins/tempusdominus-bootstrap-4/css/tempusdominus-bootstrap-4.min.css .................. ~ 0s
  2026-05-20 08:33:40 /plugins/icheck-bootstrap/icheck-bootstrap.min.css ........................................ ~ 0s
  2026-05-20 08:33:40 /plugins/jqvmap/jqvmap.min.css ............................................................ ~ 0s
  2026-05-20 08:33:40 /plugins/overlayScrollbars/css/OverlayScrollbars.min.css .................................. ~ 0s
  2026-05-20 08:33:40 /plugins/daterangepicker/daterangepicker.css .............................................. ~ 0s
  2026-05-20 08:33:40 /plugins/summernote/summernote-bs4.min.css ................................................ ~ 0s
  2026-05-20 08:33:40 /plugins/select2/css/select2.min.css ...................................................... ~ 0s
  2026-05-20 08:33:40 /plugins/select2-bootstrap4-theme/select2-bootstrap4.min.css .............................. ~ 0s
  2026-05-20 08:33:40 /plugins/dropzone/min/dropzone.min.css .................................................... ~ 0s
  2026-05-20 08:33:40 /assets/css/datatable/datatable.css ....................................................... ~ 0s
  2026-05-20 08:33:40 /assets/css/datatable/buttons.dataTables.min.css .......................................... ~ 0s
  2026-05-20 08:33:40 /css/custom-style.css ..................................................................... ~ 0s
  2026-05-20 08:33:40 /assets/images/demo/logo.svg .............................................................. ~ 0s
  2026-05-20 08:33:40 /plugins/jquery/jquery.min.js ............................................................. ~ 0s
  2026-05-20 08:33:40 /plugins/jquery-ui/jquery-ui.min.js ....................................................... ~ 0s
  2026-05-20 08:33:40 /dist/css/adminlte.min.css ................................................................ ~ 0s
  2026-05-20 08:33:40 /plugins/bootstrap/js/bootstrap.bundle.min.js ............................................. ~ 0s
  2026-05-20 08:33:40 /plugins/chart.js/Chart.min.js ............................................................ ~ 0s
  2026-05-20 08:33:40 /plugins/sparklines/sparkline.js .......................................................... ~ 0s
  2026-05-20 08:33:40 /plugins/jqvmap/jquery.vmap.min.js ........................................................ ~ 0s
  2026-05-20 08:33:40 /plugins/jqvmap/maps/jquery.vmap.usa.js ................................................... ~ 0s
  2026-05-20 08:33:40 /plugins/jquery-knob/jquery.knob.min.js ................................................... ~ 0s
  2026-05-20 08:33:40 /plugins/moment/moment.min.js ............................................................. ~ 0s
  2026-05-20 08:33:40 /plugins/daterangepicker/daterangepicker.js ............................................... ~ 0s
  2026-05-20 08:33:40 /plugins/tempusdominus-bootstrap-4/js/tempusdominus-bootstrap-4.min.js .................... ~ 0s
  2026-05-20 08:33:40 /plugins/summernote/summernote-bs4.min.js ................................................. ~ 0s
  2026-05-20 08:33:40 /plugins/overlayScrollbars/js/jquery.overlayScrollbars.min.js ............................. ~ 0s
  2026-05-20 08:33:40 /dist/js/adminlte.js ...................................................................... ~ 0s
  2026-05-20 08:33:40 /plugins/select2/js/select2.full.min.js ................................................... ~ 0s
  2026-05-20 08:33:40 /js/custom-script.js ...................................................................... ~ 0s
  2026-05-20 08:33:40 /plugins/dropzone/min/dropzone.min.js ..................................................... ~ 0s
  2026-05-20 08:33:40 /plugins/fontawesome-free/webfonts/fa-solid-900.woff2 ..................................... ~ 0s
  2026-05-20 08:33:40 /plugins/fontawesome-free/webfonts/fa-regular-400.woff2 ................................... ~ 0s
  2026-05-20 08:33:40 /assets/js/datatable/jquery.dataTables.min.js ............................................. ~ 0s
  2026-05-20 08:33:40 /assets/js/datatable/dataTables.buttons.min.js ............................................ ~ 0s
  2026-05-20 08:33:40 /assets/js/datatable/datatable.js ......................................................... ~ 0s
  2026-05-20 08:33:44 ........................................................................................... ~ 0s
  2026-05-20 08:33:44 /plugins/fontawesome-free/css/all.min.css ................................................. ~ 0s
  2026-05-20 08:33:44 /plugins/tempusdominus-bootstrap-4/css/tempusdominus-bootstrap-4.min.css .................. ~ 0s
  2026-05-20 08:33:44 /plugins/icheck-bootstrap/icheck-bootstrap.min.css ........................................ ~ 0s
  2026-05-20 08:33:44 /plugins/jqvmap/jqvmap.min.css ............................................................ ~ 0s
  2026-05-20 08:33:44 /plugins/overlayScrollbars/css/OverlayScrollbars.min.css .................................. ~ 0s
  2026-05-20 08:33:44 /plugins/daterangepicker/daterangepicker.css .............................................. ~ 0s
  2026-05-20 08:33:44 /plugins/summernote/summernote-bs4.min.css ................................................ ~ 0s
  2026-05-20 08:33:44 /plugins/select2/css/select2.min.css ...................................................... ~ 0s
  2026-05-20 08:33:44 /plugins/select2-bootstrap4-theme/select2-bootstrap4.min.css .............................. ~ 0s
  2026-05-20 08:33:44 /dist/css/adminlte.min.css ................................................................ ~ 0s
  2026-05-20 08:33:44 /plugins/dropzone/min/dropzone.min.css .................................................... ~ 0s
  2026-05-20 08:33:44 /assets/css/datatable/datatable.css ....................................................... ~ 0s
  2026-05-20 08:33:44 /assets/css/datatable/buttons.dataTables.min.css .......................................... ~ 0s
  2026-05-20 08:33:44 /css/custom-style.css ..................................................................... ~ 0s
  2026-05-20 08:33:44 /assets/images/demo/logo.svg .............................................................. ~ 0s
  2026-05-20 08:33:44 /plugins/jquery/jquery.min.js ............................................................. ~ 0s
  2026-05-20 08:33:44 /plugins/jquery-ui/jquery-ui.min.js ....................................................... ~ 0s
  2026-05-20 08:33:44 /plugins/bootstrap/js/bootstrap.bundle.min.js ............................................. ~ 0s
  2026-05-20 08:33:44 /plugins/chart.js/Chart.min.js ............................................................ ~ 0s
  2026-05-20 08:33:44 /plugins/sparklines/sparkline.js .......................................................... ~ 0s
  2026-05-20 08:33:44 /plugins/jqvmap/jquery.vmap.min.js ........................................................ ~ 0s
  2026-05-20 08:33:44 /plugins/jqvmap/maps/jquery.vmap.usa.js ................................................... ~ 0s
  2026-05-20 08:33:44 /plugins/jquery-knob/jquery.knob.min.js ................................................... ~ 0s
  2026-05-20 08:33:44 /plugins/moment/moment.min.js ............................................................. ~ 0s
  2026-05-20 08:33:44 /plugins/daterangepicker/daterangepicker.js ............................................... ~ 0s
  2026-05-20 08:33:44 /plugins/tempusdominus-bootstrap-4/js/tempusdominus-bootstrap-4.min.js .................... ~ 0s
  2026-05-20 08:33:44 /plugins/summernote/summernote-bs4.min.js ................................................. ~ 0s
  2026-05-20 08:33:44 /plugins/overlayScrollbars/js/jquery.overlayScrollbars.min.js ............................. ~ 0s
  2026-05-20 08:33:44 /dist/js/adminlte.js ...................................................................... ~ 0s
  2026-05-20 08:33:44 /plugins/select2/js/select2.full.min.js ................................................... ~ 0s
  2026-05-20 08:33:44 /plugins/fontawesome-free/webfonts/fa-solid-900.woff2 ..................................... ~ 0s
  2026-05-20 08:33:44 /js/custom-script.js ...................................................................... ~ 0s
  2026-05-20 08:33:44 /plugins/dropzone/min/dropzone.min.js ..................................................... ~ 0s
  2026-05-20 08:33:44 /assets/js/datatable/jquery.dataTables.min.js ............................................. ~ 0s
  2026-05-20 08:33:44 /assets/js/datatable/dataTables.buttons.min.js ............................................ ~ 0s
  2026-05-20 08:33:44 /assets/js/datatable/datatable.js ......................................................... ~ 0s
  2026-05-20 08:33:44 ........................................................................................... ~ 0s
  2026-05-20 08:33:44 ........................................................................................... ~ 0s
  2026-05-20 08:33:44 ........................................................................................... ~ 0s
  2026-05-20 08:33:44 ........................................................................................... ~ 0s
  2026-05-20 08:33:44 ........................................................................................... ~ 1s
  2026-05-20 08:33:45 ........................................................................................... ~ 0s
  2026-05-20 08:33:44 /assets/images/demo/products/mala-pork-belly.svg .......................................... ~ 1s
  2026-05-20 08:33:45 ........................................................................................... ~ 0s
  2026-05-20 08:33:45 /assets/images/demo/products/mala-beef.svg ................................................ ~ 0s
  2026-05-20 08:33:45 /assets/images/demo/products/mala-cheese-sausage.svg ...................................... ~ 0s
  2026-05-20 08:33:45 /assets/images/demo/products/drink-longan.svg ............................................. ~ 0s
  2026-05-20 08:33:45 /assets/images/demo/products/set-mala-l.svg ............................................... ~ 0s
  2026-05-20 08:33:45 /assets/images/demo/products/drink-thai-milk-tea.svg ...................................... ~ 0s
  2026-05-20 08:33:45 /assets/images/demo/products/set-mala-m.svg ............................................... ~ 0s
  2026-05-20 08:33:45 /assets/images/demo/products/drink-water.svg .............................................. ~ 0s
  2026-05-20 08:33:45 /assets/images/demo/products/set-mala-s.svg ............................................... ~ 0s
  2026-05-20 08:33:45 /assets/images/demo/products/mala-enoki.svg ............................................... ~ 0s
  2026-05-20 08:33:45 /assets/images/demo/products/mala-fish-tofu.svg ........................................... ~ 0s
  2026-05-20 08:33:45 /assets/images/demo/products/drink-lemon-tea.svg .......................................... ~ 0s
  2026-05-20 08:33:45 ........................................................................................... ~ 0s
  2026-05-20 08:33:49 ........................................................................................... ~ 0s
  2026-05-20 08:33:49 /plugins/fontawesome-free/css/all.min.css ................................................. ~ 0s
  2026-05-20 08:33:49 /plugins/tempusdominus-bootstrap-4/css/tempusdominus-bootstrap-4.min.css .................. ~ 0s
  2026-05-20 08:33:49 /plugins/icheck-bootstrap/icheck-bootstrap.min.css ........................................ ~ 0s
  2026-05-20 08:33:49 /plugins/jqvmap/jqvmap.min.css ............................................................ ~ 0s
  2026-05-20 08:33:49 /plugins/overlayScrollbars/css/OverlayScrollbars.min.css .................................. ~ 0s
  2026-05-20 08:33:49 /plugins/daterangepicker/daterangepicker.css .............................................. ~ 0s
  2026-05-20 08:33:49 /plugins/summernote/summernote-bs4.min.css ................................................ ~ 0s
  2026-05-20 08:33:49 /plugins/select2/css/select2.min.css ...................................................... ~ 0s
  2026-05-20 08:33:49 /plugins/select2-bootstrap4-theme/select2-bootstrap4.min.css .............................. ~ 0s
  2026-05-20 08:33:49 /plugins/dropzone/min/dropzone.min.css .................................................... ~ 0s
  2026-05-20 08:33:49 /assets/css/datatable/datatable.css ....................................................... ~ 0s
  2026-05-20 08:33:49 /assets/css/datatable/buttons.dataTables.min.css .......................................... ~ 0s
  2026-05-20 08:33:49 /dist/css/adminlte.min.css ................................................................ ~ 0s
  2026-05-20 08:33:49 /css/custom-style.css ..................................................................... ~ 0s
  2026-05-20 08:33:49 /assets/images/demo/logo.svg .............................................................. ~ 0s
  2026-05-20 08:33:49 /plugins/jquery/jquery.min.js ............................................................. ~ 0s
  2026-05-20 08:33:50 /plugins/jquery-ui/jquery-ui.min.js ....................................................... ~ 0s
  2026-05-20 08:33:50 /plugins/bootstrap/js/bootstrap.bundle.min.js ............................................. ~ 0s
  2026-05-20 08:33:50 /plugins/chart.js/Chart.min.js ............................................................ ~ 0s
  2026-05-20 08:33:50 /plugins/sparklines/sparkline.js .......................................................... ~ 0s
  2026-05-20 08:33:50 /plugins/jqvmap/jquery.vmap.min.js ........................................................ ~ 0s
  2026-05-20 08:33:50 /plugins/jqvmap/maps/jquery.vmap.usa.js ................................................... ~ 0s
  2026-05-20 08:33:50 /plugins/jquery-knob/jquery.knob.min.js ................................................... ~ 0s
  2026-05-20 08:33:50 /plugins/moment/moment.min.js ............................................................. ~ 0s
  2026-05-20 08:33:50 /plugins/daterangepicker/daterangepicker.js ............................................... ~ 0s
  2026-05-20 08:33:50 /plugins/tempusdominus-bootstrap-4/js/tempusdominus-bootstrap-4.min.js .................... ~ 0s
  2026-05-20 08:33:50 /plugins/summernote/summernote-bs4.min.js ................................................. ~ 0s
  2026-05-20 08:33:50 /plugins/overlayScrollbars/js/jquery.overlayScrollbars.min.js ............................. ~ 0s
  2026-05-20 08:33:50 /dist/js/adminlte.js ...................................................................... ~ 0s
  2026-05-20 08:33:50 /plugins/select2/js/select2.full.min.js ................................................... ~ 0s
  2026-05-20 08:33:50 /plugins/fontawesome-free/webfonts/fa-solid-900.woff2 ..................................... ~ 0s
  2026-05-20 08:33:50 /plugins/fontawesome-free/webfonts/fa-regular-400.woff2 ................................... ~ 0s
  2026-05-20 08:33:50 /js/custom-script.js ...................................................................... ~ 0s
  2026-05-20 08:33:50 /plugins/dropzone/min/dropzone.min.js ..................................................... ~ 0s
  2026-05-20 08:33:50 /assets/js/datatable/jquery.dataTables.min.js ............................................. ~ 0s
  2026-05-20 08:33:50 /assets/js/datatable/dataTables.buttons.min.js ............................................ ~ 0s
  2026-05-20 08:33:50 /assets/js/datatable/datatable.js ......................................................... ~ 0s
  2026-05-20 08:41:00 ........................................................................................... ~ 0s
  2026-05-20 08:41:00 /plugins/fontawesome-free/css/all.min.css ................................................. ~ 0s
  2026-05-20 08:41:00 /plugins/tempusdominus-bootstrap-4/css/tempusdominus-bootstrap-4.min.css .................. ~ 0s
  2026-05-20 08:41:00 /plugins/icheck-bootstrap/icheck-bootstrap.min.css ........................................ ~ 0s
  2026-05-20 08:41:00 /plugins/jqvmap/jqvmap.min.css ............................................................ ~ 0s
  2026-05-20 08:41:00 /plugins/overlayScrollbars/css/OverlayScrollbars.min.css .................................. ~ 0s
  2026-05-20 08:41:00 /plugins/daterangepicker/daterangepicker.css .............................................. ~ 0s
  2026-05-20 08:41:00 /plugins/summernote/summernote-bs4.min.css ................................................ ~ 0s
  2026-05-20 08:41:00 /plugins/select2/css/select2.min.css ...................................................... ~ 0s
  2026-05-20 08:41:00 /plugins/select2-bootstrap4-theme/select2-bootstrap4.min.css .............................. ~ 0s
  2026-05-20 08:41:00 /plugins/dropzone/min/dropzone.min.css .................................................... ~ 0s
  2026-05-20 08:41:00 /assets/css/datatable/datatable.css ....................................................... ~ 0s
  2026-05-20 08:41:00 /assets/css/datatable/buttons.dataTables.min.css .......................................... ~ 0s
  2026-05-20 08:41:00 /css/custom-style.css ..................................................................... ~ 0s
  2026-05-20 08:41:00 /dist/css/adminlte.min.css ................................................................ ~ 0s
  2026-05-20 08:41:00 /assets/images/demo/logo.svg .............................................................. ~ 0s
  2026-05-20 08:41:00 /plugins/jquery/jquery.min.js ............................................................. ~ 0s
  2026-05-20 08:41:00 /plugins/jquery-ui/jquery-ui.min.js ....................................................... ~ 0s
  2026-05-20 08:41:00 /plugins/bootstrap/js/bootstrap.bundle.min.js ............................................. ~ 0s
  2026-05-20 08:41:00 /plugins/chart.js/Chart.min.js ............................................................ ~ 0s
  2026-05-20 08:41:00 /plugins/sparklines/sparkline.js .......................................................... ~ 0s
  2026-05-20 08:41:00 /plugins/jqvmap/jquery.vmap.min.js ........................................................ ~ 0s
  2026-05-20 08:41:00 /plugins/jqvmap/maps/jquery.vmap.usa.js ................................................... ~ 0s
  2026-05-20 08:41:00 /plugins/jquery-knob/jquery.knob.min.js ................................................... ~ 0s
  2026-05-20 08:41:00 /plugins/moment/moment.min.js ............................................................. ~ 0s
  2026-05-20 08:41:00 /plugins/daterangepicker/daterangepicker.js ............................................... ~ 0s
  2026-05-20 08:41:00 /plugins/tempusdominus-bootstrap-4/js/tempusdominus-bootstrap-4.min.js .................... ~ 0s
  2026-05-20 08:41:00 /plugins/summernote/summernote-bs4.min.js ................................................. ~ 0s
  2026-05-20 08:41:00 /plugins/overlayScrollbars/js/jquery.overlayScrollbars.min.js ............................. ~ 0s
  2026-05-20 08:41:00 /dist/js/adminlte.js ...................................................................... ~ 0s
  2026-05-20 08:41:00 /plugins/select2/js/select2.full.min.js ................................................... ~ 0s
  2026-05-20 08:41:00 /js/custom-script.js ...................................................................... ~ 0s
  2026-05-20 08:41:00 /plugins/dropzone/min/dropzone.min.js ..................................................... ~ 0s
  2026-05-20 08:41:00 /assets/js/datatable/jquery.dataTables.min.js ............................................. ~ 0s
  2026-05-20 08:41:00 /assets/js/datatable/dataTables.buttons.min.js ............................................ ~ 0s
  2026-05-20 08:41:00 /assets/js/datatable/datatable.js ......................................................... ~ 0s
  2026-05-20 08:41:00 /plugins/fontawesome-free/webfonts/fa-solid-900.woff2 ..................................... ~ 0s
  2026-05-20 08:41:00 ........................................................................................... ~ 0s
  2026-05-20 08:41:00 ........................................................................................... ~ 1s
  2026-05-20 08:41:00 ........................................................................................... ~ 1s
  2026-05-20 08:41:01 ........................................................................................... ~ 0s
  2026-05-20 08:41:01 ........................................................................................... ~ 0s
  2026-05-20 08:41:01 ........................................................................................... ~ 0s
  2026-05-20 08:41:01 /assets/images/demo/products/mala-pork-belly.svg .......................................... ~ 0s
  2026-05-20 08:41:01 /assets/images/demo/products/mala-beef.svg ................................................ ~ 0s
  2026-05-20 08:41:01 /assets/images/demo/products/mala-fish-tofu.svg ........................................... ~ 0s
  2026-05-20 08:41:01 /assets/images/demo/products/mala-enoki.svg ............................................... ~ 0s
  2026-05-20 08:41:01 /assets/images/demo/products/drink-thai-milk-tea.svg ...................................... ~ 0s
  2026-05-20 08:41:01 /assets/images/demo/products/drink-water.svg .............................................. ~ 0s
  2026-05-20 08:41:01 /assets/images/demo/products/mala-cheese-sausage.svg ...................................... ~ 0s
  2026-05-20 08:41:01 /assets/images/demo/products/set-mala-m.svg ............................................... ~ 0s
  2026-05-20 08:41:01 ........................................................................................... ~ 0s
  2026-05-20 08:41:01 ........................................................................................... ~ 0s
  2026-05-20 08:41:01 /assets/images/demo/products/drink-longan.svg ............................................. ~ 0s
  2026-05-20 08:41:01 /assets/images/demo/products/drink-lemon-tea.svg .......................................... ~ 0s
  2026-05-20 08:41:01 /assets/images/demo/products/set-mala-s.svg ............................................... ~ 0s
  2026-05-20 08:41:01 /assets/images/demo/products/set-mala-l.svg ............................................... ~ 0s
  2026-05-20 08:41:01 ........................................................................................... ~ 0s
  2026-05-20 08:41:01 ........................................................................................... ~ 1s
  2026-05-20 08:41:02 ........................................................................................... ~ 0s
  2026-05-20 08:41:02 /plugins/fontawesome-free/css/all.min.css ................................................. ~ 0s
  2026-05-20 08:41:02 /plugins/tempusdominus-bootstrap-4/css/tempusdominus-bootstrap-4.min.css .................. ~ 0s
  2026-05-20 08:41:02 /plugins/icheck-bootstrap/icheck-bootstrap.min.css ........................................ ~ 0s
  2026-05-20 08:41:02 /plugins/jqvmap/jqvmap.min.css ............................................................ ~ 0s
  2026-05-20 08:41:02 /plugins/overlayScrollbars/css/OverlayScrollbars.min.css .................................. ~ 0s
  2026-05-20 08:41:02 /plugins/daterangepicker/daterangepicker.css .............................................. ~ 0s
  2026-05-20 08:41:02 /plugins/summernote/summernote-bs4.min.css ................................................ ~ 0s
  2026-05-20 08:41:02 /plugins/select2/css/select2.min.css ...................................................... ~ 0s
  2026-05-20 08:41:02 /plugins/select2-bootstrap4-theme/select2-bootstrap4.min.css .............................. ~ 0s
  2026-05-20 08:41:02 /dist/css/adminlte.min.css ................................................................ ~ 0s
  2026-05-20 08:41:02 /plugins/dropzone/min/dropzone.min.css .................................................... ~ 0s
  2026-05-20 08:41:02 /assets/css/datatable/datatable.css ....................................................... ~ 0s
  2026-05-20 08:41:02 /assets/css/datatable/buttons.dataTables.min.css .......................................... ~ 0s
  2026-05-20 08:41:02 /css/custom-style.css ..................................................................... ~ 0s
  2026-05-20 08:41:02 /assets/images/demo/logo.svg .............................................................. ~ 0s
  2026-05-20 08:41:02 /plugins/jquery/jquery.min.js ............................................................. ~ 0s
  2026-05-20 08:41:02 /plugins/jquery-ui/jquery-ui.min.js ....................................................... ~ 0s
  2026-05-20 08:41:02 /plugins/bootstrap/js/bootstrap.bundle.min.js ............................................. ~ 0s
  2026-05-20 08:41:02 /plugins/chart.js/Chart.min.js ............................................................ ~ 0s
  2026-05-20 08:41:02 /plugins/sparklines/sparkline.js .......................................................... ~ 0s
  2026-05-20 08:41:02 /plugins/jqvmap/jquery.vmap.min.js ........................................................ ~ 0s
  2026-05-20 08:41:02 /plugins/jqvmap/maps/jquery.vmap.usa.js ................................................... ~ 0s
  2026-05-20 08:41:02 /plugins/jquery-knob/jquery.knob.min.js ................................................... ~ 0s
  2026-05-20 08:41:02 /plugins/moment/moment.min.js ............................................................. ~ 0s
  2026-05-20 08:41:02 /plugins/daterangepicker/daterangepicker.js ............................................... ~ 0s
  2026-05-20 08:41:02 /plugins/tempusdominus-bootstrap-4/js/tempusdominus-bootstrap-4.min.js .................... ~ 0s
  2026-05-20 08:41:02 /plugins/summernote/summernote-bs4.min.js ................................................. ~ 0s
  2026-05-20 08:41:02 /plugins/overlayScrollbars/js/jquery.overlayScrollbars.min.js ............................. ~ 0s
  2026-05-20 08:41:02 /dist/js/adminlte.js ...................................................................... ~ 0s
  2026-05-20 08:41:02 /plugins/select2/js/select2.full.min.js ................................................... ~ 0s
  2026-05-20 08:41:02 /js/custom-script.js ...................................................................... ~ 0s
  2026-05-20 08:41:02 /plugins/dropzone/min/dropzone.min.js ..................................................... ~ 0s
  2026-05-20 08:41:02 /assets/js/datatable/jquery.dataTables.min.js ............................................. ~ 0s
  2026-05-20 08:41:02 /assets/js/datatable/dataTables.buttons.min.js ............................................ ~ 0s
  2026-05-20 08:41:02 /assets/js/datatable/datatable.js ......................................................... ~ 0s
  2026-05-20 08:41:02 /plugins/fontawesome-free/webfonts/fa-solid-900.woff2 ..................................... ~ 0s
  2026-05-20 08:41:02 /plugins/fontawesome-free/webfonts/fa-regular-400.woff2 ................................... ~ 0s
  2026-05-20 08:44:16 ........................................................................................... ~ 0s
  2026-05-20 08:44:16 /plugins/fontawesome-free/css/all.min.css ................................................. ~ 0s
  2026-05-20 08:44:16 /plugins/tempusdominus-bootstrap-4/css/tempusdominus-bootstrap-4.min.css .................. ~ 0s
  2026-05-20 08:44:16 /plugins/icheck-bootstrap/icheck-bootstrap.min.css ........................................ ~ 0s
  2026-05-20 08:44:16 /plugins/jqvmap/jqvmap.min.css ............................................................ ~ 0s
  2026-05-20 08:44:16 /plugins/overlayScrollbars/css/OverlayScrollbars.min.css .................................. ~ 0s
  2026-05-20 08:44:16 /plugins/daterangepicker/daterangepicker.css .............................................. ~ 0s
  2026-05-20 08:44:16 /plugins/summernote/summernote-bs4.min.css ................................................ ~ 0s
  2026-05-20 08:44:16 /plugins/select2/css/select2.min.css ...................................................... ~ 0s
  2026-05-20 08:44:16 /plugins/select2-bootstrap4-theme/select2-bootstrap4.min.css .............................. ~ 0s
  2026-05-20 08:44:16 /plugins/dropzone/min/dropzone.min.css .................................................... ~ 0s
  2026-05-20 08:44:16 /assets/css/datatable/datatable.css ....................................................... ~ 0s
  2026-05-20 08:44:16 /assets/css/datatable/buttons.dataTables.min.css .......................................... ~ 0s
  2026-05-20 08:44:16 /dist/css/adminlte.min.css ................................................................ ~ 0s
  2026-05-20 08:44:16 /css/custom-style.css ..................................................................... ~ 0s
  2026-05-20 08:44:16 /assets/images/demo/logo.svg .............................................................. ~ 0s
  2026-05-20 08:44:16 /plugins/jquery/jquery.min.js ............................................................. ~ 0s
  2026-05-20 08:44:16 /plugins/jquery-ui/jquery-ui.min.js ....................................................... ~ 0s
  2026-05-20 08:44:16 /plugins/bootstrap/js/bootstrap.bundle.min.js ............................................. ~ 0s
  2026-05-20 08:44:16 /plugins/chart.js/Chart.min.js ............................................................ ~ 0s
  2026-05-20 08:44:16 /plugins/sparklines/sparkline.js .......................................................... ~ 0s
  2026-05-20 08:44:16 /plugins/jqvmap/jquery.vmap.min.js ........................................................ ~ 0s
  2026-05-20 08:44:16 /plugins/jqvmap/maps/jquery.vmap.usa.js ................................................... ~ 0s
  2026-05-20 08:44:16 /plugins/jquery-knob/jquery.knob.min.js ................................................... ~ 0s
  2026-05-20 08:44:16 /plugins/moment/moment.min.js ............................................................. ~ 0s
  2026-05-20 08:44:16 /plugins/daterangepicker/daterangepicker.js ............................................... ~ 0s
  2026-05-20 08:44:16 /plugins/tempusdominus-bootstrap-4/js/tempusdominus-bootstrap-4.min.js .................... ~ 0s
  2026-05-20 08:44:16 /plugins/summernote/summernote-bs4.min.js ................................................. ~ 0s
  2026-05-20 08:44:16 /plugins/overlayScrollbars/js/jquery.overlayScrollbars.min.js ............................. ~ 0s
  2026-05-20 08:44:16 /dist/js/adminlte.js ...................................................................... ~ 0s
  2026-05-20 08:44:16 /plugins/select2/js/select2.full.min.js ................................................... ~ 0s
  2026-05-20 08:44:16 /js/custom-script.js ...................................................................... ~ 0s
  2026-05-20 08:44:16 /plugins/dropzone/min/dropzone.min.js ..................................................... ~ 0s
  2026-05-20 08:44:16 /assets/js/datatable/jquery.dataTables.min.js ............................................. ~ 0s
  2026-05-20 08:44:16 /assets/js/datatable/datatable.js ......................................................... ~ 0s
  2026-05-20 08:44:17 /assets/js/datatable/dataTables.buttons.min.js ............................................ ~ 0s
  2026-05-20 08:44:17 /plugins/fontawesome-free/webfonts/fa-solid-900.woff2 ..................................... ~ 0s
  2026-05-20 08:44:17 /plugins/fontawesome-free/webfonts/fa-regular-400.woff2 ................................... ~ 0s
  2026-05-20 08:44:17 /assets/images/demo/favicon.svg ........................................................... ~ 0s
  2026-05-20 08:44:43 ........................................................................................... ~ 0s
  2026-05-20 08:44:43 /plugins/fontawesome-free/css/all.min.css ................................................. ~ 0s
  2026-05-20 08:44:43 /plugins/tempusdominus-bootstrap-4/css/tempusdominus-bootstrap-4.min.css .................. ~ 0s
  2026-05-20 08:44:43 /plugins/icheck-bootstrap/icheck-bootstrap.min.css ........................................ ~ 0s
  2026-05-20 08:44:43 /plugins/jqvmap/jqvmap.min.css ............................................................ ~ 0s
  2026-05-20 08:44:43 /plugins/overlayScrollbars/css/OverlayScrollbars.min.css .................................. ~ 0s
  2026-05-20 08:44:43 /plugins/daterangepicker/daterangepicker.css .............................................. ~ 0s
  2026-05-20 08:44:43 /dist/css/adminlte.min.css ................................................................ ~ 0s
  2026-05-20 08:44:43 /plugins/summernote/summernote-bs4.min.css ................................................ ~ 0s
  2026-05-20 08:44:43 /plugins/select2/css/select2.min.css ...................................................... ~ 0s
  2026-05-20 08:44:43 /plugins/select2-bootstrap4-theme/select2-bootstrap4.min.css .............................. ~ 0s
  2026-05-20 08:44:43 /plugins/dropzone/min/dropzone.min.css .................................................... ~ 0s
  2026-05-20 08:44:43 /assets/css/datatable/datatable.css ....................................................... ~ 0s
  2026-05-20 08:44:43 /assets/css/datatable/buttons.dataTables.min.css .......................................... ~ 0s
  2026-05-20 08:44:43 /css/custom-style.css ..................................................................... ~ 0s
  2026-05-20 08:44:43 /assets/images/demo/logo.svg .............................................................. ~ 0s
  2026-05-20 08:44:43 /plugins/jquery/jquery.min.js ............................................................. ~ 0s
  2026-05-20 08:44:43 /plugins/jquery-ui/jquery-ui.min.js ....................................................... ~ 0s
  2026-05-20 08:44:43 /plugins/bootstrap/js/bootstrap.bundle.min.js ............................................. ~ 0s
  2026-05-20 08:44:43 /plugins/chart.js/Chart.min.js ............................................................ ~ 0s
  2026-05-20 08:44:43 /plugins/sparklines/sparkline.js .......................................................... ~ 0s
  2026-05-20 08:44:43 /plugins/jqvmap/jquery.vmap.min.js ........................................................ ~ 0s
  2026-05-20 08:44:43 /plugins/jqvmap/maps/jquery.vmap.usa.js ................................................... ~ 0s
  2026-05-20 08:44:43 /plugins/jquery-knob/jquery.knob.min.js ................................................... ~ 0s
  2026-05-20 08:44:43 /plugins/moment/moment.min.js ............................................................. ~ 0s
  2026-05-20 08:44:43 /plugins/daterangepicker/daterangepicker.js ............................................... ~ 0s
  2026-05-20 08:44:43 /plugins/tempusdominus-bootstrap-4/js/tempusdominus-bootstrap-4.min.js .................... ~ 0s
  2026-05-20 08:44:43 /plugins/summernote/summernote-bs4.min.js ................................................. ~ 0s
  2026-05-20 08:44:43 /plugins/overlayScrollbars/js/jquery.overlayScrollbars.min.js ............................. ~ 0s
  2026-05-20 08:44:43 /dist/js/adminlte.js ...................................................................... ~ 0s
  2026-05-20 08:44:43 /plugins/select2/js/select2.full.min.js ................................................... ~ 0s
  2026-05-20 08:44:43 /js/custom-script.js ...................................................................... ~ 0s
  2026-05-20 08:44:43 /plugins/dropzone/min/dropzone.min.js ..................................................... ~ 0s
  2026-05-20 08:44:43 /assets/js/datatable/jquery.dataTables.min.js ............................................. ~ 0s
  2026-05-20 08:44:43 /assets/js/datatable/datatable.js ......................................................... ~ 0s
  2026-05-20 08:44:43 /assets/js/datatable/dataTables.buttons.min.js ............................................ ~ 0s
  2026-05-20 08:44:43 /plugins/fontawesome-free/webfonts/fa-solid-900.woff2 ..................................... ~ 0s
  2026-05-20 08:44:43 /plugins/fontawesome-free/webfonts/fa-regular-400.woff2 ................................... ~ 0s
  2026-05-20 08:44:43 /assets/images/demo/favicon.svg ........................................................... ~ 0s
  2026-05-20 08:44:52 ........................................................................................... ~ 0s
  2026-05-20 08:44:52 /plugins/fontawesome-free/css/all.min.css ................................................. ~ 0s
  2026-05-20 08:44:52 /plugins/tempusdominus-bootstrap-4/css/tempusdominus-bootstrap-4.min.css .................. ~ 0s
  2026-05-20 08:44:52 /plugins/icheck-bootstrap/icheck-bootstrap.min.css ........................................ ~ 0s
  2026-05-20 08:44:52 /plugins/jqvmap/jqvmap.min.css ............................................................ ~ 0s
  2026-05-20 08:44:52 /plugins/overlayScrollbars/css/OverlayScrollbars.min.css .................................. ~ 0s
  2026-05-20 08:44:52 /plugins/daterangepicker/daterangepicker.css .............................................. ~ 0s
  2026-05-20 08:44:52 /dist/css/adminlte.min.css ................................................................ ~ 0s
  2026-05-20 08:44:52 /plugins/summernote/summernote-bs4.min.css ................................................ ~ 0s
  2026-05-20 08:44:52 /plugins/select2/css/select2.min.css ...................................................... ~ 0s
  2026-05-20 08:44:52 /plugins/select2-bootstrap4-theme/select2-bootstrap4.min.css .............................. ~ 0s
  2026-05-20 08:44:52 /plugins/dropzone/min/dropzone.min.css .................................................... ~ 0s
  2026-05-20 08:44:52 /assets/css/datatable/datatable.css ....................................................... ~ 0s
  2026-05-20 08:44:52 /assets/css/datatable/buttons.dataTables.min.css .......................................... ~ 0s
  2026-05-20 08:44:52 /css/custom-style.css ..................................................................... ~ 0s
  2026-05-20 08:44:52 /assets/images/demo/logo.svg .............................................................. ~ 0s
  2026-05-20 08:44:52 /plugins/jquery/jquery.min.js ............................................................. ~ 0s
  2026-05-20 08:44:52 /plugins/jquery-ui/jquery-ui.min.js ....................................................... ~ 0s
  2026-05-20 08:44:52 /plugins/bootstrap/js/bootstrap.bundle.min.js ............................................. ~ 0s
  2026-05-20 08:44:52 /plugins/chart.js/Chart.min.js ............................................................ ~ 0s
  2026-05-20 08:44:52 /plugins/sparklines/sparkline.js .......................................................... ~ 0s
  2026-05-20 08:44:52 /plugins/jqvmap/jquery.vmap.min.js ........................................................ ~ 0s
  2026-05-20 08:44:52 /plugins/jqvmap/maps/jquery.vmap.usa.js ................................................... ~ 0s
  2026-05-20 08:44:52 /plugins/jquery-knob/jquery.knob.min.js ................................................... ~ 0s
  2026-05-20 08:44:52 /plugins/moment/moment.min.js ............................................................. ~ 0s
  2026-05-20 08:44:52 /plugins/daterangepicker/daterangepicker.js ............................................... ~ 0s
  2026-05-20 08:44:52 /plugins/tempusdominus-bootstrap-4/js/tempusdominus-bootstrap-4.min.js .................... ~ 0s
  2026-05-20 08:44:52 /plugins/summernote/summernote-bs4.min.js ................................................. ~ 0s
  2026-05-20 08:44:52 /plugins/overlayScrollbars/js/jquery.overlayScrollbars.min.js ............................. ~ 0s
  2026-05-20 08:44:52 /dist/js/adminlte.js ...................................................................... ~ 0s
  2026-05-20 08:44:52 /plugins/select2/js/select2.full.min.js ................................................... ~ 0s
  2026-05-20 08:44:52 /js/custom-script.js ...................................................................... ~ 0s
  2026-05-20 08:44:52 /plugins/dropzone/min/dropzone.min.js ..................................................... ~ 0s
  2026-05-20 08:44:52 /assets/js/datatable/jquery.dataTables.min.js ............................................. ~ 0s
  2026-05-20 08:44:52 /assets/js/datatable/datatable.js ......................................................... ~ 0s
  2026-05-20 08:44:52 /assets/js/datatable/dataTables.buttons.min.js ............................................ ~ 0s
  2026-05-20 08:44:52 /plugins/fontawesome-free/webfonts/fa-solid-900.woff2 ..................................... ~ 0s
  2026-05-20 08:44:52 /plugins/fontawesome-free/webfonts/fa-regular-400.woff2 ................................... ~ 0s
  2026-05-20 08:44:53 /assets/images/demo/favicon.svg ........................................................... ~ 0s
  2026-05-20 08:48:14 ........................................................................................... ~ 0s
  2026-05-20 08:48:14 /plugins/fontawesome-free/css/all.min.css ................................................. ~ 0s
  2026-05-20 08:48:14 /plugins/tempusdominus-bootstrap-4/css/tempusdominus-bootstrap-4.min.css .................. ~ 0s
  2026-05-20 08:48:14 /plugins/icheck-bootstrap/icheck-bootstrap.min.css ........................................ ~ 0s
  2026-05-20 08:48:14 /plugins/jqvmap/jqvmap.min.css ............................................................ ~ 0s
  2026-05-20 08:48:14 /plugins/overlayScrollbars/css/OverlayScrollbars.min.css .................................. ~ 0s
  2026-05-20 08:48:14 /plugins/daterangepicker/daterangepicker.css .............................................. ~ 0s
  2026-05-20 08:48:14 /plugins/summernote/summernote-bs4.min.css ................................................ ~ 0s
  2026-05-20 08:48:14 /plugins/select2/css/select2.min.css ...................................................... ~ 0s
  2026-05-20 08:48:14 /plugins/select2-bootstrap4-theme/select2-bootstrap4.min.css .............................. ~ 0s
  2026-05-20 08:48:14 /dist/css/adminlte.min.css ................................................................ ~ 0s
  2026-05-20 08:48:14 /plugins/dropzone/min/dropzone.min.css .................................................... ~ 0s
  2026-05-20 08:48:14 /assets/css/datatable/datatable.css ....................................................... ~ 0s
  2026-05-20 08:48:14 /assets/css/datatable/buttons.dataTables.min.css .......................................... ~ 0s
  2026-05-20 08:48:14 /css/custom-style.css ..................................................................... ~ 0s
  2026-05-20 08:48:14 /assets/images/demo/logo.svg .............................................................. ~ 0s
  2026-05-20 08:48:14 /plugins/jquery/jquery.min.js ............................................................. ~ 0s
  2026-05-20 08:48:14 /plugins/jquery-ui/jquery-ui.min.js ....................................................... ~ 0s
  2026-05-20 08:48:14 /plugins/bootstrap/js/bootstrap.bundle.min.js ............................................. ~ 0s
  2026-05-20 08:48:14 /plugins/chart.js/Chart.min.js ............................................................ ~ 0s
  2026-05-20 08:48:14 /plugins/sparklines/sparkline.js .......................................................... ~ 0s
  2026-05-20 08:48:14 /plugins/jqvmap/jquery.vmap.min.js ........................................................ ~ 0s
  2026-05-20 08:48:14 /plugins/jqvmap/maps/jquery.vmap.usa.js ................................................... ~ 0s
  2026-05-20 08:48:14 /plugins/jquery-knob/jquery.knob.min.js ................................................... ~ 0s
  2026-05-20 08:48:14 /plugins/moment/moment.min.js ............................................................. ~ 0s
  2026-05-20 08:48:14 /plugins/daterangepicker/daterangepicker.js ............................................... ~ 0s
  2026-05-20 08:48:14 /plugins/tempusdominus-bootstrap-4/js/tempusdominus-bootstrap-4.min.js .................... ~ 0s
  2026-05-20 08:48:14 /plugins/summernote/summernote-bs4.min.js ................................................. ~ 0s
  2026-05-20 08:48:14 /plugins/overlayScrollbars/js/jquery.overlayScrollbars.min.js ............................. ~ 0s
  2026-05-20 08:48:14 /dist/js/adminlte.js ...................................................................... ~ 0s
  2026-05-20 08:48:14 /plugins/select2/js/select2.full.min.js ................................................... ~ 0s
  2026-05-20 08:48:14 /js/custom-script.js ...................................................................... ~ 0s
  2026-05-20 08:48:14 /plugins/dropzone/min/dropzone.min.js ..................................................... ~ 0s
  2026-05-20 08:48:14 /assets/js/datatable/datatable.js ......................................................... ~ 0s
  2026-05-20 08:48:14 /assets/js/datatable/jquery.dataTables.min.js ............................................. ~ 0s
  2026-05-20 08:48:14 /assets/js/datatable/dataTables.buttons.min.js ............................................ ~ 0s
  2026-05-20 08:48:14 /plugins/fontawesome-free/webfonts/fa-solid-900.woff2 ..................................... ~ 0s
  2026-05-20 08:48:14 /plugins/fontawesome-free/webfonts/fa-regular-400.woff2 ................................... ~ 0s
  2026-05-20 08:48:15 /assets/images/demo/favicon.svg ........................................................... ~ 0s
  2026-05-20 08:49:52 ........................................................................................... ~ 0s
  2026-05-20 08:49:52 /plugins/fontawesome-free/css/all.min.css ................................................. ~ 0s
  2026-05-20 08:49:52 /plugins/tempusdominus-bootstrap-4/css/tempusdominus-bootstrap-4.min.css .................. ~ 0s
  2026-05-20 08:49:52 /plugins/icheck-bootstrap/icheck-bootstrap.min.css ........................................ ~ 0s
  2026-05-20 08:49:52 /plugins/jqvmap/jqvmap.min.css ............................................................ ~ 0s
  2026-05-20 08:49:52 /plugins/overlayScrollbars/css/OverlayScrollbars.min.css .................................. ~ 0s
  2026-05-20 08:49:52 /plugins/daterangepicker/daterangepicker.css .............................................. ~ 0s
  2026-05-20 08:49:52 /plugins/summernote/summernote-bs4.min.css ................................................ ~ 0s
  2026-05-20 08:49:52 /plugins/select2/css/select2.min.css ...................................................... ~ 0s
  2026-05-20 08:49:52 /plugins/select2-bootstrap4-theme/select2-bootstrap4.min.css .............................. ~ 0s
  2026-05-20 08:49:52 /dist/css/adminlte.min.css ................................................................ ~ 0s
  2026-05-20 08:49:52 /plugins/dropzone/min/dropzone.min.css .................................................... ~ 0s
  2026-05-20 08:49:52 /assets/css/datatable/datatable.css ....................................................... ~ 0s
  2026-05-20 08:49:52 /assets/css/datatable/buttons.dataTables.min.css .......................................... ~ 0s
  2026-05-20 08:49:52 /css/custom-style.css ..................................................................... ~ 0s
  2026-05-20 08:49:52 /assets/images/demo/logo.svg .............................................................. ~ 0s
  2026-05-20 08:49:52 /plugins/jquery/jquery.min.js ............................................................. ~ 0s
  2026-05-20 08:49:52 /plugins/jquery-ui/jquery-ui.min.js ....................................................... ~ 0s
  2026-05-20 08:49:52 /plugins/bootstrap/js/bootstrap.bundle.min.js ............................................. ~ 0s
  2026-05-20 08:49:52 /plugins/chart.js/Chart.min.js ............................................................ ~ 0s
  2026-05-20 08:49:52 /plugins/sparklines/sparkline.js .......................................................... ~ 0s
  2026-05-20 08:49:52 /plugins/jqvmap/jquery.vmap.min.js ........................................................ ~ 0s
  2026-05-20 08:49:52 /plugins/jqvmap/maps/jquery.vmap.usa.js ................................................... ~ 0s
  2026-05-20 08:49:52 /plugins/jquery-knob/jquery.knob.min.js ................................................... ~ 0s
  2026-05-20 08:49:52 /plugins/moment/moment.min.js ............................................................. ~ 0s
  2026-05-20 08:49:52 /plugins/daterangepicker/daterangepicker.js ............................................... ~ 0s
  2026-05-20 08:49:52 /plugins/tempusdominus-bootstrap-4/js/tempusdominus-bootstrap-4.min.js .................... ~ 0s
  2026-05-20 08:49:52 /plugins/summernote/summernote-bs4.min.js ................................................. ~ 0s
  2026-05-20 08:49:52 /plugins/overlayScrollbars/js/jquery.overlayScrollbars.min.js ............................. ~ 0s
  2026-05-20 08:49:52 /dist/js/adminlte.js ...................................................................... ~ 0s
  2026-05-20 08:49:52 /plugins/select2/js/select2.full.min.js ................................................... ~ 0s
  2026-05-20 08:49:52 /js/custom-script.js ...................................................................... ~ 0s
  2026-05-20 08:49:52 /plugins/dropzone/min/dropzone.min.js ..................................................... ~ 0s
  2026-05-20 08:49:52 /assets/js/datatable/datatable.js ......................................................... ~ 0s
  2026-05-20 08:49:52 /assets/js/datatable/jquery.dataTables.min.js ............................................. ~ 0s
  2026-05-20 08:49:52 /assets/js/datatable/dataTables.buttons.min.js ............................................ ~ 0s
  2026-05-20 08:49:52 /plugins/fontawesome-free/webfonts/fa-solid-900.woff2 ..................................... ~ 0s
  2026-05-20 08:49:52 /plugins/fontawesome-free/webfonts/fa-regular-400.woff2 ................................... ~ 0s
  2026-05-20 08:49:53 /assets/images/demo/favicon.svg ........................................................... ~ 0s
  2026-05-20 08:50:57 ........................................................................................... ~ 8s
  2026-05-20 08:50:57 ........................................................................................... ~ 9s
  2026-05-20 08:51:05 /plugins/fontawesome-free/css/all.min.css ................................................. ~ 1s
  2026-05-20 08:51:06 /plugins/tempusdominus-bootstrap-4/css/tempusdominus-bootstrap-4.min.css .................. ~ 0s
  2026-05-20 08:51:06 /plugins/icheck-bootstrap/icheck-bootstrap.min.css ........................................ ~ 0s
  2026-05-20 08:51:06 /plugins/jqvmap/jqvmap.min.css ............................................................ ~ 0s
  2026-05-20 08:51:06 /plugins/overlayScrollbars/css/OverlayScrollbars.min.css .................................. ~ 0s
  2026-05-20 08:51:06 /plugins/daterangepicker/daterangepicker.css .............................................. ~ 0s
  2026-05-20 08:51:06 /plugins/summernote/summernote-bs4.min.css ................................................ ~ 0s
  2026-05-20 08:51:06 /plugins/select2/css/select2.min.css ...................................................... ~ 0s
  2026-05-20 08:51:06 /dist/css/adminlte.min.css ................................................................ ~ 0s
  2026-05-20 08:51:06 /plugins/select2-bootstrap4-theme/select2-bootstrap4.min.css .............................. ~ 0s
  2026-05-20 08:51:06 /plugins/dropzone/min/dropzone.min.css .................................................... ~ 0s
  2026-05-20 08:51:06 /assets/css/datatable/datatable.css ....................................................... ~ 0s
  2026-05-20 08:51:06 /assets/css/datatable/buttons.dataTables.min.css .......................................... ~ 0s
  2026-05-20 08:51:06 /css/custom-style.css ..................................................................... ~ 0s
  2026-05-20 08:51:06 /assets/images/demo/logo.svg .............................................................. ~ 0s
  2026-05-20 08:51:06 /plugins/jquery/jquery.min.js ............................................................. ~ 0s
  2026-05-20 08:51:06 /plugins/jquery-ui/jquery-ui.min.js ....................................................... ~ 0s
  2026-05-20 08:51:06 /plugins/bootstrap/js/bootstrap.bundle.min.js ............................................. ~ 0s
  2026-05-20 08:51:06 /plugins/chart.js/Chart.min.js ............................................................ ~ 0s
  2026-05-20 08:51:06 /plugins/sparklines/sparkline.js .......................................................... ~ 0s
  2026-05-20 08:51:06 /plugins/jqvmap/jquery.vmap.min.js ........................................................ ~ 0s
  2026-05-20 08:51:06 /plugins/jqvmap/maps/jquery.vmap.usa.js ................................................... ~ 0s
  2026-05-20 08:51:06 /plugins/jquery-knob/jquery.knob.min.js ................................................... ~ 0s
  2026-05-20 08:51:06 /plugins/moment/moment.min.js ............................................................. ~ 0s
  2026-05-20 08:51:06 /plugins/daterangepicker/daterangepicker.js ............................................... ~ 0s
  2026-05-20 08:51:06 /plugins/tempusdominus-bootstrap-4/js/tempusdominus-bootstrap-4.min.js .................... ~ 0s
  2026-05-20 08:51:06 /plugins/summernote/summernote-bs4.min.js ................................................. ~ 0s
  2026-05-20 08:51:06 /plugins/overlayScrollbars/js/jquery.overlayScrollbars.min.js ............................. ~ 0s
  2026-05-20 08:51:06 /dist/js/adminlte.js ...................................................................... ~ 0s
  2026-05-20 08:51:06 /plugins/select2/js/select2.full.min.js ................................................... ~ 0s
  2026-05-20 08:51:06 /js/custom-script.js ...................................................................... ~ 0s
  2026-05-20 08:51:06 /plugins/dropzone/min/dropzone.min.js ..................................................... ~ 0s
  2026-05-20 08:51:06 /assets/js/datatable/jquery.dataTables.min.js ............................................. ~ 0s
  2026-05-20 08:51:06 /assets/js/datatable/datatable.js ......................................................... ~ 0s
  2026-05-20 08:51:06 /assets/js/datatable/dataTables.buttons.min.js ............................................ ~ 0s
  2026-05-20 08:51:06 /plugins/fontawesome-free/webfonts/fa-solid-900.woff2 ..................................... ~ 0s
  2026-05-20 08:51:06 /plugins/fontawesome-free/webfonts/fa-regular-400.woff2 ................................... ~ 0s
  2026-05-20 08:51:07 /assets/images/demo/favicon.svg ........................................................... ~ 0s
  2026-05-20 08:51:27 ........................................................................................... ~ 0s
  2026-05-20 08:51:27 /plugins/fontawesome-free/css/all.min.css ................................................. ~ 0s
  2026-05-20 08:51:27 /plugins/tempusdominus-bootstrap-4/css/tempusdominus-bootstrap-4.min.css .................. ~ 0s
  2026-05-20 08:51:27 /plugins/icheck-bootstrap/icheck-bootstrap.min.css ........................................ ~ 0s
  2026-05-20 08:51:27 /plugins/jqvmap/jqvmap.min.css ............................................................ ~ 0s
  2026-05-20 08:51:27 /plugins/overlayScrollbars/css/OverlayScrollbars.min.css .................................. ~ 0s
  2026-05-20 08:51:27 /plugins/daterangepicker/daterangepicker.css .............................................. ~ 0s
  2026-05-20 08:51:27 /dist/css/adminlte.min.css ................................................................ ~ 0s
  2026-05-20 08:51:27 /plugins/summernote/summernote-bs4.min.css ................................................ ~ 0s
  2026-05-20 08:51:27 /plugins/select2/css/select2.min.css ...................................................... ~ 0s
  2026-05-20 08:51:27 /plugins/select2-bootstrap4-theme/select2-bootstrap4.min.css .............................. ~ 0s
  2026-05-20 08:51:27 /plugins/dropzone/min/dropzone.min.css .................................................... ~ 0s
  2026-05-20 08:51:27 /assets/css/datatable/datatable.css ....................................................... ~ 0s
  2026-05-20 08:51:27 /assets/css/datatable/buttons.dataTables.min.css .......................................... ~ 0s
  2026-05-20 08:51:27 /css/custom-style.css ..................................................................... ~ 0s
  2026-05-20 08:51:27 /assets/images/demo/logo.svg .............................................................. ~ 0s
  2026-05-20 08:51:27 /plugins/jquery/jquery.min.js ............................................................. ~ 0s
  2026-05-20 08:51:27 /plugins/jquery-ui/jquery-ui.min.js ....................................................... ~ 0s
  2026-05-20 08:51:27 /plugins/bootstrap/js/bootstrap.bundle.min.js ............................................. ~ 0s
  2026-05-20 08:51:27 /plugins/chart.js/Chart.min.js ............................................................ ~ 0s
  2026-05-20 08:51:27 /plugins/sparklines/sparkline.js .......................................................... ~ 0s
  2026-05-20 08:51:27 /plugins/jqvmap/jquery.vmap.min.js ........................................................ ~ 0s
  2026-05-20 08:51:27 /plugins/jqvmap/maps/jquery.vmap.usa.js ................................................... ~ 0s
  2026-05-20 08:51:27 /plugins/jquery-knob/jquery.knob.min.js ................................................... ~ 0s
  2026-05-20 08:51:27 /plugins/moment/moment.min.js ............................................................. ~ 0s
  2026-05-20 08:51:27 /plugins/daterangepicker/daterangepicker.js ............................................... ~ 0s
  2026-05-20 08:51:27 /plugins/tempusdominus-bootstrap-4/js/tempusdominus-bootstrap-4.min.js .................... ~ 0s
  2026-05-20 08:51:27 /plugins/summernote/summernote-bs4.min.js ................................................. ~ 0s
  2026-05-20 08:51:27 /plugins/overlayScrollbars/js/jquery.overlayScrollbars.min.js ............................. ~ 0s
  2026-05-20 08:51:27 /dist/js/adminlte.js ...................................................................... ~ 0s
  2026-05-20 08:51:27 /plugins/select2/js/select2.full.min.js ................................................... ~ 0s
  2026-05-20 08:51:27 /js/custom-script.js ...................................................................... ~ 0s
  2026-05-20 08:51:27 /plugins/dropzone/min/dropzone.min.js ..................................................... ~ 0s
  2026-05-20 08:51:27 /assets/js/datatable/jquery.dataTables.min.js ............................................. ~ 0s
  2026-05-20 08:51:27 /assets/js/datatable/datatable.js ......................................................... ~ 0s
  2026-05-20 08:51:27 /assets/js/datatable/dataTables.buttons.min.js ............................................ ~ 0s
  2026-05-20 08:51:27 /plugins/fontawesome-free/webfonts/fa-solid-900.woff2 ..................................... ~ 0s
  2026-05-20 08:51:27 /plugins/fontawesome-free/webfonts/fa-regular-400.woff2 ................................... ~ 0s
  2026-05-20 08:51:27 /assets/images/demo/favicon.svg ........................................................... ~ 0s
  2026-05-20 08:51:43 ........................................................................................... ~ 0s
  2026-05-20 08:51:43 /plugins/fontawesome-free/css/all.min.css ................................................. ~ 0s
  2026-05-20 08:51:43 /plugins/tempusdominus-bootstrap-4/css/tempusdominus-bootstrap-4.min.css .................. ~ 0s
  2026-05-20 08:51:43 /plugins/icheck-bootstrap/icheck-bootstrap.min.css ........................................ ~ 0s
  2026-05-20 08:51:43 /plugins/jqvmap/jqvmap.min.css ............................................................ ~ 0s
  2026-05-20 08:51:43 /plugins/overlayScrollbars/css/OverlayScrollbars.min.css .................................. ~ 0s
  2026-05-20 08:51:43 /plugins/daterangepicker/daterangepicker.css .............................................. ~ 0s
  2026-05-20 08:51:43 /dist/css/adminlte.min.css ................................................................ ~ 0s
  2026-05-20 08:51:43 /plugins/summernote/summernote-bs4.min.css ................................................ ~ 0s
  2026-05-20 08:51:43 /plugins/select2/css/select2.min.css ...................................................... ~ 0s
  2026-05-20 08:51:43 /plugins/select2-bootstrap4-theme/select2-bootstrap4.min.css .............................. ~ 0s
  2026-05-20 08:51:43 /plugins/dropzone/min/dropzone.min.css .................................................... ~ 0s
  2026-05-20 08:51:43 /assets/css/datatable/datatable.css ....................................................... ~ 0s
  2026-05-20 08:51:43 /assets/css/datatable/buttons.dataTables.min.css .......................................... ~ 0s
  2026-05-20 08:51:43 /css/custom-style.css ..................................................................... ~ 0s
  2026-05-20 08:51:43 /assets/images/demo/logo.svg .............................................................. ~ 0s
  2026-05-20 08:51:43 /plugins/jquery/jquery.min.js ............................................................. ~ 0s
  2026-05-20 08:51:43 /plugins/jquery-ui/jquery-ui.min.js ....................................................... ~ 0s
  2026-05-20 08:51:43 /plugins/bootstrap/js/bootstrap.bundle.min.js ............................................. ~ 0s
  2026-05-20 08:51:43 /plugins/chart.js/Chart.min.js ............................................................ ~ 0s
  2026-05-20 08:51:43 /plugins/sparklines/sparkline.js .......................................................... ~ 0s
  2026-05-20 08:51:43 /plugins/jqvmap/jquery.vmap.min.js ........................................................ ~ 0s
  2026-05-20 08:51:43 /plugins/jqvmap/maps/jquery.vmap.usa.js ................................................... ~ 0s
  2026-05-20 08:51:43 /plugins/jquery-knob/jquery.knob.min.js ................................................... ~ 0s
  2026-05-20 08:51:43 /plugins/moment/moment.min.js ............................................................. ~ 0s
  2026-05-20 08:51:43 /plugins/daterangepicker/daterangepicker.js ............................................... ~ 0s
  2026-05-20 08:51:43 /plugins/tempusdominus-bootstrap-4/js/tempusdominus-bootstrap-4.min.js .................... ~ 0s
  2026-05-20 08:51:43 /plugins/summernote/summernote-bs4.min.js ................................................. ~ 0s
  2026-05-20 08:51:43 /plugins/overlayScrollbars/js/jquery.overlayScrollbars.min.js ............................. ~ 0s
  2026-05-20 08:51:43 /dist/js/adminlte.js ...................................................................... ~ 0s
  2026-05-20 08:51:43 /plugins/select2/js/select2.full.min.js ................................................... ~ 0s
  2026-05-20 08:51:43 /js/custom-script.js ...................................................................... ~ 0s
  2026-05-20 08:51:43 /plugins/dropzone/min/dropzone.min.js ..................................................... ~ 0s
  2026-05-20 08:51:43 /assets/js/datatable/datatable.js ......................................................... ~ 0s
  2026-05-20 08:51:43 /assets/js/datatable/jquery.dataTables.min.js ............................................. ~ 0s
  2026-05-20 08:51:43 /assets/js/datatable/dataTables.buttons.min.js ............................................ ~ 0s
  2026-05-20 08:51:43 /plugins/fontawesome-free/webfonts/fa-solid-900.woff2 ..................................... ~ 0s
  2026-05-20 08:51:43 /plugins/fontawesome-free/webfonts/fa-regular-400.woff2 ................................... ~ 0s
  2026-05-20 08:51:43 /assets/images/demo/favicon.svg ........................................................... ~ 0s
  2026-05-20 09:04:49 ........................................................................................... ~ 1s
  2026-05-20 09:04:49 /plugins/fontawesome-free/css/all.min.css ................................................. ~ 1s
  2026-05-20 09:04:50 /plugins/tempusdominus-bootstrap-4/css/tempusdominus-bootstrap-4.min.css .................. ~ 0s
  2026-05-20 09:04:50 /plugins/icheck-bootstrap/icheck-bootstrap.min.css ........................................ ~ 0s
  2026-05-20 09:04:50 /plugins/jqvmap/jqvmap.min.css ............................................................ ~ 0s
  2026-05-20 09:04:50 /plugins/overlayScrollbars/css/OverlayScrollbars.min.css .................................. ~ 0s
  2026-05-20 09:04:50 /plugins/daterangepicker/daterangepicker.css .............................................. ~ 0s
  2026-05-20 09:04:50 /plugins/summernote/summernote-bs4.min.css ................................................ ~ 0s
  2026-05-20 09:04:50 /plugins/select2/css/select2.min.css ...................................................... ~ 0s
  2026-05-20 09:04:50 /plugins/select2-bootstrap4-theme/select2-bootstrap4.min.css .............................. ~ 0s
  2026-05-20 09:04:50 /plugins/dropzone/min/dropzone.min.css .................................................... ~ 0s
  2026-05-20 09:04:50 /assets/css/datatable/datatable.css ....................................................... ~ 0s
  2026-05-20 09:04:50 /assets/css/datatable/buttons.dataTables.min.css .......................................... ~ 0s
  2026-05-20 09:04:50 /dist/css/adminlte.min.css ................................................................ ~ 0s
  2026-05-20 09:04:50 /css/custom-style.css ..................................................................... ~ 0s
  2026-05-20 09:04:50 ........................................................................................... ~ 0s
  2026-05-20 09:04:50 ........................................................................................... ~ 0s
  2026-05-20 09:04:50 /assets/images/demo/logo.svg .............................................................. ~ 0s
  2026-05-20 09:04:50 /plugins/jquery/jquery.min.js ............................................................. ~ 0s
  2026-05-20 09:04:50 /plugins/jquery-ui/jquery-ui.min.js ....................................................... ~ 0s
  2026-05-20 09:04:50 /plugins/bootstrap/js/bootstrap.bundle.min.js ............................................. ~ 0s
  2026-05-20 09:04:50 /plugins/chart.js/Chart.min.js ............................................................ ~ 0s
  2026-05-20 09:04:50 /plugins/sparklines/sparkline.js .......................................................... ~ 0s
  2026-05-20 09:04:50 /plugins/jqvmap/jquery.vmap.min.js ........................................................ ~ 0s
  2026-05-20 09:04:50 /plugins/jqvmap/maps/jquery.vmap.usa.js ................................................... ~ 0s
  2026-05-20 09:04:50 /plugins/jquery-knob/jquery.knob.min.js ................................................... ~ 0s
  2026-05-20 09:04:50 /plugins/moment/moment.min.js ............................................................. ~ 0s
  2026-05-20 09:04:50 /plugins/daterangepicker/daterangepicker.js ............................................... ~ 0s
  2026-05-20 09:04:50 /plugins/fontawesome-free/webfonts/fa-solid-900.woff2 ..................................... ~ 0s
  2026-05-20 09:04:50 /plugins/fontawesome-free/webfonts/fa-regular-400.woff2 ................................... ~ 0s
  2026-05-20 09:04:50 /plugins/tempusdominus-bootstrap-4/js/tempusdominus-bootstrap-4.min.js .................... ~ 0s
  2026-05-20 09:04:50 /plugins/summernote/summernote-bs4.min.js ................................................. ~ 0s
  2026-05-20 09:04:50 /plugins/overlayScrollbars/js/jquery.overlayScrollbars.min.js ............................. ~ 0s
  2026-05-20 09:04:50 /dist/js/adminlte.js ...................................................................... ~ 0s
  2026-05-20 09:04:50 /plugins/select2/js/select2.full.min.js ................................................... ~ 0s
  2026-05-20 09:04:50 /js/custom-script.js ...................................................................... ~ 0s
  2026-05-20 09:04:50 /plugins/dropzone/min/dropzone.min.js ..................................................... ~ 0s
  2026-05-20 09:04:50 /assets/js/datatable/jquery.dataTables.min.js ............................................. ~ 0s
  2026-05-20 09:04:50 /assets/js/datatable/dataTables.buttons.min.js ............................................ ~ 0s
  2026-05-20 09:04:50 /assets/js/datatable/datatable.js ......................................................... ~ 0s
  2026-05-20 09:04:51 /assets/images/demo/favicon.svg ........................................................... ~ 0s
  2026-05-20 09:05:13 ........................................................................................... ~ 1s
  2026-05-20 09:05:14 ........................................................................................... ~ 0s
  2026-05-20 09:05:14 ........................................................................................... ~ 0s
  2026-05-20 09:05:14 /plugins/fontawesome-free/css/all.min.css ................................................. ~ 0s
  2026-05-20 09:05:14 /plugins/tempusdominus-bootstrap-4/css/tempusdominus-bootstrap-4.min.css .................. ~ 0s
  2026-05-20 09:05:14 /plugins/icheck-bootstrap/icheck-bootstrap.min.css ........................................ ~ 0s
  2026-05-20 09:05:14 /plugins/jqvmap/jqvmap.min.css ............................................................ ~ 0s
  2026-05-20 09:05:14 /plugins/overlayScrollbars/css/OverlayScrollbars.min.css .................................. ~ 0s
  2026-05-20 09:05:14 /plugins/daterangepicker/daterangepicker.css .............................................. ~ 0s
  2026-05-20 09:05:14 /plugins/summernote/summernote-bs4.min.css ................................................ ~ 0s
  2026-05-20 09:05:14 /plugins/select2/css/select2.min.css ...................................................... ~ 0s
  2026-05-20 09:05:14 /plugins/select2-bootstrap4-theme/select2-bootstrap4.min.css .............................. ~ 0s
  2026-05-20 09:05:14 /plugins/dropzone/min/dropzone.min.css .................................................... ~ 0s
  2026-05-20 09:05:14 /assets/css/datatable/datatable.css ....................................................... ~ 0s
  2026-05-20 09:05:14 /dist/css/adminlte.min.css ................................................................ ~ 0s
  2026-05-20 09:05:14 /assets/css/datatable/buttons.dataTables.min.css .......................................... ~ 0s
  2026-05-20 09:05:14 /css/custom-style.css ..................................................................... ~ 0s
  2026-05-20 09:05:14 /assets/images/demo/logo.svg .............................................................. ~ 0s
  2026-05-20 09:05:14 /plugins/jquery/jquery.min.js ............................................................. ~ 0s
  2026-05-20 09:05:14 /plugins/jquery-ui/jquery-ui.min.js ....................................................... ~ 0s
  2026-05-20 09:05:14 /plugins/bootstrap/js/bootstrap.bundle.min.js ............................................. ~ 0s
  2026-05-20 09:05:14 /plugins/chart.js/Chart.min.js ............................................................ ~ 0s
  2026-05-20 09:05:14 /plugins/sparklines/sparkline.js .......................................................... ~ 0s
  2026-05-20 09:05:14 /plugins/jqvmap/jquery.vmap.min.js ........................................................ ~ 0s
  2026-05-20 09:05:14 /plugins/jqvmap/maps/jquery.vmap.usa.js ................................................... ~ 0s
  2026-05-20 09:05:14 /plugins/jquery-knob/jquery.knob.min.js ................................................... ~ 0s
  2026-05-20 09:05:14 /plugins/moment/moment.min.js ............................................................. ~ 0s
  2026-05-20 09:05:14 /plugins/daterangepicker/daterangepicker.js ............................................... ~ 0s
  2026-05-20 09:05:14 /plugins/tempusdominus-bootstrap-4/js/tempusdominus-bootstrap-4.min.js .................... ~ 0s
  2026-05-20 09:05:14 /plugins/summernote/summernote-bs4.min.js ................................................. ~ 0s
  2026-05-20 09:05:14 /plugins/overlayScrollbars/js/jquery.overlayScrollbars.min.js ............................. ~ 0s
  2026-05-20 09:05:14 /dist/js/adminlte.js ...................................................................... ~ 0s
  2026-05-20 09:05:14 /plugins/select2/js/select2.full.min.js ................................................... ~ 0s
  2026-05-20 09:05:14 /plugins/fontawesome-free/webfonts/fa-solid-900.woff2 ..................................... ~ 0s
  2026-05-20 09:05:14 /plugins/fontawesome-free/webfonts/fa-regular-400.woff2 ................................... ~ 0s
  2026-05-20 09:05:14 /js/custom-script.js ...................................................................... ~ 0s
  2026-05-20 09:05:14 /plugins/dropzone/min/dropzone.min.js ..................................................... ~ 0s
  2026-05-20 09:05:14 /assets/js/datatable/jquery.dataTables.min.js ............................................. ~ 0s
  2026-05-20 09:05:14 /assets/js/datatable/dataTables.buttons.min.js ............................................ ~ 0s
  2026-05-20 09:05:14 /assets/js/datatable/datatable.js ......................................................... ~ 0s
  2026-05-20 09:05:17 ........................................................................................... ~ 0s
  2026-05-20 09:05:17 ........................................................................................... ~ 0s
  2026-05-20 09:05:17 ........................................................................................... ~ 0s
  2026-05-20 09:05:17 /assets/css/back-top/backToTop.css ........................................................ ~ 0s
  2026-05-20 09:05:17 /assets/css/bootstrap/bootstrap.min.css ................................................... ~ 0s
  2026-05-20 09:05:17 /assets/images/demo/auth/login.svg ........................................................ ~ 0s
  2026-05-20 09:05:17 /assets/css/style.min.css ................................................................. ~ 0s
  2026-05-20 09:05:17 /assets/images/demo/logo.svg .............................................................. ~ 0s
  2026-05-20 09:05:17 /assets/js/bootstrap/bootstrap.bundle.min.js .............................................. ~ 0s
  2026-05-20 09:05:17 /assets/js/tooltip/tooltip.js ............................................................. ~ 0s
  2026-05-20 09:05:17 /assets/js/back-top/backToTop.js .......................................................... ~ 0s
  2026-05-20 09:05:17 /assets/js/back-top/backtop.js ............................................................ ~ 0s
  2026-05-20 09:05:17 /assets/js/copyright/copyright.js ......................................................... ~ 0s
  2026-05-20 09:05:17 /assets/js/validation/validation.js ....................................................... ~ 0s
  2026-05-20 09:05:17 /assets/cursor/chevron-up-solid.svg ....................................................... ~ 0s
  2026-05-20 09:05:17 /assets/images/demo/logo.svg .............................................................. ~ 0s
  2026-05-20 09:05:31 ........................................................................................... ~ 0s
  2026-05-20 09:05:31 ........................................................................................... ~ 1s
  2026-05-20 09:05:32 /plugins/fontawesome-free/css/all.min.css ................................................. ~ 0s
  2026-05-20 09:05:32 /plugins/tempusdominus-bootstrap-4/css/tempusdominus-bootstrap-4.min.css .................. ~ 0s
  2026-05-20 09:05:32 /plugins/icheck-bootstrap/icheck-bootstrap.min.css ........................................ ~ 0s
  2026-05-20 09:05:32 /plugins/jqvmap/jqvmap.min.css ............................................................ ~ 0s
  2026-05-20 09:05:32 /plugins/overlayScrollbars/css/OverlayScrollbars.min.css .................................. ~ 0s
  2026-05-20 09:05:32 /plugins/daterangepicker/daterangepicker.css .............................................. ~ 0s
  2026-05-20 09:05:32 /plugins/summernote/summernote-bs4.min.css ................................................ ~ 0s
  2026-05-20 09:05:32 /plugins/select2/css/select2.min.css ...................................................... ~ 0s
  2026-05-20 09:05:32 /plugins/select2-bootstrap4-theme/select2-bootstrap4.min.css .............................. ~ 0s
  2026-05-20 09:05:32 /dist/css/adminlte.min.css ................................................................ ~ 0s
  2026-05-20 09:05:32 /plugins/dropzone/min/dropzone.min.css .................................................... ~ 0s
  2026-05-20 09:05:32 /assets/css/datatable/datatable.css ....................................................... ~ 0s
  2026-05-20 09:05:32 /assets/css/datatable/buttons.dataTables.min.css .......................................... ~ 0s
  2026-05-20 09:05:32 /css/custom-style.css ..................................................................... ~ 0s
  2026-05-20 09:05:32 /assets/images/demo/logo.svg .............................................................. ~ 0s
  2026-05-20 09:05:32 /plugins/jquery/jquery.min.js ............................................................. ~ 0s
  2026-05-20 09:05:32 /plugins/jquery-ui/jquery-ui.min.js ....................................................... ~ 0s
  2026-05-20 09:05:32 /plugins/bootstrap/js/bootstrap.bundle.min.js ............................................. ~ 0s
  2026-05-20 09:05:32 /plugins/chart.js/Chart.min.js ............................................................ ~ 0s
  2026-05-20 09:05:32 /plugins/sparklines/sparkline.js .......................................................... ~ 0s
  2026-05-20 09:05:32 /plugins/jqvmap/jquery.vmap.min.js ........................................................ ~ 0s
  2026-05-20 09:05:32 /plugins/jqvmap/maps/jquery.vmap.usa.js ................................................... ~ 0s
  2026-05-20 09:05:32 /plugins/jquery-knob/jquery.knob.min.js ................................................... ~ 0s
  2026-05-20 09:05:32 /plugins/moment/moment.min.js ............................................................. ~ 0s
  2026-05-20 09:05:32 /plugins/daterangepicker/daterangepicker.js ............................................... ~ 0s
  2026-05-20 09:05:32 /plugins/tempusdominus-bootstrap-4/js/tempusdominus-bootstrap-4.min.js .................... ~ 0s
  2026-05-20 09:05:32 /plugins/summernote/summernote-bs4.min.js ................................................. ~ 0s
  2026-05-20 09:05:32 /plugins/overlayScrollbars/js/jquery.overlayScrollbars.min.js ............................. ~ 0s
  2026-05-20 09:05:32 /dist/js/adminlte.js ...................................................................... ~ 0s
  2026-05-20 09:05:32 /plugins/select2/js/select2.full.min.js ................................................... ~ 0s
  2026-05-20 09:05:32 /js/custom-script.js ...................................................................... ~ 0s
  2026-05-20 09:05:32 /plugins/dropzone/min/dropzone.min.js ..................................................... ~ 0s
  2026-05-20 09:05:32 /assets/js/datatable/jquery.dataTables.min.js ............................................. ~ 0s
  2026-05-20 09:05:32 /assets/js/datatable/dataTables.buttons.min.js ............................................ ~ 0s
  2026-05-20 09:05:32 /assets/js/datatable/datatable.js ......................................................... ~ 0s
  2026-05-20 09:05:32 /plugins/fontawesome-free/webfonts/fa-solid-900.woff2 ..................................... ~ 0s
  2026-05-20 09:05:32 /plugins/fontawesome-free/webfonts/fa-regular-400.woff2 ................................... ~ 0s
  2026-05-20 09:05:34 ........................................................................................... ~ 0s
  2026-05-20 09:05:34 /plugins/fontawesome-free/css/all.min.css ................................................. ~ 0s
  2026-05-20 09:05:34 /plugins/tempusdominus-bootstrap-4/css/tempusdominus-bootstrap-4.min.css .................. ~ 0s
  2026-05-20 09:05:34 /plugins/icheck-bootstrap/icheck-bootstrap.min.css ........................................ ~ 0s
  2026-05-20 09:05:34 /plugins/jqvmap/jqvmap.min.css ............................................................ ~ 0s
  2026-05-20 09:05:34 /plugins/overlayScrollbars/css/OverlayScrollbars.min.css .................................. ~ 0s
  2026-05-20 09:05:34 /plugins/daterangepicker/daterangepicker.css .............................................. ~ 0s
  2026-05-20 09:05:34 /plugins/summernote/summernote-bs4.min.css ................................................ ~ 0s
  2026-05-20 09:05:34 /plugins/select2/css/select2.min.css ...................................................... ~ 0s
  2026-05-20 09:05:34 /plugins/select2-bootstrap4-theme/select2-bootstrap4.min.css .............................. ~ 0s
  2026-05-20 09:05:34 /dist/css/adminlte.min.css ................................................................ ~ 0s
  2026-05-20 09:05:34 /plugins/dropzone/min/dropzone.min.css .................................................... ~ 0s
  2026-05-20 09:05:34 /assets/css/datatable/datatable.css ....................................................... ~ 0s
  2026-05-20 09:05:34 /assets/css/datatable/buttons.dataTables.min.css .......................................... ~ 0s
  2026-05-20 09:05:34 /css/custom-style.css ..................................................................... ~ 0s
  2026-05-20 09:05:34 /assets/images/demo/logo.svg .............................................................. ~ 0s
  2026-05-20 09:05:34 /plugins/jquery/jquery.min.js ............................................................. ~ 0s
  2026-05-20 09:05:34 /plugins/jquery-ui/jquery-ui.min.js ....................................................... ~ 0s
  2026-05-20 09:05:34 /plugins/bootstrap/js/bootstrap.bundle.min.js ............................................. ~ 0s
  2026-05-20 09:05:34 /plugins/chart.js/Chart.min.js ............................................................ ~ 0s
  2026-05-20 09:05:34 /plugins/sparklines/sparkline.js .......................................................... ~ 0s
  2026-05-20 09:05:34 /plugins/jqvmap/jquery.vmap.min.js ........................................................ ~ 0s
  2026-05-20 09:05:34 /plugins/jqvmap/maps/jquery.vmap.usa.js ................................................... ~ 0s
  2026-05-20 09:05:34 /plugins/jquery-knob/jquery.knob.min.js ................................................... ~ 0s
  2026-05-20 09:05:34 /plugins/moment/moment.min.js ............................................................. ~ 0s
  2026-05-20 09:05:34 /plugins/daterangepicker/daterangepicker.js ............................................... ~ 0s
  2026-05-20 09:05:34 /plugins/tempusdominus-bootstrap-4/js/tempusdominus-bootstrap-4.min.js .................... ~ 0s
  2026-05-20 09:05:34 /plugins/summernote/summernote-bs4.min.js ................................................. ~ 0s
  2026-05-20 09:05:34 /plugins/overlayScrollbars/js/jquery.overlayScrollbars.min.js ............................. ~ 0s
  2026-05-20 09:05:34 /dist/js/adminlte.js ...................................................................... ~ 0s
  2026-05-20 09:05:34 /plugins/select2/js/select2.full.min.js ................................................... ~ 0s
  2026-05-20 09:05:34 /js/custom-script.js ...................................................................... ~ 0s
  2026-05-20 09:05:34 /plugins/dropzone/min/dropzone.min.js ..................................................... ~ 0s
  2026-05-20 09:05:34 /assets/js/datatable/jquery.dataTables.min.js ............................................. ~ 0s
  2026-05-20 09:05:34 /plugins/fontawesome-free/webfonts/fa-solid-900.woff2 ..................................... ~ 0s
  2026-05-20 09:05:34 /assets/js/datatable/dataTables.buttons.min.js ............................................ ~ 0s
  2026-05-20 09:05:34 /assets/js/datatable/datatable.js ......................................................... ~ 0s
  2026-05-20 09:05:34 ........................................................................................... ~ 1s
  2026-05-20 09:05:35 ........................................................................................... ~ 0s
  2026-05-20 09:05:35 ........................................................................................... ~ 0s
  2026-05-20 09:05:35 ........................................................................................... ~ 0s
  2026-05-20 09:05:35 ........................................................................................... ~ 0s
  2026-05-20 09:05:35 ........................................................................................... ~ 0s
  2026-05-20 09:05:35 /assets/images/demo/products/mala-pork-belly.svg .......................................... ~ 0s
  2026-05-20 09:05:35 ........................................................................................... ~ 1s
  2026-05-20 09:05:35 /assets/images/demo/products/mala-beef.svg ................................................ ~ 1s
  2026-05-20 09:05:35 /assets/images/demo/products/mala-cheese-sausage.svg ...................................... ~ 1s
  2026-05-20 09:05:35 /assets/images/demo/products/set-mala-l.svg ............................................... ~ 1s
  2026-05-20 09:05:36 /assets/images/demo/products/drink-thai-milk-tea.svg ...................................... ~ 0s
  2026-05-20 09:05:36 /assets/images/demo/products/drink-longan.svg ............................................. ~ 0s
  2026-05-20 09:05:36 /assets/images/demo/products/mala-enoki.svg ............................................... ~ 0s
  2026-05-20 09:05:36 /assets/images/demo/products/drink-water.svg .............................................. ~ 0s
  2026-05-20 09:05:36 /assets/images/demo/products/set-mala-s.svg ............................................... ~ 0s
  2026-05-20 09:05:36 ........................................................................................... ~ 0s
  2026-05-20 09:05:36 /assets/images/demo/products/mala-fish-tofu.svg ........................................... ~ 0s
  2026-05-20 09:05:36 /assets/images/demo/products/drink-lemon-tea.svg .......................................... ~ 0s
  2026-05-20 09:05:36 /assets/images/demo/products/set-mala-m.svg ............................................... ~ 0s
  2026-05-20 09:05:43 ........................................................................................... ~ 0s
  2026-05-20 09:05:43 /plugins/fontawesome-free/css/all.min.css ................................................. ~ 0s
  2026-05-20 09:05:43 /plugins/tempusdominus-bootstrap-4/css/tempusdominus-bootstrap-4.min.css .................. ~ 0s
  2026-05-20 09:05:43 /plugins/icheck-bootstrap/icheck-bootstrap.min.css ........................................ ~ 0s
  2026-05-20 09:05:43 /plugins/jqvmap/jqvmap.min.css ............................................................ ~ 0s
  2026-05-20 09:05:43 /plugins/overlayScrollbars/css/OverlayScrollbars.min.css .................................. ~ 0s
  2026-05-20 09:05:43 /plugins/daterangepicker/daterangepicker.css .............................................. ~ 0s
  2026-05-20 09:05:43 /plugins/summernote/summernote-bs4.min.css ................................................ ~ 0s
  2026-05-20 09:05:43 /plugins/select2/css/select2.min.css ...................................................... ~ 0s
  2026-05-20 09:05:43 /plugins/select2-bootstrap4-theme/select2-bootstrap4.min.css .............................. ~ 0s
  2026-05-20 09:05:43 /plugins/dropzone/min/dropzone.min.css .................................................... ~ 0s
  2026-05-20 09:05:43 /assets/css/datatable/datatable.css ....................................................... ~ 0s
  2026-05-20 09:05:43 /dist/css/adminlte.min.css ................................................................ ~ 0s
  2026-05-20 09:05:43 /assets/css/datatable/buttons.dataTables.min.css .......................................... ~ 0s
  2026-05-20 09:05:43 /css/custom-style.css ..................................................................... ~ 0s
  2026-05-20 09:05:43 /assets/images/demo/logo.svg .............................................................. ~ 0s
  2026-05-20 09:05:43 /plugins/jquery/jquery.min.js ............................................................. ~ 0s
  2026-05-20 09:05:43 /plugins/jquery-ui/jquery-ui.min.js ....................................................... ~ 0s
  2026-05-20 09:05:43 /plugins/bootstrap/js/bootstrap.bundle.min.js ............................................. ~ 0s
  2026-05-20 09:05:43 /plugins/chart.js/Chart.min.js ............................................................ ~ 0s
  2026-05-20 09:05:43 /plugins/sparklines/sparkline.js .......................................................... ~ 0s
  2026-05-20 09:05:43 /plugins/jqvmap/jquery.vmap.min.js ........................................................ ~ 0s
  2026-05-20 09:05:43 /plugins/jqvmap/maps/jquery.vmap.usa.js ................................................... ~ 0s
  2026-05-20 09:05:43 /plugins/jquery-knob/jquery.knob.min.js ................................................... ~ 0s
  2026-05-20 09:05:43 /plugins/moment/moment.min.js ............................................................. ~ 0s
  2026-05-20 09:05:43 /plugins/daterangepicker/daterangepicker.js ............................................... ~ 0s
  2026-05-20 09:05:43 /plugins/tempusdominus-bootstrap-4/js/tempusdominus-bootstrap-4.min.js .................... ~ 0s
  2026-05-20 09:05:43 /plugins/summernote/summernote-bs4.min.js ................................................. ~ 0s
  2026-05-20 09:05:43 /plugins/overlayScrollbars/js/jquery.overlayScrollbars.min.js ............................. ~ 0s
  2026-05-20 09:05:43 /dist/js/adminlte.js ...................................................................... ~ 0s
  2026-05-20 09:05:43 /plugins/select2/js/select2.full.min.js ................................................... ~ 0s
  2026-05-20 09:05:43 /js/custom-script.js ...................................................................... ~ 0s
  2026-05-20 09:05:43 /plugins/fontawesome-free/webfonts/fa-solid-900.woff2 ..................................... ~ 0s
  2026-05-20 09:05:43 /plugins/dropzone/min/dropzone.min.js ..................................................... ~ 0s
  2026-05-20 09:05:43 /assets/js/datatable/jquery.dataTables.min.js ............................................. ~ 0s
  2026-05-20 09:05:43 /assets/js/datatable/dataTables.buttons.min.js ............................................ ~ 0s
  2026-05-20 09:05:43 /assets/js/datatable/datatable.js ......................................................... ~ 0s
  2026-05-20 09:05:43 ........................................................................................... ~ 0s
  2026-05-20 09:05:43 ........................................................................................... ~ 0s
  2026-05-20 09:05:44 ........................................................................................... ~ 0s
  2026-05-20 09:05:44 /plugins/fontawesome-free/css/all.min.css ................................................. ~ 0s
  2026-05-20 09:05:44 /plugins/tempusdominus-bootstrap-4/css/tempusdominus-bootstrap-4.min.css .................. ~ 0s
  2026-05-20 09:05:44 /plugins/icheck-bootstrap/icheck-bootstrap.min.css ........................................ ~ 0s
  2026-05-20 09:05:44 /plugins/jqvmap/jqvmap.min.css ............................................................ ~ 0s
  2026-05-20 09:05:44 /plugins/overlayScrollbars/css/OverlayScrollbars.min.css .................................. ~ 0s
  2026-05-20 09:05:44 /plugins/daterangepicker/daterangepicker.css .............................................. ~ 0s
  2026-05-20 09:05:44 /plugins/summernote/summernote-bs4.min.css ................................................ ~ 0s
  2026-05-20 09:05:44 /plugins/select2/css/select2.min.css ...................................................... ~ 0s
  2026-05-20 09:05:44 /plugins/select2-bootstrap4-theme/select2-bootstrap4.min.css .............................. ~ 0s
  2026-05-20 09:05:44 /plugins/dropzone/min/dropzone.min.css .................................................... ~ 0s
  2026-05-20 09:05:44 /assets/css/datatable/datatable.css ....................................................... ~ 0s
  2026-05-20 09:05:44 /assets/css/datatable/buttons.dataTables.min.css .......................................... ~ 0s
  2026-05-20 09:05:44 /dist/css/adminlte.min.css ................................................................ ~ 0s
  2026-05-20 09:05:44 /css/custom-style.css ..................................................................... ~ 0s
  2026-05-20 09:05:44 /assets/images/demo/logo.svg .............................................................. ~ 0s
  2026-05-20 09:05:44 /plugins/jquery/jquery.min.js ............................................................. ~ 0s
  2026-05-20 09:05:44 /plugins/jquery-ui/jquery-ui.min.js ....................................................... ~ 0s
  2026-05-20 09:05:44 /plugins/bootstrap/js/bootstrap.bundle.min.js ............................................. ~ 0s
  2026-05-20 09:05:44 /plugins/chart.js/Chart.min.js ............................................................ ~ 0s
  2026-05-20 09:05:44 /plugins/sparklines/sparkline.js .......................................................... ~ 0s
  2026-05-20 09:05:44 /plugins/jqvmap/jquery.vmap.min.js ........................................................ ~ 0s
  2026-05-20 09:05:44 /plugins/jqvmap/maps/jquery.vmap.usa.js ................................................... ~ 0s
  2026-05-20 09:05:44 /plugins/jquery-knob/jquery.knob.min.js ................................................... ~ 0s
  2026-05-20 09:05:44 /plugins/moment/moment.min.js ............................................................. ~ 0s
  2026-05-20 09:05:44 /plugins/daterangepicker/daterangepicker.js ............................................... ~ 0s
  2026-05-20 09:05:44 /plugins/tempusdominus-bootstrap-4/js/tempusdominus-bootstrap-4.min.js .................... ~ 0s
  2026-05-20 09:05:44 /plugins/summernote/summernote-bs4.min.js ................................................. ~ 0s
  2026-05-20 09:05:44 /plugins/overlayScrollbars/js/jquery.overlayScrollbars.min.js ............................. ~ 0s
  2026-05-20 09:05:44 /dist/js/adminlte.js ...................................................................... ~ 0s
  2026-05-20 09:05:44 /plugins/select2/js/select2.full.min.js ................................................... ~ 0s
  2026-05-20 09:05:44 /plugins/fontawesome-free/webfonts/fa-solid-900.woff2 ..................................... ~ 0s
  2026-05-20 09:05:44 /js/custom-script.js ...................................................................... ~ 0s
  2026-05-20 09:05:44 /plugins/dropzone/min/dropzone.min.js ..................................................... ~ 0s
  2026-05-20 09:05:44 /assets/js/datatable/jquery.dataTables.min.js ............................................. ~ 0s
  2026-05-20 09:05:44 /assets/js/datatable/dataTables.buttons.min.js ............................................ ~ 0s
  2026-05-20 09:05:44 /assets/js/datatable/datatable.js ......................................................... ~ 0s
  2026-05-20 09:05:44 ........................................................................................... ~ 1s
  2026-05-20 09:05:45 ........................................................................................... ~ 0s
  2026-05-20 09:05:49 ........................................................................................... ~ 0s
  2026-05-20 09:05:49 /plugins/fontawesome-free/css/all.min.css ................................................. ~ 0s
  2026-05-20 09:05:49 /plugins/tempusdominus-bootstrap-4/css/tempusdominus-bootstrap-4.min.css .................. ~ 0s
  2026-05-20 09:05:49 /plugins/icheck-bootstrap/icheck-bootstrap.min.css ........................................ ~ 0s
  2026-05-20 09:05:49 /plugins/jqvmap/jqvmap.min.css ............................................................ ~ 0s
  2026-05-20 09:05:49 /plugins/overlayScrollbars/css/OverlayScrollbars.min.css .................................. ~ 0s
  2026-05-20 09:05:49 /plugins/daterangepicker/daterangepicker.css .............................................. ~ 0s
  2026-05-20 09:05:49 /plugins/summernote/summernote-bs4.min.css ................................................ ~ 0s
  2026-05-20 09:05:49 /plugins/select2/css/select2.min.css ...................................................... ~ 0s
  2026-05-20 09:05:49 /plugins/select2-bootstrap4-theme/select2-bootstrap4.min.css .............................. ~ 0s
  2026-05-20 09:05:49 /plugins/dropzone/min/dropzone.min.css .................................................... ~ 0s
  2026-05-20 09:05:49 /dist/css/adminlte.min.css ................................................................ ~ 0s
  2026-05-20 09:05:49 /assets/css/datatable/datatable.css ....................................................... ~ 0s
  2026-05-20 09:05:49 /assets/css/datatable/buttons.dataTables.min.css .......................................... ~ 0s
  2026-05-20 09:05:49 /css/custom-style.css ..................................................................... ~ 0s
  2026-05-20 09:05:49 /assets/images/demo/logo.svg .............................................................. ~ 0s
  2026-05-20 09:05:49 /plugins/jquery/jquery.min.js ............................................................. ~ 0s
  2026-05-20 09:05:49 /plugins/jquery-ui/jquery-ui.min.js ....................................................... ~ 0s
  2026-05-20 09:05:49 /plugins/bootstrap/js/bootstrap.bundle.min.js ............................................. ~ 0s
  2026-05-20 09:05:49 /plugins/chart.js/Chart.min.js ............................................................ ~ 0s
  2026-05-20 09:05:49 /plugins/sparklines/sparkline.js .......................................................... ~ 0s
  2026-05-20 09:05:49 /plugins/jqvmap/jquery.vmap.min.js ........................................................ ~ 0s
  2026-05-20 09:05:49 /plugins/jqvmap/maps/jquery.vmap.usa.js ................................................... ~ 0s
  2026-05-20 09:05:49 /plugins/jquery-knob/jquery.knob.min.js ................................................... ~ 0s
  2026-05-20 09:05:49 /plugins/moment/moment.min.js ............................................................. ~ 0s
  2026-05-20 09:05:49 /plugins/daterangepicker/daterangepicker.js ............................................... ~ 0s
  2026-05-20 09:05:49 /plugins/tempusdominus-bootstrap-4/js/tempusdominus-bootstrap-4.min.js .................... ~ 0s
  2026-05-20 09:05:49 /plugins/summernote/summernote-bs4.min.js ................................................. ~ 0s
  2026-05-20 09:05:49 /plugins/overlayScrollbars/js/jquery.overlayScrollbars.min.js ............................. ~ 0s
  2026-05-20 09:05:49 /dist/js/adminlte.js ...................................................................... ~ 0s
  2026-05-20 09:05:49 /plugins/select2/js/select2.full.min.js ................................................... ~ 0s
  2026-05-20 09:05:49 /plugins/fontawesome-free/webfonts/fa-solid-900.woff2 ..................................... ~ 0s
  2026-05-20 09:05:49 /js/custom-script.js ...................................................................... ~ 0s
  2026-05-20 09:05:49 /plugins/dropzone/min/dropzone.min.js ..................................................... ~ 0s
  2026-05-20 09:05:49 /assets/js/datatable/jquery.dataTables.min.js ............................................. ~ 0s
  2026-05-20 09:05:49 /assets/js/datatable/dataTables.buttons.min.js ............................................ ~ 0s
  2026-05-20 09:05:49 /assets/js/datatable/datatable.js ......................................................... ~ 0s
  2026-05-20 09:05:49 ........................................................................................... ~ 0s
  2026-05-20 09:05:49 ........................................................................................... ~ 0s
  2026-05-20 09:05:49 /assets/images/demo/products/mala-pork-belly.svg .......................................... ~ 0s
  2026-05-20 09:05:49 /assets/images/demo/products/mala-beef.svg ................................................ ~ 0s
  2026-05-20 09:05:49 /assets/images/demo/products/mala-cheese-sausage.svg ...................................... ~ 0s
  2026-05-20 09:05:49 /assets/images/demo/products/mala-enoki.svg ............................................... ~ 0s
  2026-05-20 09:05:49 /assets/images/demo/products/mala-fish-tofu.svg ........................................... ~ 0s
  2026-05-20 09:05:49 /assets/images/demo/products/set-mala-s.svg ............................................... ~ 0s
  2026-05-20 09:05:49 /assets/images/demo/products/set-mala-m.svg ............................................... ~ 0s
  2026-05-20 09:05:49 /assets/images/demo/products/set-mala-l.svg ............................................... ~ 0s
  2026-05-20 09:05:49 /assets/images/demo/products/drink-thai-milk-tea.svg ...................................... ~ 0s
  2026-05-20 09:05:49 /assets/images/demo/products/drink-lemon-tea.svg .......................................... ~ 0s
  2026-05-20 09:05:54 ........................................................................................... ~ 0s
  2026-05-20 09:05:54 /plugins/fontawesome-free/css/all.min.css ................................................. ~ 0s
  2026-05-20 09:05:54 /plugins/tempusdominus-bootstrap-4/css/tempusdominus-bootstrap-4.min.css .................. ~ 0s
  2026-05-20 09:05:54 /plugins/icheck-bootstrap/icheck-bootstrap.min.css ........................................ ~ 0s
  2026-05-20 09:05:54 /plugins/jqvmap/jqvmap.min.css ............................................................ ~ 0s
  2026-05-20 09:05:54 /plugins/overlayScrollbars/css/OverlayScrollbars.min.css .................................. ~ 0s
  2026-05-20 09:05:54 /plugins/daterangepicker/daterangepicker.css .............................................. ~ 0s
  2026-05-20 09:05:54 /plugins/summernote/summernote-bs4.min.css ................................................ ~ 0s
  2026-05-20 09:05:54 /plugins/select2/css/select2.min.css ...................................................... ~ 0s
  2026-05-20 09:05:54 /plugins/select2-bootstrap4-theme/select2-bootstrap4.min.css .............................. ~ 0s
  2026-05-20 09:05:54 /plugins/dropzone/min/dropzone.min.css .................................................... ~ 0s
  2026-05-20 09:05:54 /dist/css/adminlte.min.css ................................................................ ~ 0s
  2026-05-20 09:05:54 /assets/css/datatable/datatable.css ....................................................... ~ 0s
  2026-05-20 09:05:54 /assets/css/datatable/buttons.dataTables.min.css .......................................... ~ 0s
  2026-05-20 09:05:54 /css/custom-style.css ..................................................................... ~ 0s
  2026-05-20 09:05:54 /assets/images/demo/logo.svg .............................................................. ~ 0s
  2026-05-20 09:05:54 /plugins/jquery/jquery.min.js ............................................................. ~ 0s
  2026-05-20 09:05:54 /plugins/jquery-ui/jquery-ui.min.js ....................................................... ~ 0s
  2026-05-20 09:05:54 /plugins/bootstrap/js/bootstrap.bundle.min.js ............................................. ~ 0s
  2026-05-20 09:05:54 /plugins/chart.js/Chart.min.js ............................................................ ~ 0s
  2026-05-20 09:05:54 /plugins/sparklines/sparkline.js .......................................................... ~ 0s
  2026-05-20 09:05:54 /plugins/jqvmap/jquery.vmap.min.js ........................................................ ~ 0s
  2026-05-20 09:05:54 /plugins/jqvmap/maps/jquery.vmap.usa.js ................................................... ~ 0s
  2026-05-20 09:05:54 /plugins/jquery-knob/jquery.knob.min.js ................................................... ~ 0s
  2026-05-20 09:05:54 /plugins/moment/moment.min.js ............................................................. ~ 0s
  2026-05-20 09:05:54 /plugins/daterangepicker/daterangepicker.js ............................................... ~ 0s
  2026-05-20 09:05:54 /plugins/tempusdominus-bootstrap-4/js/tempusdominus-bootstrap-4.min.js .................... ~ 0s
  2026-05-20 09:05:54 /plugins/summernote/summernote-bs4.min.js ................................................. ~ 0s
  2026-05-20 09:05:54 /plugins/overlayScrollbars/js/jquery.overlayScrollbars.min.js ............................. ~ 0s
  2026-05-20 09:05:54 /dist/js/adminlte.js ...................................................................... ~ 0s
  2026-05-20 09:05:54 /plugins/select2/js/select2.full.min.js ................................................... ~ 0s
  2026-05-20 09:05:54 /js/custom-script.js ...................................................................... ~ 0s
  2026-05-20 09:05:54 /plugins/dropzone/min/dropzone.min.js ..................................................... ~ 0s
  2026-05-20 09:05:54 /assets/js/datatable/jquery.dataTables.min.js ............................................. ~ 0s
  2026-05-20 09:05:54 /plugins/fontawesome-free/webfonts/fa-solid-900.woff2 ..................................... ~ 0s
  2026-05-20 09:05:54 /assets/js/datatable/datatable.js ......................................................... ~ 0s
  2026-05-20 09:05:54 /assets/js/datatable/dataTables.buttons.min.js ............................................ ~ 0s
  2026-05-20 09:05:55 ........................................................................................... ~ 0s
  2026-05-20 09:05:55 ........................................................................................... ~ 0s
  2026-05-20 09:05:55 /assets/images/demo/brands/fresh-drinks.svg ............................................... ~ 0s
  2026-05-20 09:05:55 /assets/images/demo/brands/ingredients.svg ................................................ ~ 0s
  2026-05-20 09:05:55 /assets/images/demo/brands/kitchen.svg .................................................... ~ 0s
  2026-05-20 09:05:55 /assets/images/demo/brands/storefront.svg ................................................. ~ 0s
  2026-05-20 09:05:56 ........................................................................................... ~ 0s
  2026-05-20 09:05:56 /plugins/fontawesome-free/css/all.min.css ................................................. ~ 0s
  2026-05-20 09:05:56 /plugins/tempusdominus-bootstrap-4/css/tempusdominus-bootstrap-4.min.css .................. ~ 0s
  2026-05-20 09:05:56 /plugins/icheck-bootstrap/icheck-bootstrap.min.css ........................................ ~ 0s
  2026-05-20 09:05:56 /plugins/jqvmap/jqvmap.min.css ............................................................ ~ 0s
  2026-05-20 09:05:56 /plugins/overlayScrollbars/css/OverlayScrollbars.min.css .................................. ~ 0s
  2026-05-20 09:05:56 /plugins/daterangepicker/daterangepicker.css .............................................. ~ 0s
  2026-05-20 09:05:56 /plugins/summernote/summernote-bs4.min.css ................................................ ~ 0s
  2026-05-20 09:05:56 /plugins/select2/css/select2.min.css ...................................................... ~ 0s
  2026-05-20 09:05:56 /plugins/select2-bootstrap4-theme/select2-bootstrap4.min.css .............................. ~ 0s
  2026-05-20 09:05:56 /plugins/dropzone/min/dropzone.min.css .................................................... ~ 0s
  2026-05-20 09:05:56 /assets/css/datatable/datatable.css ....................................................... ~ 0s
  2026-05-20 09:05:56 /assets/css/datatable/buttons.dataTables.min.css .......................................... ~ 0s
  2026-05-20 09:05:56 /css/custom-style.css ..................................................................... ~ 0s
  2026-05-20 09:05:56 /dist/css/adminlte.min.css ................................................................ ~ 0s
  2026-05-20 09:05:56 /assets/images/demo/logo.svg .............................................................. ~ 0s
  2026-05-20 09:05:56 /plugins/jquery/jquery.min.js ............................................................. ~ 0s
  2026-05-20 09:05:56 /plugins/jquery-ui/jquery-ui.min.js ....................................................... ~ 0s
  2026-05-20 09:05:56 /plugins/bootstrap/js/bootstrap.bundle.min.js ............................................. ~ 0s
  2026-05-20 09:05:56 /plugins/chart.js/Chart.min.js ............................................................ ~ 0s
  2026-05-20 09:05:56 /plugins/sparklines/sparkline.js .......................................................... ~ 0s
  2026-05-20 09:05:56 /plugins/jqvmap/jquery.vmap.min.js ........................................................ ~ 0s
  2026-05-20 09:05:56 /plugins/jqvmap/maps/jquery.vmap.usa.js ................................................... ~ 0s
  2026-05-20 09:05:56 /plugins/jquery-knob/jquery.knob.min.js ................................................... ~ 0s
  2026-05-20 09:05:56 /plugins/moment/moment.min.js ............................................................. ~ 0s
  2026-05-20 09:05:56 /plugins/daterangepicker/daterangepicker.js ............................................... ~ 0s
  2026-05-20 09:05:56 /plugins/tempusdominus-bootstrap-4/js/tempusdominus-bootstrap-4.min.js .................... ~ 0s
  2026-05-20 09:05:56 /plugins/summernote/summernote-bs4.min.js ................................................. ~ 0s
  2026-05-20 09:05:56 /plugins/overlayScrollbars/js/jquery.overlayScrollbars.min.js ............................. ~ 0s
  2026-05-20 09:05:56 /dist/js/adminlte.js ...................................................................... ~ 0s
  2026-05-20 09:05:56 /plugins/select2/js/select2.full.min.js ................................................... ~ 0s
  2026-05-20 09:05:56 /js/custom-script.js ...................................................................... ~ 0s
  2026-05-20 09:05:56 /plugins/dropzone/min/dropzone.min.js ..................................................... ~ 0s
  2026-05-20 09:05:56 /plugins/fontawesome-free/webfonts/fa-solid-900.woff2 ..................................... ~ 0s
  2026-05-20 09:05:56 /assets/js/datatable/jquery.dataTables.min.js ............................................. ~ 0s
  2026-05-20 09:05:56 /assets/js/datatable/dataTables.buttons.min.js ............................................ ~ 0s
  2026-05-20 09:05:56 /assets/js/datatable/datatable.js ......................................................... ~ 0s
  2026-05-20 09:05:57 ........................................................................................... ~ 0s
  2026-05-20 09:05:57 ........................................................................................... ~ 0s
  2026-05-20 09:05:57 /assets/images/demo/categories/blended-drinks.svg ......................................... ~ 0s
  2026-05-20 09:05:57 /assets/images/demo/categories/cold-drinks.svg ............................................ ~ 0s
  2026-05-20 09:05:57 /assets/images/demo/categories/mala-sets.svg .............................................. ~ 0s
  2026-05-20 09:05:57 /assets/images/demo/categories/mala-skewers.svg ........................................... ~ 0s
  2026-05-20 09:05:57 /assets/images/demo/categories/sauces.svg ................................................. ~ 0s
  2026-05-20 09:05:57 /assets/images/demo/categories/snacks.svg ................................................. ~ 0s
  2026-05-20 09:05:57 /assets/images/demo/categories/toppings.svg ............................................... ~ 0s
  2026-05-20 09:05:57 ........................................................................................... ~ 0s
  2026-05-20 09:05:57 /plugins/fontawesome-free/css/all.min.css ................................................. ~ 0s
  2026-05-20 09:05:57 /plugins/tempusdominus-bootstrap-4/css/tempusdominus-bootstrap-4.min.css .................. ~ 0s
  2026-05-20 09:05:57 /plugins/icheck-bootstrap/icheck-bootstrap.min.css ........................................ ~ 0s
  2026-05-20 09:05:57 /plugins/jqvmap/jqvmap.min.css ............................................................ ~ 0s
  2026-05-20 09:05:57 /plugins/overlayScrollbars/css/OverlayScrollbars.min.css .................................. ~ 0s
  2026-05-20 09:05:57 /plugins/daterangepicker/daterangepicker.css .............................................. ~ 0s
  2026-05-20 09:05:57 /plugins/summernote/summernote-bs4.min.css ................................................ ~ 0s
  2026-05-20 09:05:57 /plugins/select2/css/select2.min.css ...................................................... ~ 0s
  2026-05-20 09:05:57 /plugins/select2-bootstrap4-theme/select2-bootstrap4.min.css .............................. ~ 0s
  2026-05-20 09:05:57 /plugins/dropzone/min/dropzone.min.css .................................................... ~ 0s
  2026-05-20 09:05:57 /assets/css/datatable/datatable.css ....................................................... ~ 0s
  2026-05-20 09:05:57 /dist/css/adminlte.min.css ................................................................ ~ 0s
  2026-05-20 09:05:57 /assets/css/datatable/buttons.dataTables.min.css .......................................... ~ 0s
  2026-05-20 09:05:57 /css/custom-style.css ..................................................................... ~ 0s
  2026-05-20 09:05:57 /assets/images/demo/logo.svg .............................................................. ~ 0s
  2026-05-20 09:05:57 /plugins/jquery/jquery.min.js ............................................................. ~ 0s
  2026-05-20 09:05:58 /plugins/jquery-ui/jquery-ui.min.js ....................................................... ~ 0s
  2026-05-20 09:05:58 /plugins/bootstrap/js/bootstrap.bundle.min.js ............................................. ~ 0s
  2026-05-20 09:05:58 /plugins/chart.js/Chart.min.js ............................................................ ~ 0s
  2026-05-20 09:05:58 /plugins/sparklines/sparkline.js .......................................................... ~ 0s
  2026-05-20 09:05:58 /plugins/jqvmap/jquery.vmap.min.js ........................................................ ~ 0s
  2026-05-20 09:05:58 /plugins/jqvmap/maps/jquery.vmap.usa.js ................................................... ~ 0s
  2026-05-20 09:05:58 /plugins/jquery-knob/jquery.knob.min.js ................................................... ~ 0s
  2026-05-20 09:05:58 /plugins/moment/moment.min.js ............................................................. ~ 0s
  2026-05-20 09:05:58 /plugins/daterangepicker/daterangepicker.js ............................................... ~ 0s
  2026-05-20 09:05:58 /plugins/tempusdominus-bootstrap-4/js/tempusdominus-bootstrap-4.min.js .................... ~ 0s
  2026-05-20 09:05:58 /plugins/overlayScrollbars/js/jquery.overlayScrollbars.min.js ............................. ~ 0s
  2026-05-20 09:05:58 /plugins/summernote/summernote-bs4.min.js ................................................. ~ 0s
  2026-05-20 09:05:58 /dist/js/adminlte.js ...................................................................... ~ 0s
  2026-05-20 09:05:58 /plugins/select2/js/select2.full.min.js ................................................... ~ 0s
  2026-05-20 09:05:58 /js/custom-script.js ...................................................................... ~ 0s
  2026-05-20 09:05:58 /plugins/dropzone/min/dropzone.min.js ..................................................... ~ 0s
  2026-05-20 09:05:58 /assets/js/datatable/jquery.dataTables.min.js ............................................. ~ 0s
  2026-05-20 09:05:58 /assets/js/datatable/dataTables.buttons.min.js ............................................ ~ 0s
  2026-05-20 09:05:58 /assets/js/datatable/datatable.js ......................................................... ~ 0s
  2026-05-20 09:05:58 /plugins/fontawesome-free/webfonts/fa-solid-900.woff2 ..................................... ~ 0s
  2026-05-20 09:05:58 ........................................................................................... ~ 0s
  2026-05-20 09:05:58 ........................................................................................... ~ 0s
  2026-05-20 09:05:59 ........................................................................................... ~ 0s
  2026-05-20 09:05:59 /plugins/fontawesome-free/css/all.min.css ................................................. ~ 0s
  2026-05-20 09:05:59 /plugins/tempusdominus-bootstrap-4/css/tempusdominus-bootstrap-4.min.css .................. ~ 0s
  2026-05-20 09:05:59 /plugins/icheck-bootstrap/icheck-bootstrap.min.css ........................................ ~ 0s
  2026-05-20 09:05:59 /plugins/jqvmap/jqvmap.min.css ............................................................ ~ 0s
  2026-05-20 09:05:59 /plugins/overlayScrollbars/css/OverlayScrollbars.min.css .................................. ~ 0s
  2026-05-20 09:05:59 /plugins/daterangepicker/daterangepicker.css .............................................. ~ 0s
  2026-05-20 09:05:59 /plugins/summernote/summernote-bs4.min.css ................................................ ~ 0s
  2026-05-20 09:05:59 /plugins/select2/css/select2.min.css ...................................................... ~ 0s
  2026-05-20 09:05:59 /plugins/select2-bootstrap4-theme/select2-bootstrap4.min.css .............................. ~ 0s
  2026-05-20 09:05:59 /plugins/dropzone/min/dropzone.min.css .................................................... ~ 0s
  2026-05-20 09:05:59 /assets/css/datatable/datatable.css ....................................................... ~ 0s
  2026-05-20 09:05:59 /dist/css/adminlte.min.css ................................................................ ~ 0s
  2026-05-20 09:05:59 /assets/css/datatable/buttons.dataTables.min.css .......................................... ~ 0s
  2026-05-20 09:05:59 /css/custom-style.css ..................................................................... ~ 0s
  2026-05-20 09:05:59 /assets/images/demo/logo.svg .............................................................. ~ 0s
  2026-05-20 09:05:59 /plugins/jquery/jquery.min.js ............................................................. ~ 0s
  2026-05-20 09:05:59 /plugins/jquery-ui/jquery-ui.min.js ....................................................... ~ 0s
  2026-05-20 09:05:59 /plugins/bootstrap/js/bootstrap.bundle.min.js ............................................. ~ 0s
  2026-05-20 09:05:59 /plugins/chart.js/Chart.min.js ............................................................ ~ 0s
  2026-05-20 09:05:59 /plugins/sparklines/sparkline.js .......................................................... ~ 0s
  2026-05-20 09:05:59 /plugins/jqvmap/jquery.vmap.min.js ........................................................ ~ 0s
  2026-05-20 09:05:59 /plugins/jqvmap/maps/jquery.vmap.usa.js ................................................... ~ 0s
  2026-05-20 09:05:59 /plugins/jquery-knob/jquery.knob.min.js ................................................... ~ 0s
  2026-05-20 09:05:59 /plugins/moment/moment.min.js ............................................................. ~ 0s
  2026-05-20 09:05:59 /plugins/daterangepicker/daterangepicker.js ............................................... ~ 0s
  2026-05-20 09:05:59 /plugins/tempusdominus-bootstrap-4/js/tempusdominus-bootstrap-4.min.js .................... ~ 0s
  2026-05-20 09:05:59 /plugins/summernote/summernote-bs4.min.js ................................................. ~ 0s
  2026-05-20 09:05:59 /plugins/overlayScrollbars/js/jquery.overlayScrollbars.min.js ............................. ~ 0s
  2026-05-20 09:05:59 /dist/js/adminlte.js ...................................................................... ~ 0s
  2026-05-20 09:05:59 /plugins/select2/js/select2.full.min.js ................................................... ~ 0s
  2026-05-20 09:05:59 /js/custom-script.js ...................................................................... ~ 0s
  2026-05-20 09:05:59 /plugins/dropzone/min/dropzone.min.js ..................................................... ~ 0s
  2026-05-20 09:05:59 /plugins/fontawesome-free/webfonts/fa-solid-900.woff2 ..................................... ~ 0s
  2026-05-20 09:05:59 /assets/js/datatable/jquery.dataTables.min.js ............................................. ~ 0s
  2026-05-20 09:05:59 /assets/js/datatable/dataTables.buttons.min.js ............................................ ~ 0s
  2026-05-20 09:05:59 /assets/js/datatable/datatable.js ......................................................... ~ 0s
  2026-05-20 09:05:59 ........................................................................................... ~ 0s
  2026-05-20 09:05:59 ........................................................................................... ~ 1s
  2026-05-20 09:06:01 ........................................................................................... ~ 0s
  2026-05-20 09:06:01 /plugins/fontawesome-free/css/all.min.css ................................................. ~ 0s
  2026-05-20 09:06:01 /plugins/tempusdominus-bootstrap-4/css/tempusdominus-bootstrap-4.min.css .................. ~ 0s
  2026-05-20 09:06:01 /plugins/icheck-bootstrap/icheck-bootstrap.min.css ........................................ ~ 0s
  2026-05-20 09:06:01 /plugins/jqvmap/jqvmap.min.css ............................................................ ~ 0s
  2026-05-20 09:06:01 /plugins/overlayScrollbars/css/OverlayScrollbars.min.css .................................. ~ 0s
  2026-05-20 09:06:01 /plugins/daterangepicker/daterangepicker.css .............................................. ~ 0s
  2026-05-20 09:06:01 /plugins/summernote/summernote-bs4.min.css ................................................ ~ 0s
  2026-05-20 09:06:01 /plugins/select2/css/select2.min.css ...................................................... ~ 0s
  2026-05-20 09:06:01 /plugins/select2-bootstrap4-theme/select2-bootstrap4.min.css .............................. ~ 0s
  2026-05-20 09:06:01 /plugins/dropzone/min/dropzone.min.css .................................................... ~ 0s
  2026-05-20 09:06:01 /assets/css/datatable/datatable.css ....................................................... ~ 0s
  2026-05-20 09:06:01 /dist/css/adminlte.min.css ................................................................ ~ 0s
  2026-05-20 09:06:01 /assets/css/datatable/buttons.dataTables.min.css .......................................... ~ 0s
  2026-05-20 09:06:01 /css/custom-style.css ..................................................................... ~ 0s
  2026-05-20 09:06:01 /assets/images/demo/logo.svg .............................................................. ~ 0s
  2026-05-20 09:06:01 /plugins/jquery/jquery.min.js ............................................................. ~ 0s
  2026-05-20 09:06:01 /plugins/jquery-ui/jquery-ui.min.js ....................................................... ~ 0s
  2026-05-20 09:06:01 /plugins/bootstrap/js/bootstrap.bundle.min.js ............................................. ~ 0s
  2026-05-20 09:06:01 /plugins/chart.js/Chart.min.js ............................................................ ~ 0s
  2026-05-20 09:06:01 /plugins/sparklines/sparkline.js .......................................................... ~ 0s
  2026-05-20 09:06:01 /plugins/jqvmap/jquery.vmap.min.js ........................................................ ~ 0s
  2026-05-20 09:06:01 /plugins/jqvmap/maps/jquery.vmap.usa.js ................................................... ~ 0s
  2026-05-20 09:06:01 /plugins/jquery-knob/jquery.knob.min.js ................................................... ~ 0s
  2026-05-20 09:06:01 /plugins/moment/moment.min.js ............................................................. ~ 0s
  2026-05-20 09:06:01 /plugins/daterangepicker/daterangepicker.js ............................................... ~ 0s
  2026-05-20 09:06:01 /plugins/tempusdominus-bootstrap-4/js/tempusdominus-bootstrap-4.min.js .................... ~ 0s
  2026-05-20 09:06:01 /plugins/summernote/summernote-bs4.min.js ................................................. ~ 0s
  2026-05-20 09:06:01 /plugins/overlayScrollbars/js/jquery.overlayScrollbars.min.js ............................. ~ 0s
  2026-05-20 09:06:01 /dist/js/adminlte.js ...................................................................... ~ 0s
  2026-05-20 09:06:01 /plugins/select2/js/select2.full.min.js ................................................... ~ 0s
  2026-05-20 09:06:01 /plugins/fontawesome-free/webfonts/fa-solid-900.woff2 ..................................... ~ 0s
  2026-05-20 09:06:01 /js/custom-script.js ...................................................................... ~ 0s
  2026-05-20 09:06:01 /plugins/dropzone/min/dropzone.min.js ..................................................... ~ 0s
  2026-05-20 09:06:01 /assets/js/datatable/jquery.dataTables.min.js ............................................. ~ 0s
  2026-05-20 09:06:01 /assets/js/datatable/dataTables.buttons.min.js ............................................ ~ 0s
  2026-05-20 09:06:01 /assets/js/datatable/datatable.js ......................................................... ~ 0s
  2026-05-20 09:06:01 ........................................................................................... ~ 0s
  2026-05-20 09:06:01 /assets/images/demo/favicon.svg ........................................................... ~ 0s
  2026-05-20 09:06:01 ........................................................................................... ~ 0s
  2026-05-20 09:06:02 ........................................................................................... ~ 0s
  2026-05-20 09:06:02 /plugins/fontawesome-free/css/all.min.css ................................................. ~ 0s
  2026-05-20 09:06:02 /plugins/tempusdominus-bootstrap-4/css/tempusdominus-bootstrap-4.min.css .................. ~ 0s
  2026-05-20 09:06:02 /plugins/icheck-bootstrap/icheck-bootstrap.min.css ........................................ ~ 0s
  2026-05-20 09:06:02 /plugins/jqvmap/jqvmap.min.css ............................................................ ~ 0s
  2026-05-20 09:06:02 /plugins/overlayScrollbars/css/OverlayScrollbars.min.css .................................. ~ 0s
  2026-05-20 09:06:02 /plugins/daterangepicker/daterangepicker.css .............................................. ~ 0s
  2026-05-20 09:06:02 /plugins/summernote/summernote-bs4.min.css ................................................ ~ 0s
  2026-05-20 09:06:02 /plugins/select2/css/select2.min.css ...................................................... ~ 0s
  2026-05-20 09:06:02 /plugins/select2-bootstrap4-theme/select2-bootstrap4.min.css .............................. ~ 0s
  2026-05-20 09:06:02 /plugins/dropzone/min/dropzone.min.css .................................................... ~ 0s
  2026-05-20 09:06:02 /assets/css/datatable/datatable.css ....................................................... ~ 0s
  2026-05-20 09:06:02 /dist/css/adminlte.min.css ................................................................ ~ 0s
  2026-05-20 09:06:02 /assets/css/datatable/buttons.dataTables.min.css .......................................... ~ 0s
  2026-05-20 09:06:02 /css/custom-style.css ..................................................................... ~ 0s
  2026-05-20 09:06:02 /assets/images/demo/logo.svg .............................................................. ~ 0s
  2026-05-20 09:06:02 /plugins/jquery/jquery.min.js ............................................................. ~ 0s
  2026-05-20 09:06:02 /plugins/jquery-ui/jquery-ui.min.js ....................................................... ~ 0s
  2026-05-20 09:06:02 /plugins/bootstrap/js/bootstrap.bundle.min.js ............................................. ~ 0s
  2026-05-20 09:06:02 /plugins/chart.js/Chart.min.js ............................................................ ~ 0s
  2026-05-20 09:06:02 /plugins/sparklines/sparkline.js .......................................................... ~ 0s
  2026-05-20 09:06:02 /plugins/jqvmap/jquery.vmap.min.js ........................................................ ~ 0s
  2026-05-20 09:06:02 /plugins/jqvmap/maps/jquery.vmap.usa.js ................................................... ~ 0s
  2026-05-20 09:06:02 /plugins/jquery-knob/jquery.knob.min.js ................................................... ~ 0s
  2026-05-20 09:06:02 /plugins/moment/moment.min.js ............................................................. ~ 0s
  2026-05-20 09:06:03 /plugins/daterangepicker/daterangepicker.js ............................................... ~ 0s
  2026-05-20 09:06:03 /plugins/tempusdominus-bootstrap-4/js/tempusdominus-bootstrap-4.min.js .................... ~ 0s
  2026-05-20 09:06:03 /plugins/summernote/summernote-bs4.min.js ................................................. ~ 0s
  2026-05-20 09:06:03 /plugins/overlayScrollbars/js/jquery.overlayScrollbars.min.js ............................. ~ 0s
  2026-05-20 09:06:03 /dist/js/adminlte.js ...................................................................... ~ 0s
  2026-05-20 09:06:03 /plugins/select2/js/select2.full.min.js ................................................... ~ 0s
  2026-05-20 09:06:03 /js/custom-script.js ...................................................................... ~ 0s
  2026-05-20 09:06:03 /plugins/dropzone/min/dropzone.min.js ..................................................... ~ 0s
  2026-05-20 09:06:03 /assets/js/datatable/jquery.dataTables.min.js ............................................. ~ 0s
  2026-05-20 09:06:03 /assets/js/datatable/dataTables.buttons.min.js ............................................ ~ 0s
  2026-05-20 09:06:03 /plugins/fontawesome-free/webfonts/fa-solid-900.woff2 ..................................... ~ 0s
  2026-05-20 09:06:03 /assets/js/datatable/datatable.js ......................................................... ~ 0s
  2026-05-20 09:06:03 ........................................................................................... ~ 0s
  2026-05-20 09:06:03 /assets/images/demo/favicon.svg ........................................................... ~ 0s
  2026-05-20 09:06:03 ........................................................................................... ~ 0s
  2026-05-20 09:06:07 ........................................................................................... ~ 1s
  2026-05-20 09:06:07 /plugins/fontawesome-free/css/all.min.css ................................................. ~ 1s
  2026-05-20 09:06:08 /plugins/tempusdominus-bootstrap-4/css/tempusdominus-bootstrap-4.min.css .................. ~ 0s
  2026-05-20 09:06:08 /plugins/icheck-bootstrap/icheck-bootstrap.min.css ........................................ ~ 0s
  2026-05-20 09:06:08 /plugins/jqvmap/jqvmap.min.css ............................................................ ~ 0s
  2026-05-20 09:06:08 /plugins/overlayScrollbars/css/OverlayScrollbars.min.css .................................. ~ 0s
  2026-05-20 09:06:08 /plugins/daterangepicker/daterangepicker.css .............................................. ~ 0s
  2026-05-20 09:06:08 /plugins/summernote/summernote-bs4.min.css ................................................ ~ 0s
  2026-05-20 09:06:08 /plugins/select2/css/select2.min.css ...................................................... ~ 0s
  2026-05-20 09:06:08 /plugins/select2-bootstrap4-theme/select2-bootstrap4.min.css .............................. ~ 0s
  2026-05-20 09:06:08 /plugins/dropzone/min/dropzone.min.css .................................................... ~ 0s
  2026-05-20 09:06:08 /assets/css/datatable/datatable.css ....................................................... ~ 0s
  2026-05-20 09:06:08 /assets/css/datatable/buttons.dataTables.min.css .......................................... ~ 0s
  2026-05-20 09:06:08 /dist/css/adminlte.min.css ................................................................ ~ 0s
  2026-05-20 09:06:08 /css/custom-style.css ..................................................................... ~ 0s
  2026-05-20 09:06:08 /assets/images/demo/logo.svg .............................................................. ~ 0s
  2026-05-20 09:06:08 /plugins/jquery/jquery.min.js ............................................................. ~ 0s
  2026-05-20 09:06:08 /plugins/jquery-ui/jquery-ui.min.js ....................................................... ~ 0s
  2026-05-20 09:06:08 /plugins/bootstrap/js/bootstrap.bundle.min.js ............................................. ~ 0s
  2026-05-20 09:06:08 /plugins/chart.js/Chart.min.js ............................................................ ~ 0s
  2026-05-20 09:06:08 /plugins/sparklines/sparkline.js .......................................................... ~ 0s
  2026-05-20 09:06:08 /plugins/jqvmap/jquery.vmap.min.js ........................................................ ~ 0s
  2026-05-20 09:06:08 /plugins/jqvmap/maps/jquery.vmap.usa.js ................................................... ~ 0s
  2026-05-20 09:06:08 /plugins/jquery-knob/jquery.knob.min.js ................................................... ~ 0s
  2026-05-20 09:06:08 /plugins/moment/moment.min.js ............................................................. ~ 0s
  2026-05-20 09:06:08 /plugins/daterangepicker/daterangepicker.js ............................................... ~ 0s
  2026-05-20 09:06:08 /plugins/tempusdominus-bootstrap-4/js/tempusdominus-bootstrap-4.min.js .................... ~ 0s
  2026-05-20 09:06:08 /plugins/summernote/summernote-bs4.min.js ................................................. ~ 0s
  2026-05-20 09:06:08 /plugins/overlayScrollbars/js/jquery.overlayScrollbars.min.js ............................. ~ 0s
  2026-05-20 09:06:08 /dist/js/adminlte.js ...................................................................... ~ 0s
  2026-05-20 09:06:08 /plugins/select2/js/select2.full.min.js ................................................... ~ 0s
  2026-05-20 09:06:08 /js/custom-script.js ...................................................................... ~ 0s
  2026-05-20 09:06:08 /plugins/dropzone/min/dropzone.min.js ..................................................... ~ 0s
  2026-05-20 09:06:08 /plugins/fontawesome-free/webfonts/fa-solid-900.woff2 ..................................... ~ 0s
  2026-05-20 09:06:08 /assets/js/datatable/jquery.dataTables.min.js ............................................. ~ 0s
  2026-05-20 09:06:08 /plugins/fontawesome-free/webfonts/fa-regular-400.woff2 ................................... ~ 0s
  2026-05-20 09:06:08 /assets/js/datatable/dataTables.buttons.min.js ............................................ ~ 0s
  2026-05-20 09:06:08 /assets/js/datatable/datatable.js ......................................................... ~ 0s
  2026-05-20 09:06:08 /assets/images/demo/favicon.svg ........................................................... ~ 0s
  2026-05-20 09:06:08 ........................................................................................... ~ 1s
  2026-05-20 09:06:09 /plugins/fontawesome-free/css/all.min.css ................................................. ~ 0s
  2026-05-20 09:06:09 /plugins/tempusdominus-bootstrap-4/css/tempusdominus-bootstrap-4.min.css .................. ~ 0s
  2026-05-20 09:06:09 /plugins/icheck-bootstrap/icheck-bootstrap.min.css ........................................ ~ 0s
  2026-05-20 09:06:09 /plugins/jqvmap/jqvmap.min.css ............................................................ ~ 0s
  2026-05-20 09:06:09 /plugins/overlayScrollbars/css/OverlayScrollbars.min.css .................................. ~ 0s
  2026-05-20 09:06:09 /plugins/daterangepicker/daterangepicker.css .............................................. ~ 0s
  2026-05-20 09:06:09 /plugins/summernote/summernote-bs4.min.css ................................................ ~ 0s
  2026-05-20 09:06:09 /plugins/select2/css/select2.min.css ...................................................... ~ 0s
  2026-05-20 09:06:09 /plugins/select2-bootstrap4-theme/select2-bootstrap4.min.css .............................. ~ 0s
  2026-05-20 09:06:09 /plugins/dropzone/min/dropzone.min.css .................................................... ~ 0s
  2026-05-20 09:06:09 /assets/css/datatable/datatable.css ....................................................... ~ 0s
  2026-05-20 09:06:09 /dist/css/adminlte.min.css ................................................................ ~ 0s
  2026-05-20 09:06:09 /assets/css/datatable/buttons.dataTables.min.css .......................................... ~ 0s
  2026-05-20 09:06:09 /css/custom-style.css ..................................................................... ~ 0s
  2026-05-20 09:06:09 /assets/images/demo/logo.svg .............................................................. ~ 0s
  2026-05-20 09:06:09 /plugins/jquery/jquery.min.js ............................................................. ~ 0s
  2026-05-20 09:06:09 /plugins/jquery-ui/jquery-ui.min.js ....................................................... ~ 0s
  2026-05-20 09:06:09 /plugins/bootstrap/js/bootstrap.bundle.min.js ............................................. ~ 0s
  2026-05-20 09:06:09 /plugins/chart.js/Chart.min.js ............................................................ ~ 0s
  2026-05-20 09:06:09 /plugins/sparklines/sparkline.js .......................................................... ~ 0s
  2026-05-20 09:06:09 /plugins/jqvmap/jquery.vmap.min.js ........................................................ ~ 0s
  2026-05-20 09:06:09 /plugins/jqvmap/maps/jquery.vmap.usa.js ................................................... ~ 0s
  2026-05-20 09:06:09 /plugins/jquery-knob/jquery.knob.min.js ................................................... ~ 0s
  2026-05-20 09:06:09 /plugins/moment/moment.min.js ............................................................. ~ 0s
  2026-05-20 09:06:09 /plugins/daterangepicker/daterangepicker.js ............................................... ~ 0s
  2026-05-20 09:06:09 /plugins/tempusdominus-bootstrap-4/js/tempusdominus-bootstrap-4.min.js .................... ~ 0s
  2026-05-20 09:06:09 /plugins/summernote/summernote-bs4.min.js ................................................. ~ 0s
  2026-05-20 09:06:09 /plugins/overlayScrollbars/js/jquery.overlayScrollbars.min.js ............................. ~ 0s
  2026-05-20 09:06:09 /dist/js/adminlte.js ...................................................................... ~ 0s
  2026-05-20 09:06:09 /plugins/select2/js/select2.full.min.js ................................................... ~ 0s
  2026-05-20 09:06:09 /plugins/fontawesome-free/webfonts/fa-solid-900.woff2 ..................................... ~ 0s
  2026-05-20 09:06:09 /plugins/fontawesome-free/webfonts/fa-regular-400.woff2 ................................... ~ 0s
  2026-05-20 09:06:09 /js/custom-script.js ...................................................................... ~ 0s
  2026-05-20 09:06:09 /plugins/dropzone/min/dropzone.min.js ..................................................... ~ 0s
  2026-05-20 09:06:09 /assets/js/datatable/jquery.dataTables.min.js ............................................. ~ 0s
  2026-05-20 09:06:09 /assets/js/datatable/datatable.js ......................................................... ~ 0s
  2026-05-20 09:06:09 /assets/js/datatable/dataTables.buttons.min.js ............................................ ~ 0s
  2026-05-20 09:06:09 /assets/images/demo/favicon.svg ........................................................... ~ 0s
  2026-05-20 09:06:09 ........................................................................................... ~ 0s
  2026-05-20 09:06:09 /plugins/fontawesome-free/css/all.min.css ................................................. ~ 0s
  2026-05-20 09:06:09 /plugins/tempusdominus-bootstrap-4/css/tempusdominus-bootstrap-4.min.css .................. ~ 0s
  2026-05-20 09:06:09 /plugins/icheck-bootstrap/icheck-bootstrap.min.css ........................................ ~ 0s
  2026-05-20 09:06:09 /plugins/jqvmap/jqvmap.min.css ............................................................ ~ 0s
  2026-05-20 09:06:09 /plugins/overlayScrollbars/css/OverlayScrollbars.min.css .................................. ~ 0s
  2026-05-20 09:06:09 /plugins/daterangepicker/daterangepicker.css .............................................. ~ 0s
  2026-05-20 09:06:09 /plugins/summernote/summernote-bs4.min.css ................................................ ~ 0s
  2026-05-20 09:06:09 /plugins/select2/css/select2.min.css ...................................................... ~ 0s
  2026-05-20 09:06:09 /plugins/select2-bootstrap4-theme/select2-bootstrap4.min.css .............................. ~ 0s
  2026-05-20 09:06:09 /plugins/dropzone/min/dropzone.min.css .................................................... ~ 0s
  2026-05-20 09:06:09 /assets/css/datatable/datatable.css ....................................................... ~ 0s
  2026-05-20 09:06:09 /dist/css/adminlte.min.css ................................................................ ~ 0s
  2026-05-20 09:06:09 /assets/css/datatable/buttons.dataTables.min.css .......................................... ~ 0s
  2026-05-20 09:06:09 /css/custom-style.css ..................................................................... ~ 0s
  2026-05-20 09:06:09 /assets/images/demo/logo.svg .............................................................. ~ 0s
  2026-05-20 09:06:09 /plugins/jquery/jquery.min.js ............................................................. ~ 0s
  2026-05-20 09:06:09 /plugins/jquery-ui/jquery-ui.min.js ....................................................... ~ 0s
  2026-05-20 09:06:09 /plugins/bootstrap/js/bootstrap.bundle.min.js ............................................. ~ 0s
  2026-05-20 09:06:09 /plugins/chart.js/Chart.min.js ............................................................ ~ 0s
  2026-05-20 09:06:09 /plugins/sparklines/sparkline.js .......................................................... ~ 0s
  2026-05-20 09:06:09 /plugins/jqvmap/jquery.vmap.min.js ........................................................ ~ 0s
  2026-05-20 09:06:09 /plugins/jqvmap/maps/jquery.vmap.usa.js ................................................... ~ 0s
  2026-05-20 09:06:09 /plugins/jquery-knob/jquery.knob.min.js ................................................... ~ 0s
  2026-05-20 09:06:09 /plugins/moment/moment.min.js ............................................................. ~ 0s
  2026-05-20 09:06:10 /plugins/daterangepicker/daterangepicker.js ............................................... ~ 0s
  2026-05-20 09:06:10 /plugins/tempusdominus-bootstrap-4/js/tempusdominus-bootstrap-4.min.js .................... ~ 0s
  2026-05-20 09:06:10 /plugins/summernote/summernote-bs4.min.js ................................................. ~ 0s
  2026-05-20 09:06:10 /plugins/overlayScrollbars/js/jquery.overlayScrollbars.min.js ............................. ~ 0s
  2026-05-20 09:06:10 /dist/js/adminlte.js ...................................................................... ~ 0s
  2026-05-20 09:06:10 /plugins/select2/js/select2.full.min.js ................................................... ~ 0s
  2026-05-20 09:06:10 /js/custom-script.js ...................................................................... ~ 0s
  2026-05-20 09:06:10 /plugins/dropzone/min/dropzone.min.js ..................................................... ~ 0s
  2026-05-20 09:06:10 /assets/js/datatable/jquery.dataTables.min.js ............................................. ~ 0s
  2026-05-20 09:06:10 /assets/js/datatable/dataTables.buttons.min.js ............................................ ~ 0s
  2026-05-20 09:06:10 /assets/js/datatable/datatable.js ......................................................... ~ 0s
  2026-05-20 09:06:10 /plugins/fontawesome-free/webfonts/fa-solid-900.woff2 ..................................... ~ 0s
  2026-05-20 09:06:10 ........................................................................................... ~ 0s
  2026-05-20 09:06:10 ........................................................................................... ~ 1s
  2026-05-20 09:06:11 ........................................................................................... ~ 0s
  2026-05-20 09:06:10 /assets/images/demo/favicon.svg ........................................................... ~ 1s
  2026-05-20 09:06:11 /plugins/fontawesome-free/css/all.min.css ................................................. ~ 0s
  2026-05-20 09:06:11 /plugins/tempusdominus-bootstrap-4/css/tempusdominus-bootstrap-4.min.css .................. ~ 0s
  2026-05-20 09:06:11 /plugins/icheck-bootstrap/icheck-bootstrap.min.css ........................................ ~ 0s
  2026-05-20 09:06:11 /plugins/jqvmap/jqvmap.min.css ............................................................ ~ 0s
  2026-05-20 09:06:11 /plugins/overlayScrollbars/css/OverlayScrollbars.min.css .................................. ~ 0s
  2026-05-20 09:06:11 /plugins/daterangepicker/daterangepicker.css .............................................. ~ 0s
  2026-05-20 09:06:11 /plugins/summernote/summernote-bs4.min.css ................................................ ~ 0s
  2026-05-20 09:06:11 /plugins/select2/css/select2.min.css ...................................................... ~ 0s
  2026-05-20 09:06:11 /plugins/select2-bootstrap4-theme/select2-bootstrap4.min.css .............................. ~ 0s
  2026-05-20 09:06:11 /plugins/dropzone/min/dropzone.min.css .................................................... ~ 0s
  2026-05-20 09:06:11 /dist/css/adminlte.min.css ................................................................ ~ 0s
  2026-05-20 09:06:11 /assets/css/datatable/datatable.css ....................................................... ~ 0s
  2026-05-20 09:06:11 /assets/css/datatable/buttons.dataTables.min.css .......................................... ~ 0s
  2026-05-20 09:06:11 /css/custom-style.css ..................................................................... ~ 0s
  2026-05-20 09:06:11 /assets/images/demo/logo.svg .............................................................. ~ 0s
  2026-05-20 09:06:11 /plugins/jquery/jquery.min.js ............................................................. ~ 0s
  2026-05-20 09:06:11 /plugins/jquery-ui/jquery-ui.min.js ....................................................... ~ 0s
  2026-05-20 09:06:11 /plugins/bootstrap/js/bootstrap.bundle.min.js ............................................. ~ 0s
  2026-05-20 09:06:11 /plugins/chart.js/Chart.min.js ............................................................ ~ 0s
  2026-05-20 09:06:11 /plugins/sparklines/sparkline.js .......................................................... ~ 0s
  2026-05-20 09:06:11 /plugins/jqvmap/jquery.vmap.min.js ........................................................ ~ 0s
  2026-05-20 09:06:11 /plugins/jqvmap/maps/jquery.vmap.usa.js ................................................... ~ 0s
  2026-05-20 09:06:11 /plugins/jquery-knob/jquery.knob.min.js ................................................... ~ 0s
  2026-05-20 09:06:11 /plugins/moment/moment.min.js ............................................................. ~ 0s
  2026-05-20 09:06:11 /plugins/daterangepicker/daterangepicker.js ............................................... ~ 0s
  2026-05-20 09:06:11 /plugins/tempusdominus-bootstrap-4/js/tempusdominus-bootstrap-4.min.js .................... ~ 0s
  2026-05-20 09:06:11 /plugins/summernote/summernote-bs4.min.js ................................................. ~ 0s
  2026-05-20 09:06:11 /plugins/overlayScrollbars/js/jquery.overlayScrollbars.min.js ............................. ~ 0s
  2026-05-20 09:06:11 /dist/js/adminlte.js ...................................................................... ~ 0s
  2026-05-20 09:06:11 /plugins/select2/js/select2.full.min.js ................................................... ~ 0s
  2026-05-20 09:06:11 /js/custom-script.js ...................................................................... ~ 0s
  2026-05-20 09:06:11 /plugins/fontawesome-free/webfonts/fa-solid-900.woff2 ..................................... ~ 0s
  2026-05-20 09:06:11 /plugins/fontawesome-free/webfonts/fa-regular-400.woff2 ................................... ~ 0s
  2026-05-20 09:06:11 /plugins/dropzone/min/dropzone.min.js ..................................................... ~ 0s
  2026-05-20 09:06:11 /assets/js/datatable/jquery.dataTables.min.js ............................................. ~ 0s
  2026-05-20 09:06:11 /assets/js/datatable/dataTables.buttons.min.js ............................................ ~ 0s
  2026-05-20 09:06:11 /assets/js/datatable/datatable.js ......................................................... ~ 0s
  2026-05-20 09:06:13 ........................................................................................... ~ 1s
  2026-05-20 09:06:13 /plugins/fontawesome-free/css/all.min.css ................................................. ~ 1s
  2026-05-20 09:06:14 /plugins/tempusdominus-bootstrap-4/css/tempusdominus-bootstrap-4.min.css .................. ~ 0s
  2026-05-20 09:06:14 /plugins/icheck-bootstrap/icheck-bootstrap.min.css ........................................ ~ 0s
  2026-05-20 09:06:14 /plugins/jqvmap/jqvmap.min.css ............................................................ ~ 0s
  2026-05-20 09:06:14 /plugins/overlayScrollbars/css/OverlayScrollbars.min.css .................................. ~ 0s
  2026-05-20 09:06:14 /plugins/daterangepicker/daterangepicker.css .............................................. ~ 0s
  2026-05-20 09:06:14 /plugins/summernote/summernote-bs4.min.css ................................................ ~ 0s
  2026-05-20 09:06:14 /plugins/select2/css/select2.min.css ...................................................... ~ 0s
  2026-05-20 09:06:14 /plugins/select2-bootstrap4-theme/select2-bootstrap4.min.css .............................. ~ 0s
  2026-05-20 09:06:14 /plugins/dropzone/min/dropzone.min.css .................................................... ~ 0s
  2026-05-20 09:06:14 /assets/css/datatable/datatable.css ....................................................... ~ 0s
  2026-05-20 09:06:14 /dist/css/adminlte.min.css ................................................................ ~ 0s
  2026-05-20 09:06:14 /assets/css/datatable/buttons.dataTables.min.css .......................................... ~ 0s
  2026-05-20 09:06:14 /css/custom-style.css ..................................................................... ~ 0s
  2026-05-20 09:06:14 /assets/images/demo/logo.svg .............................................................. ~ 0s
  2026-05-20 09:06:14 /plugins/jquery/jquery.min.js ............................................................. ~ 0s
  2026-05-20 09:06:14 /plugins/jquery-ui/jquery-ui.min.js ....................................................... ~ 0s
  2026-05-20 09:06:14 /plugins/bootstrap/js/bootstrap.bundle.min.js ............................................. ~ 0s
  2026-05-20 09:06:14 /plugins/chart.js/Chart.min.js ............................................................ ~ 0s
  2026-05-20 09:06:14 /plugins/sparklines/sparkline.js .......................................................... ~ 0s
  2026-05-20 09:06:14 /plugins/jqvmap/jquery.vmap.min.js ........................................................ ~ 0s
  2026-05-20 09:06:14 /plugins/jqvmap/maps/jquery.vmap.usa.js ................................................... ~ 0s
  2026-05-20 09:06:14 /plugins/jquery-knob/jquery.knob.min.js ................................................... ~ 0s
  2026-05-20 09:06:14 /plugins/moment/moment.min.js ............................................................. ~ 0s
  2026-05-20 09:06:14 /plugins/daterangepicker/daterangepicker.js ............................................... ~ 0s
  2026-05-20 09:06:14 /plugins/tempusdominus-bootstrap-4/js/tempusdominus-bootstrap-4.min.js .................... ~ 0s
  2026-05-20 09:06:14 /plugins/summernote/summernote-bs4.min.js ................................................. ~ 0s
  2026-05-20 09:06:14 /plugins/overlayScrollbars/js/jquery.overlayScrollbars.min.js ............................. ~ 0s
  2026-05-20 09:06:14 /dist/js/adminlte.js ...................................................................... ~ 0s
  2026-05-20 09:06:14 /plugins/select2/js/select2.full.min.js ................................................... ~ 0s
  2026-05-20 09:06:14 /js/custom-script.js ...................................................................... ~ 0s
  2026-05-20 09:06:14 /plugins/dropzone/min/dropzone.min.js ..................................................... ~ 0s
  2026-05-20 09:06:14 /plugins/fontawesome-free/webfonts/fa-solid-900.woff2 ..................................... ~ 0s
  2026-05-20 09:06:14 /assets/js/datatable/jquery.dataTables.min.js ............................................. ~ 0s
  2026-05-20 09:06:14 /assets/js/datatable/dataTables.buttons.min.js ............................................ ~ 0s
  2026-05-20 09:06:14 /assets/js/datatable/datatable.js ......................................................... ~ 0s
  2026-05-20 09:06:14 ........................................................................................... ~ 0s
  2026-05-20 09:06:14 ........................................................................................... ~ 0s
  2026-05-20 09:06:14 /dist/img/default-150x150.png ............................................................. ~ 0s
  2026-05-20 09:06:14 /plugins/fontawesome-free/webfonts/fa-regular-400.woff2 ................................... ~ 0s
  2026-05-20 09:06:16 ........................................................................................... ~ 1s
  2026-05-20 09:06:16 /plugins/fontawesome-free/css/all.min.css ................................................. ~ 1s
  2026-05-20 09:06:17 /plugins/tempusdominus-bootstrap-4/css/tempusdominus-bootstrap-4.min.css .................. ~ 0s
  2026-05-20 09:06:17 /plugins/icheck-bootstrap/icheck-bootstrap.min.css ........................................ ~ 0s
  2026-05-20 09:06:17 /plugins/jqvmap/jqvmap.min.css ............................................................ ~ 0s
  2026-05-20 09:06:17 /plugins/overlayScrollbars/css/OverlayScrollbars.min.css .................................. ~ 0s
  2026-05-20 09:06:17 /plugins/daterangepicker/daterangepicker.css .............................................. ~ 0s
  2026-05-20 09:06:17 /plugins/summernote/summernote-bs4.min.css ................................................ ~ 0s
  2026-05-20 09:06:17 /plugins/select2/css/select2.min.css ...................................................... ~ 0s
  2026-05-20 09:06:17 /plugins/select2-bootstrap4-theme/select2-bootstrap4.min.css .............................. ~ 0s
  2026-05-20 09:06:17 /plugins/dropzone/min/dropzone.min.css .................................................... ~ 0s
  2026-05-20 09:06:17 /assets/css/datatable/datatable.css ....................................................... ~ 0s
  2026-05-20 09:06:17 /assets/css/datatable/buttons.dataTables.min.css .......................................... ~ 0s
  2026-05-20 09:06:17 /css/custom-style.css ..................................................................... ~ 0s
  2026-05-20 09:06:17 /dist/css/adminlte.min.css ................................................................ ~ 0s
  2026-05-20 09:06:17 /assets/images/demo/logo.svg .............................................................. ~ 0s
  2026-05-20 09:06:17 /assets/images/demo/favicon.svg ........................................................... ~ 0s
  2026-05-20 09:06:17 /assets/images/demo/apple-icon.svg ........................................................ ~ 0s
  2026-05-20 09:06:17 /plugins/jquery/jquery.min.js ............................................................. ~ 0s
  2026-05-20 09:06:17 /plugins/jquery-ui/jquery-ui.min.js ....................................................... ~ 0s
  2026-05-20 09:06:17 /plugins/bootstrap/js/bootstrap.bundle.min.js ............................................. ~ 0s
  2026-05-20 09:06:17 /plugins/chart.js/Chart.min.js ............................................................ ~ 0s
  2026-05-20 09:06:17 /plugins/sparklines/sparkline.js .......................................................... ~ 0s
  2026-05-20 09:06:17 /plugins/jqvmap/jquery.vmap.min.js ........................................................ ~ 0s
  2026-05-20 09:06:17 /plugins/jqvmap/maps/jquery.vmap.usa.js ................................................... ~ 0s
  2026-05-20 09:06:17 /plugins/jquery-knob/jquery.knob.min.js ................................................... ~ 0s
  2026-05-20 09:06:17 /plugins/moment/moment.min.js ............................................................. ~ 0s
  2026-05-20 09:06:17 /plugins/daterangepicker/daterangepicker.js ............................................... ~ 0s
  2026-05-20 09:06:17 /plugins/tempusdominus-bootstrap-4/js/tempusdominus-bootstrap-4.min.js .................... ~ 0s
  2026-05-20 09:06:17 /plugins/summernote/summernote-bs4.min.js ................................................. ~ 0s
  2026-05-20 09:06:17 /plugins/overlayScrollbars/js/jquery.overlayScrollbars.min.js ............................. ~ 0s
  2026-05-20 09:06:17 /dist/js/adminlte.js ...................................................................... ~ 0s
  2026-05-20 09:06:17 /plugins/select2/js/select2.full.min.js ................................................... ~ 0s
  2026-05-20 09:06:17 /js/custom-script.js ...................................................................... ~ 0s
  2026-05-20 09:06:17 /plugins/dropzone/min/dropzone.min.js ..................................................... ~ 0s
  2026-05-20 09:06:17 /plugins/fontawesome-free/webfonts/fa-solid-900.woff2 ..................................... ~ 0s
  2026-05-20 09:06:17 /assets/js/datatable/datatable.js ......................................................... ~ 0s
  2026-05-20 09:06:17 /assets/js/datatable/jquery.dataTables.min.js ............................................. ~ 0s
  2026-05-20 09:06:17 /assets/js/datatable/dataTables.buttons.min.js ............................................ ~ 0s
  2026-05-20 09:06:17 /assets/images/demo/favicon.svg ........................................................... ~ 0s
  2026-05-20 09:06:26 /plugins/fontawesome-free/webfonts/fa-regular-400.woff2 ................................... ~ 0s
  2026-05-20 09:06:39 /plugins/fontawesome-free/webfonts/fa-brands-400.woff2 .................................... ~ 0s
  2026-05-20 09:08:33 ........................................................................................... ~ 0s
  2026-05-20 09:08:33 /plugins/fontawesome-free/css/all.min.css ................................................. ~ 0s
  2026-05-20 09:08:33 /plugins/tempusdominus-bootstrap-4/css/tempusdominus-bootstrap-4.min.css .................. ~ 0s
  2026-05-20 09:08:33 /plugins/icheck-bootstrap/icheck-bootstrap.min.css ........................................ ~ 0s
  2026-05-20 09:08:33 /plugins/jqvmap/jqvmap.min.css ............................................................ ~ 0s
  2026-05-20 09:08:33 /plugins/overlayScrollbars/css/OverlayScrollbars.min.css .................................. ~ 0s
  2026-05-20 09:08:33 /plugins/daterangepicker/daterangepicker.css .............................................. ~ 0s
  2026-05-20 09:08:33 /plugins/summernote/summernote-bs4.min.css ................................................ ~ 0s
  2026-05-20 09:08:33 /plugins/select2/css/select2.min.css ...................................................... ~ 0s
  2026-05-20 09:08:33 /plugins/select2-bootstrap4-theme/select2-bootstrap4.min.css .............................. ~ 0s
  2026-05-20 09:08:33 /plugins/dropzone/min/dropzone.min.css .................................................... ~ 0s
  2026-05-20 09:08:33 /assets/css/datatable/datatable.css ....................................................... ~ 0s
  2026-05-20 09:08:33 /dist/css/adminlte.min.css ................................................................ ~ 0s
  2026-05-20 09:08:33 /assets/css/datatable/buttons.dataTables.min.css .......................................... ~ 0s
  2026-05-20 09:08:33 /css/custom-style.css ..................................................................... ~ 0s
  2026-05-20 09:08:33 /assets/images/demo/logo.svg .............................................................. ~ 0s
  2026-05-20 09:08:33 /plugins/jquery/jquery.min.js ............................................................. ~ 0s
  2026-05-20 09:08:33 /plugins/jquery-ui/jquery-ui.min.js ....................................................... ~ 0s
  2026-05-20 09:08:33 /plugins/bootstrap/js/bootstrap.bundle.min.js ............................................. ~ 0s
  2026-05-20 09:08:33 /plugins/chart.js/Chart.min.js ............................................................ ~ 0s
  2026-05-20 09:08:33 /plugins/sparklines/sparkline.js .......................................................... ~ 0s
  2026-05-20 09:08:33 /plugins/jqvmap/jquery.vmap.min.js ........................................................ ~ 0s
  2026-05-20 09:08:33 /plugins/jqvmap/maps/jquery.vmap.usa.js ................................................... ~ 0s
  2026-05-20 09:08:33 /plugins/jquery-knob/jquery.knob.min.js ................................................... ~ 0s
  2026-05-20 09:08:33 /plugins/moment/moment.min.js ............................................................. ~ 0s
  2026-05-20 09:08:33 /plugins/daterangepicker/daterangepicker.js ............................................... ~ 0s
  2026-05-20 09:08:33 /plugins/tempusdominus-bootstrap-4/js/tempusdominus-bootstrap-4.min.js .................... ~ 0s
  2026-05-20 09:08:33 /plugins/summernote/summernote-bs4.min.js ................................................. ~ 0s
  2026-05-20 09:08:33 /plugins/overlayScrollbars/js/jquery.overlayScrollbars.min.js ............................. ~ 0s
  2026-05-20 09:08:33 /dist/js/adminlte.js ...................................................................... ~ 0s
  2026-05-20 09:08:33 /plugins/select2/js/select2.full.min.js ................................................... ~ 0s
  2026-05-20 09:08:33 /js/custom-script.js ...................................................................... ~ 0s
  2026-05-20 09:08:33 /plugins/dropzone/min/dropzone.min.js ..................................................... ~ 0s
  2026-05-20 09:08:33 /assets/js/datatable/jquery.dataTables.min.js ............................................. ~ 0s
  2026-05-20 09:08:33 /assets/js/datatable/dataTables.buttons.min.js ............................................ ~ 0s
  2026-05-20 09:08:33 /assets/js/datatable/datatable.js ......................................................... ~ 0s
  2026-05-20 09:08:33 /plugins/fontawesome-free/webfonts/fa-solid-900.woff2 ..................................... ~ 0s
  2026-05-20 09:08:34 ........................................................................................... ~ 0s
  2026-05-20 09:08:34 ........................................................................................... ~ 0s
  2026-05-20 09:08:34 /dist/img/default-150x150.png ............................................................. ~ 0s
  2026-05-20 09:08:34 /plugins/fontawesome-free/webfonts/fa-regular-400.woff2 ................................... ~ 0s
  2026-05-20 09:08:35 ........................................................................................... ~ 0s
  2026-05-20 09:08:35 /plugins/fontawesome-free/css/all.min.css ................................................. ~ 0s
  2026-05-20 09:08:35 /plugins/tempusdominus-bootstrap-4/css/tempusdominus-bootstrap-4.min.css .................. ~ 0s
  2026-05-20 09:08:35 /plugins/icheck-bootstrap/icheck-bootstrap.min.css ........................................ ~ 0s
  2026-05-20 09:08:35 /plugins/jqvmap/jqvmap.min.css ............................................................ ~ 0s
  2026-05-20 09:08:35 /plugins/overlayScrollbars/css/OverlayScrollbars.min.css .................................. ~ 0s
  2026-05-20 09:08:35 /plugins/daterangepicker/daterangepicker.css .............................................. ~ 0s
  2026-05-20 09:08:35 /plugins/summernote/summernote-bs4.min.css ................................................ ~ 0s
  2026-05-20 09:08:35 /plugins/select2/css/select2.min.css ...................................................... ~ 0s
  2026-05-20 09:08:35 /plugins/select2-bootstrap4-theme/select2-bootstrap4.min.css .............................. ~ 0s
  2026-05-20 09:08:35 /plugins/dropzone/min/dropzone.min.css .................................................... ~ 0s
  2026-05-20 09:08:35 /assets/css/datatable/datatable.css ....................................................... ~ 0s
  2026-05-20 09:08:35 /dist/css/adminlte.min.css ................................................................ ~ 0s
  2026-05-20 09:08:35 /assets/css/datatable/buttons.dataTables.min.css .......................................... ~ 0s
  2026-05-20 09:08:35 /css/custom-style.css ..................................................................... ~ 0s
  2026-05-20 09:08:35 /assets/images/demo/logo.svg .............................................................. ~ 0s
  2026-05-20 09:08:35 /plugins/jquery/jquery.min.js ............................................................. ~ 0s
  2026-05-20 09:08:35 /plugins/jquery-ui/jquery-ui.min.js ....................................................... ~ 0s
  2026-05-20 09:08:35 /plugins/bootstrap/js/bootstrap.bundle.min.js ............................................. ~ 0s
  2026-05-20 09:08:35 /plugins/chart.js/Chart.min.js ............................................................ ~ 0s
  2026-05-20 09:08:35 /plugins/sparklines/sparkline.js .......................................................... ~ 0s
  2026-05-20 09:08:35 /plugins/jqvmap/jquery.vmap.min.js ........................................................ ~ 0s
  2026-05-20 09:08:35 /plugins/jqvmap/maps/jquery.vmap.usa.js ................................................... ~ 0s
  2026-05-20 09:08:35 /plugins/jquery-knob/jquery.knob.min.js ................................................... ~ 0s
  2026-05-20 09:08:35 /plugins/moment/moment.min.js ............................................................. ~ 0s
  2026-05-20 09:08:35 /plugins/daterangepicker/daterangepicker.js ............................................... ~ 0s
  2026-05-20 09:08:35 /plugins/tempusdominus-bootstrap-4/js/tempusdominus-bootstrap-4.min.js .................... ~ 0s
  2026-05-20 09:08:35 /plugins/summernote/summernote-bs4.min.js ................................................. ~ 0s
  2026-05-20 09:08:35 /plugins/overlayScrollbars/js/jquery.overlayScrollbars.min.js ............................. ~ 0s
  2026-05-20 09:08:35 /dist/js/adminlte.js ...................................................................... ~ 0s
  2026-05-20 09:08:35 /plugins/select2/js/select2.full.min.js ................................................... ~ 0s
  2026-05-20 09:08:35 /js/custom-script.js ...................................................................... ~ 0s
  2026-05-20 09:08:35 /plugins/dropzone/min/dropzone.min.js ..................................................... ~ 0s
  2026-05-20 09:08:35 /plugins/fontawesome-free/webfonts/fa-solid-900.woff2 ..................................... ~ 0s
  2026-05-20 09:08:35 /plugins/fontawesome-free/webfonts/fa-regular-400.woff2 ................................... ~ 0s
  2026-05-20 09:08:35 /assets/js/datatable/jquery.dataTables.min.js ............................................. ~ 0s
  2026-05-20 09:08:35 /assets/js/datatable/datatable.js ......................................................... ~ 0s
  2026-05-20 09:08:35 /assets/js/datatable/dataTables.buttons.min.js ............................................ ~ 0s
  2026-05-20 09:08:40 ........................................................................................... ~ 0s
  2026-05-20 09:08:40 /plugins/fontawesome-free/css/all.min.css ................................................. ~ 0s
  2026-05-20 09:08:40 /plugins/tempusdominus-bootstrap-4/css/tempusdominus-bootstrap-4.min.css .................. ~ 0s
  2026-05-20 09:08:40 /plugins/icheck-bootstrap/icheck-bootstrap.min.css ........................................ ~ 0s
  2026-05-20 09:08:40 /plugins/jqvmap/jqvmap.min.css ............................................................ ~ 0s
  2026-05-20 09:08:40 /plugins/overlayScrollbars/css/OverlayScrollbars.min.css .................................. ~ 0s
  2026-05-20 09:08:40 /plugins/daterangepicker/daterangepicker.css .............................................. ~ 0s
  2026-05-20 09:08:40 /plugins/summernote/summernote-bs4.min.css ................................................ ~ 0s
  2026-05-20 09:08:40 /plugins/select2/css/select2.min.css ...................................................... ~ 0s
  2026-05-20 09:08:40 /plugins/select2-bootstrap4-theme/select2-bootstrap4.min.css .............................. ~ 0s
  2026-05-20 09:08:40 /plugins/dropzone/min/dropzone.min.css .................................................... ~ 0s
  2026-05-20 09:08:40 /dist/css/adminlte.min.css ................................................................ ~ 0s
  2026-05-20 09:08:40 /assets/css/datatable/datatable.css ....................................................... ~ 0s
  2026-05-20 09:08:40 /assets/css/datatable/buttons.dataTables.min.css .......................................... ~ 0s
  2026-05-20 09:08:40 /css/custom-style.css ..................................................................... ~ 0s
  2026-05-20 09:08:40 /assets/images/demo/logo.svg .............................................................. ~ 0s
  2026-05-20 09:08:40 /plugins/jquery/jquery.min.js ............................................................. ~ 0s
  2026-05-20 09:08:40 /plugins/jquery-ui/jquery-ui.min.js ....................................................... ~ 0s
  2026-05-20 09:08:40 /plugins/bootstrap/js/bootstrap.bundle.min.js ............................................. ~ 0s
  2026-05-20 09:08:40 /plugins/chart.js/Chart.min.js ............................................................ ~ 0s
  2026-05-20 09:08:40 /plugins/sparklines/sparkline.js .......................................................... ~ 0s
  2026-05-20 09:08:40 /plugins/jqvmap/jquery.vmap.min.js ........................................................ ~ 0s
  2026-05-20 09:08:40 /plugins/jqvmap/maps/jquery.vmap.usa.js ................................................... ~ 0s
  2026-05-20 09:08:40 /plugins/jquery-knob/jquery.knob.min.js ................................................... ~ 0s
  2026-05-20 09:08:40 /plugins/moment/moment.min.js ............................................................. ~ 0s
  2026-05-20 09:08:40 /plugins/daterangepicker/daterangepicker.js ............................................... ~ 0s
  2026-05-20 09:08:40 /plugins/tempusdominus-bootstrap-4/js/tempusdominus-bootstrap-4.min.js .................... ~ 0s
  2026-05-20 09:08:40 /plugins/summernote/summernote-bs4.min.js ................................................. ~ 0s
  2026-05-20 09:08:40 /plugins/overlayScrollbars/js/jquery.overlayScrollbars.min.js ............................. ~ 0s
  2026-05-20 09:08:40 /dist/js/adminlte.js ...................................................................... ~ 0s
  2026-05-20 09:08:40 /plugins/select2/js/select2.full.min.js ................................................... ~ 0s
  2026-05-20 09:08:40 /js/custom-script.js ...................................................................... ~ 0s
  2026-05-20 09:08:40 /plugins/dropzone/min/dropzone.min.js ..................................................... ~ 0s
  2026-05-20 09:08:40 /assets/js/datatable/jquery.dataTables.min.js ............................................. ~ 0s
  2026-05-20 09:08:40 /assets/js/datatable/dataTables.buttons.min.js ............................................ ~ 0s
  2026-05-20 09:08:40 /plugins/fontawesome-free/webfonts/fa-solid-900.woff2 ..................................... ~ 0s
  2026-05-20 09:08:40 /assets/js/datatable/datatable.js ......................................................... ~ 0s
  2026-05-20 09:08:40 ........................................................................................... ~ 0s
  2026-05-20 09:08:40 ........................................................................................... ~ 0s
  2026-05-20 09:08:40 ........................................................................................... ~ 0s
  2026-05-20 09:08:40 ........................................................................................... ~ 0s
  2026-05-20 09:08:40 ........................................................................................... ~ 1s
  2026-05-20 09:08:41 ........................................................................................... ~ 0s
  2026-05-20 09:08:40 /assets/images/demo/products/mala-pork-belly.svg .......................................... ~ 1s
  2026-05-20 09:08:41 ........................................................................................... ~ 0s
  2026-05-20 09:08:41 /assets/images/demo/products/mala-beef.svg ................................................ ~ 0s
  2026-05-20 09:08:41 /assets/images/demo/products/mala-cheese-sausage.svg ...................................... ~ 0s
  2026-05-20 09:08:41 /assets/images/demo/products/set-mala-s.svg ............................................... ~ 0s
  2026-05-20 09:08:41 /assets/images/demo/products/mala-fish-tofu.svg ........................................... ~ 0s
  2026-05-20 09:08:41 /assets/images/demo/products/set-mala-l.svg ............................................... ~ 0s
  2026-05-20 09:08:41 /assets/images/demo/products/drink-thai-milk-tea.svg ...................................... ~ 0s
  2026-05-20 09:08:41 /assets/images/demo/products/drink-longan.svg ............................................. ~ 0s
  2026-05-20 09:08:41 /assets/images/demo/products/set-mala-m.svg ............................................... ~ 0s
  2026-05-20 09:08:41 /assets/images/demo/products/drink-lemon-tea.svg .......................................... ~ 0s
  2026-05-20 09:08:41 /assets/images/demo/products/drink-water.svg .............................................. ~ 0s
  2026-05-20 09:08:41 ........................................................................................... ~ 0s
  2026-05-20 09:08:41 /assets/images/demo/products/mala-enoki.svg ............................................... ~ 0s
  2026-05-20 09:08:47 ........................................................................................... ~ 0s
  2026-05-20 09:08:47 ........................................................................................... ~ 0s
  2026-05-20 09:08:47 ........................................................................................... ~ 0s
  2026-05-20 09:08:47 ........................................................................................... ~ 0s
  2026-05-20 09:08:48 ........................................................................................... ~ 0s
  2026-05-20 09:08:48 ........................................................................................... ~ 0s
  2026-05-20 09:08:57 ........................................................................................... ~ 0s
  2026-05-20 09:08:57 /plugins/fontawesome-free/css/all.min.css ................................................. ~ 0s
  2026-05-20 09:08:57 /plugins/tempusdominus-bootstrap-4/css/tempusdominus-bootstrap-4.min.css .................. ~ 0s
  2026-05-20 09:08:57 /plugins/icheck-bootstrap/icheck-bootstrap.min.css ........................................ ~ 0s
  2026-05-20 09:08:57 /plugins/jqvmap/jqvmap.min.css ............................................................ ~ 0s
  2026-05-20 09:08:57 /plugins/overlayScrollbars/css/OverlayScrollbars.min.css .................................. ~ 0s
  2026-05-20 09:08:57 /plugins/daterangepicker/daterangepicker.css .............................................. ~ 0s
  2026-05-20 09:08:57 /plugins/summernote/summernote-bs4.min.css ................................................ ~ 0s
  2026-05-20 09:08:57 /plugins/select2/css/select2.min.css ...................................................... ~ 0s
  2026-05-20 09:08:57 /plugins/select2-bootstrap4-theme/select2-bootstrap4.min.css .............................. ~ 0s
  2026-05-20 09:08:57 /plugins/dropzone/min/dropzone.min.css .................................................... ~ 0s
  2026-05-20 09:08:57 /dist/css/adminlte.min.css ................................................................ ~ 0s
  2026-05-20 09:08:57 /assets/css/datatable/datatable.css ....................................................... ~ 0s
  2026-05-20 09:08:57 /assets/css/datatable/buttons.dataTables.min.css .......................................... ~ 0s
  2026-05-20 09:08:57 /css/custom-style.css ..................................................................... ~ 0s
  2026-05-20 09:08:57 /assets/images/demo/logo.svg .............................................................. ~ 0s
  2026-05-20 09:08:57 /plugins/jquery/jquery.min.js ............................................................. ~ 0s
  2026-05-20 09:08:57 /plugins/jquery-ui/jquery-ui.min.js ....................................................... ~ 0s
  2026-05-20 09:08:57 /plugins/bootstrap/js/bootstrap.bundle.min.js ............................................. ~ 0s
  2026-05-20 09:08:57 /plugins/chart.js/Chart.min.js ............................................................ ~ 0s
  2026-05-20 09:08:57 /plugins/sparklines/sparkline.js .......................................................... ~ 0s
  2026-05-20 09:08:57 /plugins/jqvmap/jquery.vmap.min.js ........................................................ ~ 0s
  2026-05-20 09:08:57 /plugins/jqvmap/maps/jquery.vmap.usa.js ................................................... ~ 0s
  2026-05-20 09:08:57 /plugins/jquery-knob/jquery.knob.min.js ................................................... ~ 0s
  2026-05-20 09:08:57 /plugins/moment/moment.min.js ............................................................. ~ 0s
  2026-05-20 09:08:57 /plugins/daterangepicker/daterangepicker.js ............................................... ~ 0s
  2026-05-20 09:08:57 /plugins/tempusdominus-bootstrap-4/js/tempusdominus-bootstrap-4.min.js .................... ~ 0s
  2026-05-20 09:08:57 /plugins/summernote/summernote-bs4.min.js ................................................. ~ 0s
  2026-05-20 09:08:57 /plugins/overlayScrollbars/js/jquery.overlayScrollbars.min.js ............................. ~ 0s
  2026-05-20 09:08:57 /dist/js/adminlte.js ...................................................................... ~ 0s
  2026-05-20 09:08:57 /plugins/fontawesome-free/webfonts/fa-solid-900.woff2 ..................................... ~ 0s
  2026-05-20 09:08:57 /plugins/select2/js/select2.full.min.js ................................................... ~ 0s
  2026-05-20 09:08:57 /js/custom-script.js ...................................................................... ~ 0s
  2026-05-20 09:08:57 /plugins/dropzone/min/dropzone.min.js ..................................................... ~ 0s
  2026-05-20 09:08:57 /assets/js/datatable/jquery.dataTables.min.js ............................................. ~ 0s
  2026-05-20 09:08:57 /assets/js/datatable/dataTables.buttons.min.js ............................................ ~ 0s
  2026-05-20 09:08:57 /assets/js/datatable/datatable.js ......................................................... ~ 0s
  2026-05-20 09:08:57 ........................................................................................... ~ 0s
  2026-05-20 09:08:57 /assets/images/demo/favicon.svg ........................................................... ~ 0s
  2026-05-20 09:08:57 ........................................................................................... ~ 0s
  2026-05-20 09:09:01 ........................................................................................... ~ 1s
  2026-05-20 09:09:01 /plugins/fontawesome-free/css/all.min.css ................................................. ~ 1s
  2026-05-20 09:09:02 /plugins/tempusdominus-bootstrap-4/css/tempusdominus-bootstrap-4.min.css .................. ~ 0s
  2026-05-20 09:09:02 /plugins/icheck-bootstrap/icheck-bootstrap.min.css ........................................ ~ 0s
  2026-05-20 09:09:02 /plugins/jqvmap/jqvmap.min.css ............................................................ ~ 0s
  2026-05-20 09:09:02 /plugins/overlayScrollbars/css/OverlayScrollbars.min.css .................................. ~ 0s
  2026-05-20 09:09:02 /plugins/daterangepicker/daterangepicker.css .............................................. ~ 0s
  2026-05-20 09:09:02 /plugins/summernote/summernote-bs4.min.css ................................................ ~ 0s
  2026-05-20 09:09:02 /plugins/select2/css/select2.min.css ...................................................... ~ 0s
  2026-05-20 09:09:02 /plugins/select2-bootstrap4-theme/select2-bootstrap4.min.css .............................. ~ 0s
  2026-05-20 09:09:02 /dist/css/adminlte.min.css ................................................................ ~ 0s
  2026-05-20 09:09:02 /plugins/dropzone/min/dropzone.min.css .................................................... ~ 0s
  2026-05-20 09:09:02 /assets/css/datatable/datatable.css ....................................................... ~ 0s
  2026-05-20 09:09:02 /assets/css/datatable/buttons.dataTables.min.css .......................................... ~ 0s
  2026-05-20 09:09:02 /css/custom-style.css ..................................................................... ~ 0s
  2026-05-20 09:09:02 /assets/images/demo/logo.svg .............................................................. ~ 0s
  2026-05-20 09:09:02 /plugins/jquery/jquery.min.js ............................................................. ~ 0s
  2026-05-20 09:09:02 /plugins/jquery-ui/jquery-ui.min.js ....................................................... ~ 0s
  2026-05-20 09:09:02 /plugins/bootstrap/js/bootstrap.bundle.min.js ............................................. ~ 0s
  2026-05-20 09:09:02 /plugins/chart.js/Chart.min.js ............................................................ ~ 0s
  2026-05-20 09:09:02 /plugins/sparklines/sparkline.js .......................................................... ~ 0s
  2026-05-20 09:09:02 /plugins/jqvmap/jquery.vmap.min.js ........................................................ ~ 0s
  2026-05-20 09:09:02 /plugins/jqvmap/maps/jquery.vmap.usa.js ................................................... ~ 0s
  2026-05-20 09:09:02 /plugins/jquery-knob/jquery.knob.min.js ................................................... ~ 0s
  2026-05-20 09:09:02 /plugins/moment/moment.min.js ............................................................. ~ 0s
  2026-05-20 09:09:02 /plugins/daterangepicker/daterangepicker.js ............................................... ~ 0s
  2026-05-20 09:09:02 /plugins/tempusdominus-bootstrap-4/js/tempusdominus-bootstrap-4.min.js .................... ~ 0s
  2026-05-20 09:09:02 /plugins/summernote/summernote-bs4.min.js ................................................. ~ 0s
  2026-05-20 09:09:02 /plugins/overlayScrollbars/js/jquery.overlayScrollbars.min.js ............................. ~ 0s
  2026-05-20 09:09:02 /dist/js/adminlte.js ...................................................................... ~ 0s
  2026-05-20 09:09:02 /plugins/select2/js/select2.full.min.js ................................................... ~ 0s
  2026-05-20 09:09:02 /js/custom-script.js ...................................................................... ~ 0s
  2026-05-20 09:09:02 /plugins/dropzone/min/dropzone.min.js ..................................................... ~ 0s
  2026-05-20 09:09:02 /plugins/fontawesome-free/webfonts/fa-solid-900.woff2 ..................................... ~ 0s
  2026-05-20 09:09:02 /assets/js/datatable/jquery.dataTables.min.js ............................................. ~ 0s
  2026-05-20 09:09:02 /assets/js/datatable/datatable.js ......................................................... ~ 0s
  2026-05-20 09:09:02 /plugins/fontawesome-free/webfonts/fa-regular-400.woff2 ................................... ~ 0s
  2026-05-20 09:09:02 /assets/js/datatable/dataTables.buttons.min.js ............................................ ~ 0s
  2026-05-20 09:14:47 ........................................................................................... ~ 0s
  2026-05-20 09:14:47 /plugins/fontawesome-free/css/all.min.css ................................................. ~ 0s
  2026-05-20 09:14:47 /plugins/tempusdominus-bootstrap-4/css/tempusdominus-bootstrap-4.min.css .................. ~ 0s
  2026-05-20 09:14:47 /plugins/icheck-bootstrap/icheck-bootstrap.min.css ........................................ ~ 0s
  2026-05-20 09:14:47 /plugins/jqvmap/jqvmap.min.css ............................................................ ~ 0s
  2026-05-20 09:14:47 /plugins/overlayScrollbars/css/OverlayScrollbars.min.css .................................. ~ 0s
  2026-05-20 09:14:47 /plugins/daterangepicker/daterangepicker.css .............................................. ~ 0s
  2026-05-20 09:14:47 /plugins/summernote/summernote-bs4.min.css ................................................ ~ 0s
  2026-05-20 09:14:47 /plugins/select2/css/select2.min.css ...................................................... ~ 0s
  2026-05-20 09:14:47 /plugins/select2-bootstrap4-theme/select2-bootstrap4.min.css .............................. ~ 0s
  2026-05-20 09:14:47 /plugins/dropzone/min/dropzone.min.css .................................................... ~ 0s
  2026-05-20 09:14:47 /assets/css/datatable/datatable.css ....................................................... ~ 0s
  2026-05-20 09:14:47 /assets/css/datatable/buttons.dataTables.min.css .......................................... ~ 0s
  2026-05-20 09:14:47 /css/custom-style.css ..................................................................... ~ 0s
  2026-05-20 09:14:47 /dist/css/adminlte.min.css ................................................................ ~ 0s
  2026-05-20 09:14:47 /assets/images/demo/logo.svg .............................................................. ~ 0s
  2026-05-20 09:14:47 /plugins/jquery/jquery.min.js ............................................................. ~ 0s
  2026-05-20 09:14:47 /plugins/jquery-ui/jquery-ui.min.js ....................................................... ~ 0s
  2026-05-20 09:14:47 /plugins/bootstrap/js/bootstrap.bundle.min.js ............................................. ~ 0s
  2026-05-20 09:14:47 /plugins/chart.js/Chart.min.js ............................................................ ~ 0s
  2026-05-20 09:14:47 /plugins/sparklines/sparkline.js .......................................................... ~ 0s
  2026-05-20 09:14:47 /plugins/jqvmap/jquery.vmap.min.js ........................................................ ~ 0s
  2026-05-20 09:14:47 /plugins/jqvmap/maps/jquery.vmap.usa.js ................................................... ~ 0s
  2026-05-20 09:14:47 /plugins/jquery-knob/jquery.knob.min.js ................................................... ~ 0s
  2026-05-20 09:14:47 /plugins/moment/moment.min.js ............................................................. ~ 0s
  2026-05-20 09:14:47 /plugins/daterangepicker/daterangepicker.js ............................................... ~ 0s
  2026-05-20 09:14:47 /plugins/tempusdominus-bootstrap-4/js/tempusdominus-bootstrap-4.min.js .................... ~ 0s
  2026-05-20 09:14:47 /plugins/summernote/summernote-bs4.min.js ................................................. ~ 0s
  2026-05-20 09:14:47 /plugins/overlayScrollbars/js/jquery.overlayScrollbars.min.js ............................. ~ 0s
  2026-05-20 09:14:47 /dist/js/adminlte.js ...................................................................... ~ 0s
  2026-05-20 09:14:47 /plugins/select2/js/select2.full.min.js ................................................... ~ 0s
  2026-05-20 09:14:47 /js/custom-script.js ...................................................................... ~ 0s
  2026-05-20 09:14:47 /plugins/dropzone/min/dropzone.min.js ..................................................... ~ 0s
  2026-05-20 09:14:47 /assets/js/datatable/datatable.js ......................................................... ~ 0s
  2026-05-20 09:14:47 /assets/js/datatable/jquery.dataTables.min.js ............................................. ~ 0s
  2026-05-20 09:14:47 /assets/js/datatable/dataTables.buttons.min.js ............................................ ~ 0s
  2026-05-20 09:14:47 /plugins/fontawesome-free/webfonts/fa-solid-900.woff2 ..................................... ~ 0s
  2026-05-20 09:14:47 /plugins/fontawesome-free/webfonts/fa-regular-400.woff2 ................................... ~ 0s
  2026-05-20 09:14:48 /assets/images/demo/favicon.svg ........................................................... ~ 0s
  2026-05-20 09:15:10 ........................................................................................... ~ 0s
  2026-05-20 09:15:10 /plugins/fontawesome-free/css/all.min.css ................................................. ~ 0s
  2026-05-20 09:15:10 /plugins/tempusdominus-bootstrap-4/css/tempusdominus-bootstrap-4.min.css .................. ~ 0s
  2026-05-20 09:15:10 /plugins/icheck-bootstrap/icheck-bootstrap.min.css ........................................ ~ 0s
  2026-05-20 09:15:10 /plugins/jqvmap/jqvmap.min.css ............................................................ ~ 0s
  2026-05-20 09:15:10 /plugins/overlayScrollbars/css/OverlayScrollbars.min.css .................................. ~ 0s
  2026-05-20 09:15:10 /plugins/daterangepicker/daterangepicker.css .............................................. ~ 0s
  2026-05-20 09:15:10 /plugins/summernote/summernote-bs4.min.css ................................................ ~ 0s
  2026-05-20 09:15:10 /plugins/select2/css/select2.min.css ...................................................... ~ 0s
  2026-05-20 09:15:10 /plugins/select2-bootstrap4-theme/select2-bootstrap4.min.css .............................. ~ 0s
  2026-05-20 09:15:10 /plugins/dropzone/min/dropzone.min.css .................................................... ~ 0s
  2026-05-20 09:15:10 /assets/css/datatable/datatable.css ....................................................... ~ 0s
  2026-05-20 09:15:10 /assets/css/datatable/buttons.dataTables.min.css .......................................... ~ 0s
  2026-05-20 09:15:10 /dist/css/adminlte.min.css ................................................................ ~ 0s
  2026-05-20 09:15:10 /css/custom-style.css ..................................................................... ~ 0s
  2026-05-20 09:15:10 /assets/images/demo/logo.svg .............................................................. ~ 0s
  2026-05-20 09:15:10 /plugins/jquery/jquery.min.js ............................................................. ~ 0s
  2026-05-20 09:15:10 /plugins/jquery-ui/jquery-ui.min.js ....................................................... ~ 0s
  2026-05-20 09:15:10 /plugins/bootstrap/js/bootstrap.bundle.min.js ............................................. ~ 0s
  2026-05-20 09:15:10 /plugins/chart.js/Chart.min.js ............................................................ ~ 0s
  2026-05-20 09:15:10 /plugins/sparklines/sparkline.js .......................................................... ~ 0s
  2026-05-20 09:15:10 /plugins/jqvmap/jquery.vmap.min.js ........................................................ ~ 0s
  2026-05-20 09:15:10 /plugins/jqvmap/maps/jquery.vmap.usa.js ................................................... ~ 0s
  2026-05-20 09:15:10 /plugins/jquery-knob/jquery.knob.min.js ................................................... ~ 0s
  2026-05-20 09:15:10 /plugins/moment/moment.min.js ............................................................. ~ 0s
  2026-05-20 09:15:10 /plugins/daterangepicker/daterangepicker.js ............................................... ~ 0s
  2026-05-20 09:15:10 /plugins/tempusdominus-bootstrap-4/js/tempusdominus-bootstrap-4.min.js .................... ~ 0s
  2026-05-20 09:15:10 /plugins/summernote/summernote-bs4.min.js ................................................. ~ 0s
  2026-05-20 09:15:10 /plugins/overlayScrollbars/js/jquery.overlayScrollbars.min.js ............................. ~ 0s
  2026-05-20 09:15:10 /dist/js/adminlte.js ...................................................................... ~ 0s
  2026-05-20 09:15:10 /plugins/select2/js/select2.full.min.js ................................................... ~ 0s
  2026-05-20 09:15:10 /js/custom-script.js ...................................................................... ~ 0s
  2026-05-20 09:15:10 /plugins/dropzone/min/dropzone.min.js ..................................................... ~ 0s
  2026-05-20 09:15:10 /assets/js/datatable/jquery.dataTables.min.js ............................................. ~ 0s
  2026-05-20 09:15:10 /assets/js/datatable/datatable.js ......................................................... ~ 0s
  2026-05-20 09:15:10 /assets/js/datatable/dataTables.buttons.min.js ............................................ ~ 0s
  2026-05-20 09:15:10 /plugins/fontawesome-free/webfonts/fa-solid-900.woff2 ..................................... ~ 0s
  2026-05-20 09:15:10 /plugins/fontawesome-free/webfonts/fa-regular-400.woff2 ................................... ~ 0s
  2026-05-20 09:15:10 /assets/images/demo/favicon.svg ........................................................... ~ 0s
  2026-05-20 09:15:30 ........................................................................................... ~ 0s
  2026-05-20 09:15:30 /plugins/fontawesome-free/css/all.min.css ................................................. ~ 0s
  2026-05-20 09:15:30 /plugins/tempusdominus-bootstrap-4/css/tempusdominus-bootstrap-4.min.css .................. ~ 0s
  2026-05-20 09:15:30 /plugins/icheck-bootstrap/icheck-bootstrap.min.css ........................................ ~ 0s
  2026-05-20 09:15:30 /plugins/jqvmap/jqvmap.min.css ............................................................ ~ 0s
  2026-05-20 09:15:30 /plugins/overlayScrollbars/css/OverlayScrollbars.min.css .................................. ~ 0s
  2026-05-20 09:15:30 /plugins/daterangepicker/daterangepicker.css .............................................. ~ 0s
  2026-05-20 09:15:30 /plugins/summernote/summernote-bs4.min.css ................................................ ~ 0s
  2026-05-20 09:15:30 /plugins/select2/css/select2.min.css ...................................................... ~ 0s
  2026-05-20 09:15:30 /plugins/select2-bootstrap4-theme/select2-bootstrap4.min.css .............................. ~ 0s
  2026-05-20 09:15:30 /plugins/dropzone/min/dropzone.min.css .................................................... ~ 0s
  2026-05-20 09:15:30 /assets/css/datatable/datatable.css ....................................................... ~ 0s
  2026-05-20 09:15:30 /assets/css/datatable/buttons.dataTables.min.css .......................................... ~ 0s
  2026-05-20 09:15:30 /dist/css/adminlte.min.css ................................................................ ~ 0s
  2026-05-20 09:15:30 /css/custom-style.css ..................................................................... ~ 0s
  2026-05-20 09:15:30 /assets/images/demo/logo.svg .............................................................. ~ 0s
  2026-05-20 09:15:30 /plugins/jquery/jquery.min.js ............................................................. ~ 0s
  2026-05-20 09:15:30 /plugins/jquery-ui/jquery-ui.min.js ....................................................... ~ 0s
  2026-05-20 09:15:30 /plugins/bootstrap/js/bootstrap.bundle.min.js ............................................. ~ 0s
  2026-05-20 09:15:30 /plugins/chart.js/Chart.min.js ............................................................ ~ 0s
  2026-05-20 09:15:30 /plugins/sparklines/sparkline.js .......................................................... ~ 0s
  2026-05-20 09:15:30 /plugins/jqvmap/jquery.vmap.min.js ........................................................ ~ 0s
  2026-05-20 09:15:30 /plugins/jqvmap/maps/jquery.vmap.usa.js ................................................... ~ 0s
  2026-05-20 09:15:30 /plugins/jquery-knob/jquery.knob.min.js ................................................... ~ 0s
  2026-05-20 09:15:30 /plugins/moment/moment.min.js ............................................................. ~ 0s
  2026-05-20 09:15:30 /plugins/daterangepicker/daterangepicker.js ............................................... ~ 0s
  2026-05-20 09:15:30 /plugins/tempusdominus-bootstrap-4/js/tempusdominus-bootstrap-4.min.js .................... ~ 0s
  2026-05-20 09:15:30 /plugins/summernote/summernote-bs4.min.js ................................................. ~ 0s
  2026-05-20 09:15:30 /plugins/overlayScrollbars/js/jquery.overlayScrollbars.min.js ............................. ~ 0s
  2026-05-20 09:15:30 /dist/js/adminlte.js ...................................................................... ~ 0s
  2026-05-20 09:15:30 /plugins/select2/js/select2.full.min.js ................................................... ~ 0s
  2026-05-20 09:15:30 /js/custom-script.js ...................................................................... ~ 0s
  2026-05-20 09:15:30 /plugins/dropzone/min/dropzone.min.js ..................................................... ~ 0s
  2026-05-20 09:15:30 /assets/js/datatable/jquery.dataTables.min.js ............................................. ~ 0s
  2026-05-20 09:15:30 /assets/js/datatable/datatable.js ......................................................... ~ 0s
  2026-05-20 09:15:30 /assets/js/datatable/dataTables.buttons.min.js ............................................ ~ 0s
  2026-05-20 09:15:30 /plugins/fontawesome-free/webfonts/fa-solid-900.woff2 ..................................... ~ 0s
  2026-05-20 09:15:30 /plugins/fontawesome-free/webfonts/fa-regular-400.woff2 ................................... ~ 0s
  2026-05-20 09:15:31 /assets/images/demo/favicon.svg ........................................................... ~ 0s
  2026-05-20 09:59:38 ........................................................................................... ~ 1s
  2026-05-20 09:59:38 /plugins/fontawesome-free/css/all.min.css ................................................. ~ 1s
  2026-05-20 09:59:39 /plugins/tempusdominus-bootstrap-4/css/tempusdominus-bootstrap-4.min.css .................. ~ 0s
  2026-05-20 09:59:39 /plugins/icheck-bootstrap/icheck-bootstrap.min.css ........................................ ~ 0s
  2026-05-20 09:59:39 /plugins/jqvmap/jqvmap.min.css ............................................................ ~ 0s
  2026-05-20 09:59:39 /plugins/overlayScrollbars/css/OverlayScrollbars.min.css .................................. ~ 0s
  2026-05-20 09:59:39 /plugins/daterangepicker/daterangepicker.css .............................................. ~ 0s
  2026-05-20 09:59:39 /plugins/summernote/summernote-bs4.min.css ................................................ ~ 0s
  2026-05-20 09:59:39 /plugins/select2/css/select2.min.css ...................................................... ~ 0s
  2026-05-20 09:59:39 /plugins/select2-bootstrap4-theme/select2-bootstrap4.min.css .............................. ~ 0s
  2026-05-20 09:59:39 /dist/css/adminlte.min.css ................................................................ ~ 0s
  2026-05-20 09:59:39 /plugins/dropzone/min/dropzone.min.css .................................................... ~ 0s
  2026-05-20 09:59:39 /assets/css/datatable/datatable.css ....................................................... ~ 0s
  2026-05-20 09:59:39 /assets/css/datatable/buttons.dataTables.min.css .......................................... ~ 0s
  2026-05-20 09:59:39 /css/custom-style.css ..................................................................... ~ 0s
  2026-05-20 09:59:39 /assets/images/demo/logo.svg .............................................................. ~ 0s
  2026-05-20 09:59:39 /assets/images/demo/favicon.svg ........................................................... ~ 0s
  2026-05-20 09:59:39 /assets/images/demo/apple-icon.svg ........................................................ ~ 0s
  2026-05-20 09:59:39 /plugins/jquery/jquery.min.js ............................................................. ~ 0s
  2026-05-20 09:59:39 /plugins/jquery-ui/jquery-ui.min.js ....................................................... ~ 0s
  2026-05-20 09:59:39 /plugins/bootstrap/js/bootstrap.bundle.min.js ............................................. ~ 0s
  2026-05-20 09:59:39 /plugins/chart.js/Chart.min.js ............................................................ ~ 0s
  2026-05-20 09:59:39 /plugins/sparklines/sparkline.js .......................................................... ~ 0s
  2026-05-20 09:59:39 /plugins/jqvmap/jquery.vmap.min.js ........................................................ ~ 0s
  2026-05-20 09:59:39 /plugins/jqvmap/maps/jquery.vmap.usa.js ................................................... ~ 0s
  2026-05-20 09:59:39 /plugins/jquery-knob/jquery.knob.min.js ................................................... ~ 0s
  2026-05-20 09:59:39 /plugins/moment/moment.min.js ............................................................. ~ 0s
  2026-05-20 09:59:39 /plugins/daterangepicker/daterangepicker.js ............................................... ~ 0s
  2026-05-20 09:59:39 /plugins/tempusdominus-bootstrap-4/js/tempusdominus-bootstrap-4.min.js .................... ~ 0s
  2026-05-20 09:59:39 /plugins/summernote/summernote-bs4.min.js ................................................. ~ 0s
  2026-05-20 09:59:39 /plugins/overlayScrollbars/js/jquery.overlayScrollbars.min.js ............................. ~ 0s
  2026-05-20 09:59:39 /dist/js/adminlte.js ...................................................................... ~ 0s
  2026-05-20 09:59:39 /plugins/select2/js/select2.full.min.js ................................................... ~ 0s
  2026-05-20 09:59:39 /js/custom-script.js ...................................................................... ~ 0s
  2026-05-20 09:59:39 /plugins/dropzone/min/dropzone.min.js ..................................................... ~ 0s
  2026-05-20 09:59:39 /assets/js/datatable/jquery.dataTables.min.js ............................................. ~ 0s
  2026-05-20 09:59:39 /assets/js/datatable/dataTables.buttons.min.js ............................................ ~ 0s
  2026-05-20 09:59:39 /assets/js/datatable/datatable.js ......................................................... ~ 0s
  2026-05-20 09:59:39 /plugins/fontawesome-free/webfonts/fa-solid-900.woff2 ..................................... ~ 0s
  2026-05-20 09:59:41 /plugins/fontawesome-free/webfonts/fa-regular-400.woff2 ................................... ~ 0s
  2026-05-20 09:59:49 ........................................................................................... ~ 1s
  2026-05-20 09:59:49 ........................................................................................... ~ 1s
  2026-05-20 09:59:50 /plugins/fontawesome-free/css/all.min.css ................................................. ~ 0s
  2026-05-20 09:59:50 /plugins/tempusdominus-bootstrap-4/css/tempusdominus-bootstrap-4.min.css .................. ~ 0s
  2026-05-20 09:59:50 /plugins/icheck-bootstrap/icheck-bootstrap.min.css ........................................ ~ 0s
  2026-05-20 09:59:50 /plugins/jqvmap/jqvmap.min.css ............................................................ ~ 0s
  2026-05-20 09:59:50 /plugins/overlayScrollbars/css/OverlayScrollbars.min.css .................................. ~ 0s
  2026-05-20 09:59:50 /plugins/daterangepicker/daterangepicker.css .............................................. ~ 0s
  2026-05-20 09:59:50 /plugins/summernote/summernote-bs4.min.css ................................................ ~ 0s
  2026-05-20 09:59:50 /plugins/select2/css/select2.min.css ...................................................... ~ 0s
  2026-05-20 09:59:50 /plugins/select2-bootstrap4-theme/select2-bootstrap4.min.css .............................. ~ 0s
  2026-05-20 09:59:50 /plugins/dropzone/min/dropzone.min.css .................................................... ~ 0s
  2026-05-20 09:59:50 /assets/css/datatable/datatable.css ....................................................... ~ 0s
  2026-05-20 09:59:50 /dist/css/adminlte.min.css ................................................................ ~ 0s
  2026-05-20 09:59:50 /assets/css/datatable/buttons.dataTables.min.css .......................................... ~ 0s
  2026-05-20 09:59:50 /css/custom-style.css ..................................................................... ~ 0s
  2026-05-20 09:59:50 /assets/images/logo/1779245989_6a0d23a55cb0e_ChatGPT%20Image%20May%2020,%202026,%2009_59_29%20AM.png  ~ 0s
  2026-05-20 09:59:50 /assets/images/demo/favicon.svg ........................................................... ~ 0s
  2026-05-20 09:59:50 /assets/images/demo/apple-icon.svg ........................................................ ~ 0s
  2026-05-20 09:59:50 /plugins/jquery/jquery.min.js ............................................................. ~ 0s
  2026-05-20 09:59:50 /plugins/jquery-ui/jquery-ui.min.js ....................................................... ~ 0s
  2026-05-20 09:59:50 /plugins/bootstrap/js/bootstrap.bundle.min.js ............................................. ~ 0s
  2026-05-20 09:59:50 /plugins/chart.js/Chart.min.js ............................................................ ~ 0s
  2026-05-20 09:59:50 /plugins/sparklines/sparkline.js .......................................................... ~ 0s
  2026-05-20 09:59:50 /plugins/jqvmap/jquery.vmap.min.js ........................................................ ~ 0s
  2026-05-20 09:59:50 /plugins/jqvmap/maps/jquery.vmap.usa.js ................................................... ~ 0s
  2026-05-20 09:59:50 /plugins/jquery-knob/jquery.knob.min.js ................................................... ~ 0s
  2026-05-20 09:59:50 /plugins/moment/moment.min.js ............................................................. ~ 0s
  2026-05-20 09:59:50 /plugins/daterangepicker/daterangepicker.js ............................................... ~ 0s
  2026-05-20 09:59:50 /plugins/tempusdominus-bootstrap-4/js/tempusdominus-bootstrap-4.min.js .................... ~ 0s
  2026-05-20 09:59:50 /plugins/summernote/summernote-bs4.min.js ................................................. ~ 0s
  2026-05-20 09:59:50 /plugins/overlayScrollbars/js/jquery.overlayScrollbars.min.js ............................. ~ 0s
  2026-05-20 09:59:50 /dist/js/adminlte.js ...................................................................... ~ 0s
  2026-05-20 09:59:50 /plugins/select2/js/select2.full.min.js ................................................... ~ 0s
  2026-05-20 09:59:50 /js/custom-script.js ...................................................................... ~ 0s
  2026-05-20 09:59:50 /plugins/dropzone/min/dropzone.min.js ..................................................... ~ 0s
  2026-05-20 09:59:50 /assets/js/datatable/jquery.dataTables.min.js ............................................. ~ 0s
  2026-05-20 09:59:50 /assets/js/datatable/dataTables.buttons.min.js ............................................ ~ 0s
  2026-05-20 09:59:50 /assets/js/datatable/datatable.js ......................................................... ~ 0s
  2026-05-20 09:59:50 /plugins/fontawesome-free/webfonts/fa-solid-900.woff2 ..................................... ~ 0s
  2026-05-20 09:59:50 /plugins/fontawesome-free/webfonts/fa-regular-400.woff2 ................................... ~ 0s
  2026-05-20 09:59:52 ........................................................................................... ~ 0s
  2026-05-20 09:59:52 ........................................................................................... ~ 0s
  2026-05-20 09:59:52 ........................................................................................... ~ 0s
  2026-05-20 09:59:52 /plugins/fontawesome-free/css/all.min.css ................................................. ~ 0s
  2026-05-20 09:59:52 /plugins/tempusdominus-bootstrap-4/css/tempusdominus-bootstrap-4.min.css .................. ~ 0s
  2026-05-20 09:59:52 /plugins/icheck-bootstrap/icheck-bootstrap.min.css ........................................ ~ 0s
  2026-05-20 09:59:52 /plugins/jqvmap/jqvmap.min.css ............................................................ ~ 0s
  2026-05-20 09:59:52 /plugins/overlayScrollbars/css/OverlayScrollbars.min.css .................................. ~ 0s
  2026-05-20 09:59:52 /plugins/daterangepicker/daterangepicker.css .............................................. ~ 0s
  2026-05-20 09:59:52 /plugins/summernote/summernote-bs4.min.css ................................................ ~ 0s
  2026-05-20 09:59:52 /plugins/select2/css/select2.min.css ...................................................... ~ 0s
  2026-05-20 09:59:52 /plugins/select2-bootstrap4-theme/select2-bootstrap4.min.css .............................. ~ 0s
  2026-05-20 09:59:52 /plugins/dropzone/min/dropzone.min.css .................................................... ~ 0s
  2026-05-20 09:59:52 /dist/css/adminlte.min.css ................................................................ ~ 0s
  2026-05-20 09:59:52 /assets/css/datatable/datatable.css ....................................................... ~ 0s
  2026-05-20 09:59:52 /assets/css/datatable/buttons.dataTables.min.css .......................................... ~ 0s
  2026-05-20 09:59:52 /css/custom-style.css ..................................................................... ~ 0s
  2026-05-20 09:59:52 /assets/images/logo/1779245989_6a0d23a55cb0e_ChatGPT%20Image%20May%2020,%202026,%2009_59_29%20AM.png  ~ 0s
  2026-05-20 09:59:52 /plugins/jquery/jquery.min.js ............................................................. ~ 0s
  2026-05-20 09:59:52 /plugins/jquery-ui/jquery-ui.min.js ....................................................... ~ 0s
  2026-05-20 09:59:52 /plugins/bootstrap/js/bootstrap.bundle.min.js ............................................. ~ 0s
  2026-05-20 09:59:52 /plugins/chart.js/Chart.min.js ............................................................ ~ 0s
  2026-05-20 09:59:52 /plugins/sparklines/sparkline.js .......................................................... ~ 0s
  2026-05-20 09:59:52 /plugins/jqvmap/jquery.vmap.min.js ........................................................ ~ 0s
  2026-05-20 09:59:52 /plugins/jqvmap/maps/jquery.vmap.usa.js ................................................... ~ 0s
  2026-05-20 09:59:52 /plugins/jquery-knob/jquery.knob.min.js ................................................... ~ 0s
  2026-05-20 09:59:52 /plugins/moment/moment.min.js ............................................................. ~ 0s
  2026-05-20 09:59:52 /plugins/daterangepicker/daterangepicker.js ............................................... ~ 0s
  2026-05-20 09:59:52 /plugins/tempusdominus-bootstrap-4/js/tempusdominus-bootstrap-4.min.js .................... ~ 0s
  2026-05-20 09:59:52 /plugins/summernote/summernote-bs4.min.js ................................................. ~ 0s
  2026-05-20 09:59:52 /plugins/overlayScrollbars/js/jquery.overlayScrollbars.min.js ............................. ~ 0s
  2026-05-20 09:59:52 /dist/js/adminlte.js ...................................................................... ~ 0s
  2026-05-20 09:59:52 /plugins/select2/js/select2.full.min.js ................................................... ~ 0s
  2026-05-20 09:59:52 /plugins/fontawesome-free/webfonts/fa-solid-900.woff2 ..................................... ~ 0s
  2026-05-20 09:59:52 /plugins/fontawesome-free/webfonts/fa-regular-400.woff2 ................................... ~ 0s
  2026-05-20 09:59:52 /js/custom-script.js ...................................................................... ~ 0s
  2026-05-20 09:59:52 /plugins/dropzone/min/dropzone.min.js ..................................................... ~ 0s
  2026-05-20 09:59:52 /assets/js/datatable/jquery.dataTables.min.js ............................................. ~ 0s
  2026-05-20 09:59:52 /assets/js/datatable/datatable.js ......................................................... ~ 0s
  2026-05-20 09:59:52 /assets/js/datatable/dataTables.buttons.min.js ............................................ ~ 0s
  2026-05-20 09:59:56 ........................................................................................... ~ 1s
  2026-05-20 09:59:56 /plugins/fontawesome-free/css/all.min.css ................................................. ~ 1s
  2026-05-20 09:59:57 /plugins/tempusdominus-bootstrap-4/css/tempusdominus-bootstrap-4.min.css .................. ~ 0s
  2026-05-20 09:59:57 /plugins/icheck-bootstrap/icheck-bootstrap.min.css ........................................ ~ 0s
  2026-05-20 09:59:57 /plugins/jqvmap/jqvmap.min.css ............................................................ ~ 0s
  2026-05-20 09:59:57 /plugins/overlayScrollbars/css/OverlayScrollbars.min.css .................................. ~ 0s
  2026-05-20 09:59:57 /plugins/daterangepicker/daterangepicker.css .............................................. ~ 0s
  2026-05-20 09:59:57 /plugins/summernote/summernote-bs4.min.css ................................................ ~ 0s
  2026-05-20 09:59:57 /plugins/select2/css/select2.min.css ...................................................... ~ 0s
  2026-05-20 09:59:57 /plugins/select2-bootstrap4-theme/select2-bootstrap4.min.css .............................. ~ 0s
  2026-05-20 09:59:57 /plugins/dropzone/min/dropzone.min.css .................................................... ~ 0s
  2026-05-20 09:59:57 /assets/css/datatable/datatable.css ....................................................... ~ 0s
  2026-05-20 09:59:57 /dist/css/adminlte.min.css ................................................................ ~ 0s
  2026-05-20 09:59:57 /assets/css/datatable/buttons.dataTables.min.css .......................................... ~ 0s
  2026-05-20 09:59:57 /css/custom-style.css ..................................................................... ~ 0s
  2026-05-20 09:59:57 /assets/images/logo/1779245989_6a0d23a55cb0e_ChatGPT%20Image%20May%2020,%202026,%2009_59_29%20AM.png  ~ 0s
  2026-05-20 09:59:57 /plugins/jquery/jquery.min.js ............................................................. ~ 0s
  2026-05-20 09:59:57 /plugins/jquery-ui/jquery-ui.min.js ....................................................... ~ 0s
  2026-05-20 09:59:57 /plugins/bootstrap/js/bootstrap.bundle.min.js ............................................. ~ 0s
  2026-05-20 09:59:57 /plugins/chart.js/Chart.min.js ............................................................ ~ 0s
  2026-05-20 09:59:57 /plugins/sparklines/sparkline.js .......................................................... ~ 0s
  2026-05-20 09:59:57 /plugins/jqvmap/jquery.vmap.min.js ........................................................ ~ 0s
  2026-05-20 09:59:57 /plugins/jqvmap/maps/jquery.vmap.usa.js ................................................... ~ 0s
  2026-05-20 09:59:57 /plugins/jquery-knob/jquery.knob.min.js ................................................... ~ 0s
  2026-05-20 09:59:57 /plugins/moment/moment.min.js ............................................................. ~ 0s
  2026-05-20 09:59:57 /plugins/daterangepicker/daterangepicker.js ............................................... ~ 0s
  2026-05-20 09:59:57 /plugins/tempusdominus-bootstrap-4/js/tempusdominus-bootstrap-4.min.js .................... ~ 0s
  2026-05-20 09:59:57 /plugins/summernote/summernote-bs4.min.js ................................................. ~ 0s
  2026-05-20 09:59:57 /plugins/overlayScrollbars/js/jquery.overlayScrollbars.min.js ............................. ~ 0s
  2026-05-20 09:59:57 /dist/js/adminlte.js ...................................................................... ~ 0s
  2026-05-20 09:59:57 /plugins/select2/js/select2.full.min.js ................................................... ~ 0s
  2026-05-20 09:59:57 /js/custom-script.js ...................................................................... ~ 0s
  2026-05-20 09:59:57 /plugins/dropzone/min/dropzone.min.js ..................................................... ~ 0s
  2026-05-20 09:59:57 /plugins/fontawesome-free/webfonts/fa-solid-900.woff2 ..................................... ~ 0s
  2026-05-20 09:59:57 /assets/js/datatable/jquery.dataTables.min.js ............................................. ~ 0s
  2026-05-20 09:59:57 /plugins/fontawesome-free/webfonts/fa-regular-400.woff2 ................................... ~ 0s
  2026-05-20 09:59:57 /assets/js/datatable/dataTables.buttons.min.js ............................................ ~ 0s
  2026-05-20 09:59:57 /assets/js/datatable/datatable.js ......................................................... ~ 0s
  2026-05-20 09:59:57 /assets/images/demo/favicon.svg ........................................................... ~ 0s
  2026-05-20 09:59:58 ........................................................................................... ~ 0s
  2026-05-20 09:59:58 ........................................................................................... ~ 1s
  2026-05-20 09:59:59 ........................................................................................... ~ 0s
  2026-05-20 09:59:59 /plugins/fontawesome-free/css/all.min.css ................................................. ~ 0s
  2026-05-20 09:59:59 /plugins/tempusdominus-bootstrap-4/css/tempusdominus-bootstrap-4.min.css .................. ~ 0s
  2026-05-20 09:59:59 /plugins/icheck-bootstrap/icheck-bootstrap.min.css ........................................ ~ 0s
  2026-05-20 09:59:59 /plugins/jqvmap/jqvmap.min.css ............................................................ ~ 0s
  2026-05-20 09:59:59 /plugins/overlayScrollbars/css/OverlayScrollbars.min.css .................................. ~ 0s
  2026-05-20 09:59:59 /plugins/daterangepicker/daterangepicker.css .............................................. ~ 0s
  2026-05-20 09:59:59 /plugins/summernote/summernote-bs4.min.css ................................................ ~ 0s
  2026-05-20 09:59:59 /plugins/select2/css/select2.min.css ...................................................... ~ 0s
  2026-05-20 09:59:59 /plugins/select2-bootstrap4-theme/select2-bootstrap4.min.css .............................. ~ 0s
  2026-05-20 09:59:59 /plugins/dropzone/min/dropzone.min.css .................................................... ~ 0s
  2026-05-20 09:59:59 /dist/css/adminlte.min.css ................................................................ ~ 0s
  2026-05-20 09:59:59 /assets/css/datatable/datatable.css ....................................................... ~ 0s
  2026-05-20 09:59:59 /assets/css/datatable/buttons.dataTables.min.css .......................................... ~ 0s
  2026-05-20 09:59:59 /css/custom-style.css ..................................................................... ~ 0s
  2026-05-20 09:59:59 /assets/images/logo/1779245989_6a0d23a55cb0e_ChatGPT%20Image%20May%2020,%202026,%2009_59_29%20AM.png  ~ 0s
  2026-05-20 09:59:59 /plugins/jquery/jquery.min.js ............................................................. ~ 0s
  2026-05-20 09:59:59 /plugins/jquery-ui/jquery-ui.min.js ....................................................... ~ 0s
  2026-05-20 09:59:59 /plugins/bootstrap/js/bootstrap.bundle.min.js ............................................. ~ 0s
  2026-05-20 09:59:59 /plugins/chart.js/Chart.min.js ............................................................ ~ 0s
  2026-05-20 09:59:59 /plugins/sparklines/sparkline.js .......................................................... ~ 0s
  2026-05-20 09:59:59 /plugins/jqvmap/jquery.vmap.min.js ........................................................ ~ 0s
  2026-05-20 09:59:59 /plugins/jqvmap/maps/jquery.vmap.usa.js ................................................... ~ 0s
  2026-05-20 09:59:59 /plugins/jquery-knob/jquery.knob.min.js ................................................... ~ 0s
  2026-05-20 09:59:59 /plugins/moment/moment.min.js ............................................................. ~ 0s
  2026-05-20 09:59:59 /plugins/daterangepicker/daterangepicker.js ............................................... ~ 0s
  2026-05-20 09:59:59 /plugins/tempusdominus-bootstrap-4/js/tempusdominus-bootstrap-4.min.js .................... ~ 0s
  2026-05-20 09:59:59 /plugins/summernote/summernote-bs4.min.js ................................................. ~ 0s
  2026-05-20 09:59:59 /plugins/overlayScrollbars/js/jquery.overlayScrollbars.min.js ............................. ~ 0s
  2026-05-20 09:59:59 /dist/js/adminlte.js ...................................................................... ~ 0s
  2026-05-20 09:59:59 /plugins/select2/js/select2.full.min.js ................................................... ~ 0s
  2026-05-20 09:59:59 /plugins/fontawesome-free/webfonts/fa-solid-900.woff2 ..................................... ~ 0s
  2026-05-20 09:59:59 /plugins/fontawesome-free/webfonts/fa-regular-400.woff2 ................................... ~ 0s
  2026-05-20 09:59:59 /js/custom-script.js ...................................................................... ~ 0s
  2026-05-20 09:59:59 /plugins/dropzone/min/dropzone.min.js ..................................................... ~ 0s
  2026-05-20 09:59:59 /assets/js/datatable/jquery.dataTables.min.js ............................................. ~ 0s
  2026-05-20 09:59:59 /assets/js/datatable/datatable.js ......................................................... ~ 0s
  2026-05-20 09:59:59 /assets/js/datatable/dataTables.buttons.min.js ............................................ ~ 0s
  2026-05-20 10:00:00 ........................................................................................... ~ 0s
  2026-05-20 10:00:00 /plugins/fontawesome-free/css/all.min.css ................................................. ~ 0s
  2026-05-20 10:00:00 /plugins/tempusdominus-bootstrap-4/css/tempusdominus-bootstrap-4.min.css .................. ~ 0s
  2026-05-20 10:00:00 /plugins/icheck-bootstrap/icheck-bootstrap.min.css ........................................ ~ 0s
  2026-05-20 10:00:00 /plugins/jqvmap/jqvmap.min.css ............................................................ ~ 0s
  2026-05-20 10:00:00 /plugins/overlayScrollbars/css/OverlayScrollbars.min.css .................................. ~ 0s
  2026-05-20 10:00:00 /plugins/daterangepicker/daterangepicker.css .............................................. ~ 0s
  2026-05-20 10:00:00 /plugins/summernote/summernote-bs4.min.css ................................................ ~ 0s
  2026-05-20 10:00:00 /plugins/select2/css/select2.min.css ...................................................... ~ 0s
  2026-05-20 10:00:00 /plugins/select2-bootstrap4-theme/select2-bootstrap4.min.css .............................. ~ 0s
  2026-05-20 10:00:00 /plugins/dropzone/min/dropzone.min.css .................................................... ~ 0s
  2026-05-20 10:00:00 /dist/css/adminlte.min.css ................................................................ ~ 0s
  2026-05-20 10:00:00 /assets/css/datatable/datatable.css ....................................................... ~ 0s
  2026-05-20 10:00:00 /assets/css/datatable/buttons.dataTables.min.css .......................................... ~ 0s
  2026-05-20 10:00:00 /css/custom-style.css ..................................................................... ~ 0s
  2026-05-20 10:00:00 /assets/images/logo/1779245989_6a0d23a55cb0e_ChatGPT%20Image%20May%2020,%202026,%2009_59_29%20AM.png  ~ 0s
  2026-05-20 10:00:00 /plugins/jquery/jquery.min.js ............................................................. ~ 0s
  2026-05-20 10:00:00 /plugins/jquery-ui/jquery-ui.min.js ....................................................... ~ 0s
  2026-05-20 10:00:00 /plugins/bootstrap/js/bootstrap.bundle.min.js ............................................. ~ 0s
  2026-05-20 10:00:00 /plugins/chart.js/Chart.min.js ............................................................ ~ 0s
  2026-05-20 10:00:00 /plugins/sparklines/sparkline.js .......................................................... ~ 0s
  2026-05-20 10:00:00 /plugins/jqvmap/jquery.vmap.min.js ........................................................ ~ 0s
  2026-05-20 10:00:00 /plugins/jqvmap/maps/jquery.vmap.usa.js ................................................... ~ 0s
  2026-05-20 10:00:00 /plugins/jquery-knob/jquery.knob.min.js ................................................... ~ 0s
  2026-05-20 10:00:00 /plugins/moment/moment.min.js ............................................................. ~ 0s
  2026-05-20 10:00:00 /plugins/daterangepicker/daterangepicker.js ............................................... ~ 0s
  2026-05-20 10:00:00 /plugins/tempusdominus-bootstrap-4/js/tempusdominus-bootstrap-4.min.js .................... ~ 0s
  2026-05-20 10:00:00 /plugins/summernote/summernote-bs4.min.js ................................................. ~ 0s
  2026-05-20 10:00:00 /plugins/overlayScrollbars/js/jquery.overlayScrollbars.min.js ............................. ~ 0s
  2026-05-20 10:00:00 /dist/js/adminlte.js ...................................................................... ~ 0s
  2026-05-20 10:00:00 /plugins/select2/js/select2.full.min.js ................................................... ~ 0s
  2026-05-20 10:00:00 /plugins/fontawesome-free/webfonts/fa-solid-900.woff2 ..................................... ~ 0s
  2026-05-20 10:00:00 /js/custom-script.js ...................................................................... ~ 0s
  2026-05-20 10:00:00 /plugins/dropzone/min/dropzone.min.js ..................................................... ~ 0s
  2026-05-20 10:00:00 /assets/js/datatable/jquery.dataTables.min.js ............................................. ~ 0s
  2026-05-20 10:00:00 /assets/js/datatable/dataTables.buttons.min.js ............................................ ~ 0s
  2026-05-20 10:00:00 /assets/js/datatable/datatable.js ......................................................... ~ 0s
  2026-05-20 10:00:00 ........................................................................................... ~ 0s
  2026-05-20 10:00:00 ........................................................................................... ~ 0s
  2026-05-20 10:00:00 ........................................................................................... ~ 0s
  2026-05-20 10:00:00 ........................................................................................... ~ 1s
  2026-05-20 10:00:00 ........................................................................................... ~ 1s
  2026-05-20 10:00:01 ........................................................................................... ~ 0s
  2026-05-20 10:00:01 /assets/images/demo/products/mala-pork-belly.svg .......................................... ~ 0s
  2026-05-20 10:00:01 ........................................................................................... ~ 0s
  2026-05-20 10:00:01 /assets/images/demo/products/mala-beef.svg ................................................ ~ 0s
  2026-05-20 10:00:01 /assets/images/demo/products/mala-cheese-sausage.svg ...................................... ~ 0s
  2026-05-20 10:00:01 /assets/images/demo/products/mala-enoki.svg ............................................... ~ 0s
  2026-05-20 10:00:01 /assets/images/demo/products/drink-longan.svg ............................................. ~ 0s
  2026-05-20 10:00:01 /assets/images/demo/products/mala-fish-tofu.svg ........................................... ~ 0s
  2026-05-20 10:00:01 /assets/images/demo/products/set-mala-s.svg ............................................... ~ 0s
  2026-05-20 10:00:01 /assets/images/demo/products/drink-water.svg .............................................. ~ 0s
  2026-05-20 10:00:01 /assets/images/demo/products/drink-thai-milk-tea.svg ...................................... ~ 0s
  2026-05-20 10:00:01 ........................................................................................... ~ 0s
  2026-05-20 10:00:01 /assets/images/demo/products/set-mala-m.svg ............................................... ~ 0s
  2026-05-20 10:00:01 /assets/images/demo/products/set-mala-l.svg ............................................... ~ 0s
  2026-05-20 10:00:01 /assets/images/demo/products/drink-lemon-tea.svg .......................................... ~ 0s
  2026-05-20 10:00:25 ........................................................................................... ~ 1s
  2026-05-20 10:00:25 /plugins/fontawesome-free/css/all.min.css ................................................. ~ 1s
  2026-05-20 10:00:26 /plugins/tempusdominus-bootstrap-4/css/tempusdominus-bootstrap-4.min.css .................. ~ 0s
  2026-05-20 10:00:26 /plugins/icheck-bootstrap/icheck-bootstrap.min.css ........................................ ~ 0s
  2026-05-20 10:00:26 /plugins/jqvmap/jqvmap.min.css ............................................................ ~ 0s
  2026-05-20 10:00:26 /plugins/overlayScrollbars/css/OverlayScrollbars.min.css .................................. ~ 0s
  2026-05-20 10:00:26 /plugins/daterangepicker/daterangepicker.css .............................................. ~ 0s
  2026-05-20 10:00:26 /plugins/summernote/summernote-bs4.min.css ................................................ ~ 0s
  2026-05-20 10:00:26 /plugins/select2/css/select2.min.css ...................................................... ~ 0s
  2026-05-20 10:00:26 /plugins/select2-bootstrap4-theme/select2-bootstrap4.min.css .............................. ~ 0s
  2026-05-20 10:00:26 /plugins/dropzone/min/dropzone.min.css .................................................... ~ 0s
  2026-05-20 10:00:26 /assets/css/datatable/datatable.css ....................................................... ~ 0s
  2026-05-20 10:00:26 /assets/css/datatable/buttons.dataTables.min.css .......................................... ~ 0s
  2026-05-20 10:00:26 /css/custom-style.css ..................................................................... ~ 0s
  2026-05-20 10:00:26 /dist/css/adminlte.min.css ................................................................ ~ 0s
  2026-05-20 10:00:26 /assets/images/logo/1779245989_6a0d23a55cb0e_ChatGPT%20Image%20May%2020,%202026,%2009_59_29%20AM.png  ~ 0s
  2026-05-20 10:00:26 /plugins/jquery/jquery.min.js ............................................................. ~ 0s
  2026-05-20 10:00:26 /plugins/jquery-ui/jquery-ui.min.js ....................................................... ~ 0s
  2026-05-20 10:00:26 /plugins/bootstrap/js/bootstrap.bundle.min.js ............................................. ~ 0s
  2026-05-20 10:00:26 /plugins/chart.js/Chart.min.js ............................................................ ~ 0s
  2026-05-20 10:00:26 /plugins/sparklines/sparkline.js .......................................................... ~ 0s
  2026-05-20 10:00:26 /plugins/jqvmap/jquery.vmap.min.js ........................................................ ~ 0s
  2026-05-20 10:00:26 /plugins/jqvmap/maps/jquery.vmap.usa.js ................................................... ~ 0s
  2026-05-20 10:00:26 /plugins/jquery-knob/jquery.knob.min.js ................................................... ~ 0s
  2026-05-20 10:00:26 /plugins/moment/moment.min.js ............................................................. ~ 0s
  2026-05-20 10:00:26 /plugins/daterangepicker/daterangepicker.js ............................................... ~ 0s
  2026-05-20 10:00:26 /plugins/tempusdominus-bootstrap-4/js/tempusdominus-bootstrap-4.min.js .................... ~ 0s
  2026-05-20 10:00:26 /plugins/summernote/summernote-bs4.min.js ................................................. ~ 0s
  2026-05-20 10:00:26 /plugins/overlayScrollbars/js/jquery.overlayScrollbars.min.js ............................. ~ 0s
  2026-05-20 10:00:26 /dist/js/adminlte.js ...................................................................... ~ 0s
  2026-05-20 10:00:26 /plugins/select2/js/select2.full.min.js ................................................... ~ 0s
  2026-05-20 10:00:26 /js/custom-script.js ...................................................................... ~ 0s
  2026-05-20 10:00:26 /plugins/dropzone/min/dropzone.min.js ..................................................... ~ 0s
  2026-05-20 10:00:26 /assets/js/datatable/jquery.dataTables.min.js ............................................. ~ 0s
  2026-05-20 10:00:26 /assets/js/datatable/dataTables.buttons.min.js ............................................ ~ 0s
  2026-05-20 10:00:26 /plugins/fontawesome-free/webfonts/fa-solid-900.woff2 ..................................... ~ 0s
  2026-05-20 10:00:26 /assets/js/datatable/datatable.js ......................................................... ~ 0s
  2026-05-20 10:00:26 ........................................................................................... ~ 0s
  2026-05-20 10:00:26 /plugins/fontawesome-free/css/all.min.css ................................................. ~ 0s
  2026-05-20 10:00:26 /plugins/tempusdominus-bootstrap-4/css/tempusdominus-bootstrap-4.min.css .................. ~ 0s
  2026-05-20 10:00:26 /plugins/icheck-bootstrap/icheck-bootstrap.min.css ........................................ ~ 0s
  2026-05-20 10:00:26 /plugins/jqvmap/jqvmap.min.css ............................................................ ~ 0s
  2026-05-20 10:00:26 /plugins/overlayScrollbars/css/OverlayScrollbars.min.css .................................. ~ 0s
  2026-05-20 10:00:26 /plugins/daterangepicker/daterangepicker.css .............................................. ~ 0s
  2026-05-20 10:00:26 /plugins/summernote/summernote-bs4.min.css ................................................ ~ 0s
  2026-05-20 10:00:26 /plugins/select2/css/select2.min.css ...................................................... ~ 0s
  2026-05-20 10:00:26 /plugins/select2-bootstrap4-theme/select2-bootstrap4.min.css .............................. ~ 0s
  2026-05-20 10:00:26 /plugins/dropzone/min/dropzone.min.css .................................................... ~ 0s
  2026-05-20 10:00:26 /assets/css/datatable/datatable.css ....................................................... ~ 0s
  2026-05-20 10:00:26 /assets/css/datatable/buttons.dataTables.min.css .......................................... ~ 0s
  2026-05-20 10:00:26 /css/custom-style.css ..................................................................... ~ 0s
  2026-05-20 10:00:26 /dist/css/adminlte.min.css ................................................................ ~ 0s
  2026-05-20 10:00:26 /assets/images/logo/1779245989_6a0d23a55cb0e_ChatGPT%20Image%20May%2020,%202026,%2009_59_29%20AM.png  ~ 0s
  2026-05-20 10:00:26 /plugins/jquery/jquery.min.js ............................................................. ~ 0s
  2026-05-20 10:00:26 /plugins/jquery-ui/jquery-ui.min.js ....................................................... ~ 0s
  2026-05-20 10:00:26 /plugins/bootstrap/js/bootstrap.bundle.min.js ............................................. ~ 0s
  2026-05-20 10:00:26 /plugins/chart.js/Chart.min.js ............................................................ ~ 0s
  2026-05-20 10:00:26 /plugins/sparklines/sparkline.js .......................................................... ~ 0s
  2026-05-20 10:00:26 /plugins/jqvmap/jquery.vmap.min.js ........................................................ ~ 0s
  2026-05-20 10:00:26 /plugins/jqvmap/maps/jquery.vmap.usa.js ................................................... ~ 0s
  2026-05-20 10:00:26 /plugins/jquery-knob/jquery.knob.min.js ................................................... ~ 0s
  2026-05-20 10:00:26 /plugins/moment/moment.min.js ............................................................. ~ 0s
  2026-05-20 10:00:26 /plugins/daterangepicker/daterangepicker.js ............................................... ~ 0s
  2026-05-20 10:00:26 /plugins/tempusdominus-bootstrap-4/js/tempusdominus-bootstrap-4.min.js .................... ~ 0s
  2026-05-20 10:00:26 /plugins/summernote/summernote-bs4.min.js ................................................. ~ 0s
  2026-05-20 10:00:26 /plugins/overlayScrollbars/js/jquery.overlayScrollbars.min.js ............................. ~ 0s
  2026-05-20 10:00:26 /dist/js/adminlte.js ...................................................................... ~ 0s
  2026-05-20 10:00:26 /plugins/select2/js/select2.full.min.js ................................................... ~ 0s
  2026-05-20 10:00:26 /plugins/fontawesome-free/webfonts/fa-solid-900.woff2 ..................................... ~ 0s
  2026-05-20 10:00:26 /plugins/fontawesome-free/webfonts/fa-regular-400.woff2 ................................... ~ 0s
  2026-05-20 10:00:27 /js/custom-script.js ...................................................................... ~ 0s
  2026-05-20 10:00:27 /plugins/dropzone/min/dropzone.min.js ..................................................... ~ 0s
  2026-05-20 10:00:27 /assets/js/datatable/jquery.dataTables.min.js ............................................. ~ 0s
  2026-05-20 10:00:27 /assets/js/datatable/dataTables.buttons.min.js ............................................ ~ 0s
  2026-05-20 10:00:27 /assets/js/datatable/datatable.js ......................................................... ~ 0s
  2026-05-20 10:00:28 ........................................................................................... ~ 0s
  2026-05-20 10:00:28 /plugins/fontawesome-free/css/all.min.css ................................................. ~ 0s
  2026-05-20 10:00:28 /plugins/tempusdominus-bootstrap-4/css/tempusdominus-bootstrap-4.min.css .................. ~ 0s
  2026-05-20 10:00:28 /plugins/icheck-bootstrap/icheck-bootstrap.min.css ........................................ ~ 0s
  2026-05-20 10:00:28 /plugins/jqvmap/jqvmap.min.css ............................................................ ~ 0s
  2026-05-20 10:00:28 /plugins/overlayScrollbars/css/OverlayScrollbars.min.css .................................. ~ 0s
  2026-05-20 10:00:28 /plugins/daterangepicker/daterangepicker.css .............................................. ~ 0s
  2026-05-20 10:00:28 /plugins/summernote/summernote-bs4.min.css ................................................ ~ 0s
  2026-05-20 10:00:28 /plugins/select2/css/select2.min.css ...................................................... ~ 0s
  2026-05-20 10:00:28 /plugins/select2-bootstrap4-theme/select2-bootstrap4.min.css .............................. ~ 0s
  2026-05-20 10:00:28 /plugins/dropzone/min/dropzone.min.css .................................................... ~ 0s
  2026-05-20 10:00:28 /assets/css/datatable/datatable.css ....................................................... ~ 0s
  2026-05-20 10:00:28 /dist/css/adminlte.min.css ................................................................ ~ 0s
  2026-05-20 10:00:28 /assets/css/datatable/buttons.dataTables.min.css .......................................... ~ 0s
  2026-05-20 10:00:28 /css/custom-style.css ..................................................................... ~ 0s
  2026-05-20 10:00:28 /assets/images/logo/1779245989_6a0d23a55cb0e_ChatGPT%20Image%20May%2020,%202026,%2009_59_29%20AM.png  ~ 0s
  2026-05-20 10:00:28 /plugins/jquery/jquery.min.js ............................................................. ~ 0s
  2026-05-20 10:00:28 /plugins/jquery-ui/jquery-ui.min.js ....................................................... ~ 0s
  2026-05-20 10:00:28 /plugins/bootstrap/js/bootstrap.bundle.min.js ............................................. ~ 0s
  2026-05-20 10:00:28 /plugins/chart.js/Chart.min.js ............................................................ ~ 0s
  2026-05-20 10:00:28 /plugins/sparklines/sparkline.js .......................................................... ~ 0s
  2026-05-20 10:00:28 /plugins/jqvmap/jquery.vmap.min.js ........................................................ ~ 0s
  2026-05-20 10:00:28 /plugins/jqvmap/maps/jquery.vmap.usa.js ................................................... ~ 0s
  2026-05-20 10:00:28 /plugins/jquery-knob/jquery.knob.min.js ................................................... ~ 0s
  2026-05-20 10:00:28 /plugins/moment/moment.min.js ............................................................. ~ 0s
  2026-05-20 10:00:28 /plugins/daterangepicker/daterangepicker.js ............................................... ~ 0s
  2026-05-20 10:00:28 /plugins/tempusdominus-bootstrap-4/js/tempusdominus-bootstrap-4.min.js .................... ~ 0s
  2026-05-20 10:00:28 /plugins/summernote/summernote-bs4.min.js ................................................. ~ 0s
  2026-05-20 10:00:28 /plugins/overlayScrollbars/js/jquery.overlayScrollbars.min.js ............................. ~ 0s
  2026-05-20 10:00:28 /dist/js/adminlte.js ...................................................................... ~ 0s
  2026-05-20 10:00:28 /plugins/select2/js/select2.full.min.js ................................................... ~ 0s
  2026-05-20 10:00:28 /plugins/fontawesome-free/webfonts/fa-solid-900.woff2 ..................................... ~ 0s
  2026-05-20 10:00:28 /js/custom-script.js ...................................................................... ~ 0s
  2026-05-20 10:00:28 /plugins/dropzone/min/dropzone.min.js ..................................................... ~ 0s
  2026-05-20 10:00:28 /assets/js/datatable/jquery.dataTables.min.js ............................................. ~ 0s
  2026-05-20 10:00:28 /assets/js/datatable/dataTables.buttons.min.js ............................................ ~ 0s
  2026-05-20 10:00:28 /assets/js/datatable/datatable.js ......................................................... ~ 0s
  2026-05-20 10:00:28 ........................................................................................... ~ 0s
  2026-05-20 10:00:28 ........................................................................................... ~ 0s
  2026-05-20 10:00:28 ........................................................................................... ~ 0s
  2026-05-20 10:00:28 ........................................................................................... ~ 0s
  2026-05-20 10:00:28 ........................................................................................... ~ 1s
  2026-05-20 10:00:29 ........................................................................................... ~ 0s
  2026-05-20 10:00:28 /assets/images/demo/products/mala-pork-belly.svg .......................................... ~ 1s
  2026-05-20 10:00:29 ........................................................................................... ~ 0s
  2026-05-20 10:00:29 /assets/images/demo/products/mala-beef.svg ................................................ ~ 0s
  2026-05-20 10:00:29 /assets/images/demo/products/mala-cheese-sausage.svg ...................................... ~ 0s
  2026-05-20 10:00:29 /assets/images/demo/products/drink-thai-milk-tea.svg ...................................... ~ 0s
  2026-05-20 10:00:29 /assets/images/demo/products/drink-water.svg .............................................. ~ 0s
  2026-05-20 10:00:29 /assets/images/demo/products/set-mala-m.svg ............................................... ~ 0s
  2026-05-20 10:00:29 /assets/images/demo/products/mala-enoki.svg ............................................... ~ 0s
  2026-05-20 10:00:29 /assets/images/demo/products/mala-fish-tofu.svg ........................................... ~ 0s
  2026-05-20 10:00:29 /assets/images/demo/products/set-mala-s.svg ............................................... ~ 0s
  2026-05-20 10:00:29 /assets/images/demo/products/set-mala-l.svg ............................................... ~ 0s
  2026-05-20 10:00:29 /assets/images/demo/products/drink-lemon-tea.svg .......................................... ~ 0s
  2026-05-20 10:00:29 ........................................................................................... ~ 0s
  2026-05-20 10:00:29 /assets/images/demo/products/drink-longan.svg ............................................. ~ 0s
  2026-05-20 10:00:29 ........................................................................................... ~ 1s
  2026-05-20 10:00:29 ........................................................................................... ~ 1s
  2026-05-20 10:00:30 ........................................................................................... ~ 0s
  2026-05-20 10:00:30 /plugins/fontawesome-free/css/all.min.css ................................................. ~ 0s
  2026-05-20 10:00:30 /plugins/tempusdominus-bootstrap-4/css/tempusdominus-bootstrap-4.min.css .................. ~ 0s
  2026-05-20 10:00:30 /plugins/icheck-bootstrap/icheck-bootstrap.min.css ........................................ ~ 0s
  2026-05-20 10:00:30 /plugins/jqvmap/jqvmap.min.css ............................................................ ~ 0s
  2026-05-20 10:00:30 /plugins/overlayScrollbars/css/OverlayScrollbars.min.css .................................. ~ 0s
  2026-05-20 10:00:30 /plugins/daterangepicker/daterangepicker.css .............................................. ~ 0s
  2026-05-20 10:00:30 /plugins/summernote/summernote-bs4.min.css ................................................ ~ 0s
  2026-05-20 10:00:30 /plugins/select2/css/select2.min.css ...................................................... ~ 0s
  2026-05-20 10:00:30 /plugins/select2-bootstrap4-theme/select2-bootstrap4.min.css .............................. ~ 0s
  2026-05-20 10:00:30 /plugins/dropzone/min/dropzone.min.css .................................................... ~ 0s
  2026-05-20 10:00:30 /dist/css/adminlte.min.css ................................................................ ~ 0s
  2026-05-20 10:00:30 /assets/css/datatable/datatable.css ....................................................... ~ 0s
  2026-05-20 10:00:30 /assets/css/datatable/buttons.dataTables.min.css .......................................... ~ 0s
  2026-05-20 10:00:30 /css/custom-style.css ..................................................................... ~ 0s
  2026-05-20 10:00:30 /assets/images/logo/1779245989_6a0d23a55cb0e_ChatGPT%20Image%20May%2020,%202026,%2009_59_29%20AM.png  ~ 0s
  2026-05-20 10:00:30 /plugins/jquery/jquery.min.js ............................................................. ~ 0s
  2026-05-20 10:00:30 /plugins/jquery-ui/jquery-ui.min.js ....................................................... ~ 0s
  2026-05-20 10:00:30 /plugins/bootstrap/js/bootstrap.bundle.min.js ............................................. ~ 0s
  2026-05-20 10:00:30 /plugins/chart.js/Chart.min.js ............................................................ ~ 0s
  2026-05-20 10:00:30 /plugins/sparklines/sparkline.js .......................................................... ~ 0s
  2026-05-20 10:00:30 /plugins/jqvmap/jquery.vmap.min.js ........................................................ ~ 0s
  2026-05-20 10:00:30 /plugins/jqvmap/maps/jquery.vmap.usa.js ................................................... ~ 0s
  2026-05-20 10:00:30 /plugins/jquery-knob/jquery.knob.min.js ................................................... ~ 0s
  2026-05-20 10:00:30 /plugins/moment/moment.min.js ............................................................. ~ 0s
  2026-05-20 10:00:30 /plugins/daterangepicker/daterangepicker.js ............................................... ~ 0s
  2026-05-20 10:00:30 /plugins/tempusdominus-bootstrap-4/js/tempusdominus-bootstrap-4.min.js .................... ~ 0s
  2026-05-20 10:00:30 /plugins/summernote/summernote-bs4.min.js ................................................. ~ 0s
  2026-05-20 10:00:30 /plugins/overlayScrollbars/js/jquery.overlayScrollbars.min.js ............................. ~ 0s
  2026-05-20 10:00:30 /dist/js/adminlte.js ...................................................................... ~ 0s
  2026-05-20 10:00:30 /plugins/select2/js/select2.full.min.js ................................................... ~ 0s
  2026-05-20 10:00:30 /js/custom-script.js ...................................................................... ~ 0s
  2026-05-20 10:00:30 /plugins/dropzone/min/dropzone.min.js ..................................................... ~ 0s
  2026-05-20 10:00:30 /assets/js/datatable/datatable.js ......................................................... ~ 0s
  2026-05-20 10:00:30 /plugins/fontawesome-free/webfonts/fa-solid-900.woff2 ..................................... ~ 0s
  2026-05-20 10:00:30 /plugins/fontawesome-free/webfonts/fa-regular-400.woff2 ................................... ~ 0s
  2026-05-20 10:00:30 /assets/js/datatable/jquery.dataTables.min.js ............................................. ~ 0s
  2026-05-20 10:00:30 /assets/js/datatable/dataTables.buttons.min.js ............................................ ~ 0s
  2026-05-20 10:00:32 ........................................................................................... ~ 0s
  2026-05-20 10:00:32 /plugins/fontawesome-free/css/all.min.css ................................................. ~ 0s
  2026-05-20 10:00:32 /plugins/tempusdominus-bootstrap-4/css/tempusdominus-bootstrap-4.min.css .................. ~ 0s
  2026-05-20 10:00:32 /plugins/icheck-bootstrap/icheck-bootstrap.min.css ........................................ ~ 0s
  2026-05-20 10:00:32 /plugins/jqvmap/jqvmap.min.css ............................................................ ~ 0s
  2026-05-20 10:00:32 /plugins/overlayScrollbars/css/OverlayScrollbars.min.css .................................. ~ 0s
  2026-05-20 10:00:32 /plugins/daterangepicker/daterangepicker.css .............................................. ~ 0s
  2026-05-20 10:00:32 /plugins/summernote/summernote-bs4.min.css ................................................ ~ 0s
  2026-05-20 10:00:32 /plugins/select2/css/select2.min.css ...................................................... ~ 0s
  2026-05-20 10:00:32 /plugins/select2-bootstrap4-theme/select2-bootstrap4.min.css .............................. ~ 0s
  2026-05-20 10:00:32 /plugins/dropzone/min/dropzone.min.css .................................................... ~ 0s
  2026-05-20 10:00:32 /assets/css/datatable/datatable.css ....................................................... ~ 0s
  2026-05-20 10:00:32 /dist/css/adminlte.min.css ................................................................ ~ 0s
  2026-05-20 10:00:32 /assets/css/datatable/buttons.dataTables.min.css .......................................... ~ 0s
  2026-05-20 10:00:32 /css/custom-style.css ..................................................................... ~ 0s
  2026-05-20 10:00:32 /assets/images/logo/1779245989_6a0d23a55cb0e_ChatGPT%20Image%20May%2020,%202026,%2009_59_29%20AM.png  ~ 0s
  2026-05-20 10:00:32 /assets/images/demo/favicon.svg ........................................................... ~ 0s
  2026-05-20 10:00:32 /assets/images/demo/apple-icon.svg ........................................................ ~ 0s
  2026-05-20 10:00:32 /plugins/jquery/jquery.min.js ............................................................. ~ 0s
  2026-05-20 10:00:32 /plugins/jquery-ui/jquery-ui.min.js ....................................................... ~ 0s
  2026-05-20 10:00:32 /plugins/bootstrap/js/bootstrap.bundle.min.js ............................................. ~ 0s
  2026-05-20 10:00:32 /plugins/chart.js/Chart.min.js ............................................................ ~ 0s
  2026-05-20 10:00:32 /plugins/sparklines/sparkline.js .......................................................... ~ 0s
  2026-05-20 10:00:32 /plugins/jqvmap/jquery.vmap.min.js ........................................................ ~ 0s
  2026-05-20 10:00:32 /plugins/jqvmap/maps/jquery.vmap.usa.js ................................................... ~ 0s
  2026-05-20 10:00:32 /plugins/jquery-knob/jquery.knob.min.js ................................................... ~ 0s
  2026-05-20 10:00:32 /plugins/moment/moment.min.js ............................................................. ~ 0s
  2026-05-20 10:00:32 /plugins/daterangepicker/daterangepicker.js ............................................... ~ 0s
  2026-05-20 10:00:32 /plugins/tempusdominus-bootstrap-4/js/tempusdominus-bootstrap-4.min.js .................... ~ 0s
  2026-05-20 10:00:32 /plugins/overlayScrollbars/js/jquery.overlayScrollbars.min.js ............................. ~ 0s
  2026-05-20 10:00:32 /dist/js/adminlte.js ...................................................................... ~ 0s
  2026-05-20 10:00:32 /plugins/summernote/summernote-bs4.min.js ................................................. ~ 0s
  2026-05-20 10:00:32 /plugins/fontawesome-free/webfonts/fa-solid-900.woff2 ..................................... ~ 0s
  2026-05-20 10:00:32 /plugins/select2/js/select2.full.min.js ................................................... ~ 0s
  2026-05-20 10:00:32 /js/custom-script.js ...................................................................... ~ 0s
  2026-05-20 10:00:32 /plugins/dropzone/min/dropzone.min.js ..................................................... ~ 0s
  2026-05-20 10:00:32 /assets/js/datatable/jquery.dataTables.min.js ............................................. ~ 0s
  2026-05-20 10:00:32 /assets/js/datatable/datatable.js ......................................................... ~ 0s
  2026-05-20 10:00:32 /assets/js/datatable/dataTables.buttons.min.js ............................................ ~ 0s
  2026-05-20 10:00:33 ........................................................................................... ~ 1s
  2026-05-20 10:00:33 /plugins/fontawesome-free/css/all.min.css ................................................. ~ 1s
  2026-05-20 10:00:34 /plugins/tempusdominus-bootstrap-4/css/tempusdominus-bootstrap-4.min.css .................. ~ 0s
  2026-05-20 10:00:34 /plugins/icheck-bootstrap/icheck-bootstrap.min.css ........................................ ~ 0s
  2026-05-20 10:00:34 /plugins/jqvmap/jqvmap.min.css ............................................................ ~ 0s
  2026-05-20 10:00:34 /plugins/overlayScrollbars/css/OverlayScrollbars.min.css .................................. ~ 0s
  2026-05-20 10:00:34 /plugins/daterangepicker/daterangepicker.css .............................................. ~ 0s
  2026-05-20 10:00:34 /plugins/summernote/summernote-bs4.min.css ................................................ ~ 0s
  2026-05-20 10:00:34 /plugins/select2/css/select2.min.css ...................................................... ~ 0s
  2026-05-20 10:00:34 /plugins/select2-bootstrap4-theme/select2-bootstrap4.min.css .............................. ~ 0s
  2026-05-20 10:00:34 /plugins/dropzone/min/dropzone.min.css .................................................... ~ 0s
  2026-05-20 10:00:34 /assets/css/datatable/datatable.css ....................................................... ~ 0s
  2026-05-20 10:00:34 /dist/css/adminlte.min.css ................................................................ ~ 0s
  2026-05-20 10:00:34 /assets/css/datatable/buttons.dataTables.min.css .......................................... ~ 0s
  2026-05-20 10:00:34 /css/custom-style.css ..................................................................... ~ 0s
  2026-05-20 10:00:34 /assets/images/logo/1779245989_6a0d23a55cb0e_ChatGPT%20Image%20May%2020,%202026,%2009_59_29%20AM.png  ~ 0s
  2026-05-20 10:00:34 /plugins/jquery/jquery.min.js ............................................................. ~ 0s
  2026-05-20 10:00:34 /plugins/jquery-ui/jquery-ui.min.js ....................................................... ~ 0s
  2026-05-20 10:00:34 /plugins/bootstrap/js/bootstrap.bundle.min.js ............................................. ~ 0s
  2026-05-20 10:00:34 /plugins/chart.js/Chart.min.js ............................................................ ~ 0s
  2026-05-20 10:00:34 /plugins/sparklines/sparkline.js .......................................................... ~ 0s
  2026-05-20 10:00:34 /plugins/jqvmap/jquery.vmap.min.js ........................................................ ~ 0s
  2026-05-20 10:00:34 /plugins/jqvmap/maps/jquery.vmap.usa.js ................................................... ~ 0s
  2026-05-20 10:00:34 /plugins/jquery-knob/jquery.knob.min.js ................................................... ~ 0s
  2026-05-20 10:00:34 /plugins/moment/moment.min.js ............................................................. ~ 0s
  2026-05-20 10:00:34 /plugins/daterangepicker/daterangepicker.js ............................................... ~ 0s
  2026-05-20 10:00:34 /plugins/tempusdominus-bootstrap-4/js/tempusdominus-bootstrap-4.min.js .................... ~ 0s
  2026-05-20 10:00:34 /plugins/summernote/summernote-bs4.min.js ................................................. ~ 0s
  2026-05-20 10:00:34 /plugins/overlayScrollbars/js/jquery.overlayScrollbars.min.js ............................. ~ 0s
  2026-05-20 10:00:34 /dist/js/adminlte.js ...................................................................... ~ 0s
  2026-05-20 10:00:34 /plugins/fontawesome-free/webfonts/fa-solid-900.woff2 ..................................... ~ 0s
  2026-05-20 10:00:34 /plugins/select2/js/select2.full.min.js ................................................... ~ 0s
  2026-05-20 10:00:34 /js/custom-script.js ...................................................................... ~ 0s
  2026-05-20 10:00:34 /plugins/dropzone/min/dropzone.min.js ..................................................... ~ 0s
  2026-05-20 10:00:34 /assets/js/datatable/jquery.dataTables.min.js ............................................. ~ 0s
  2026-05-20 10:00:34 /assets/js/datatable/dataTables.buttons.min.js ............................................ ~ 0s
  2026-05-20 10:00:34 /assets/js/datatable/datatable.js ......................................................... ~ 0s
  2026-05-20 10:00:34 ........................................................................................... ~ 0s
  2026-05-20 10:00:34 ........................................................................................... ~ 0s
  2026-05-20 10:00:34 ........................................................................................... ~ 1s
  2026-05-20 10:00:34 /plugins/fontawesome-free/css/all.min.css ................................................. ~ 1s
  2026-05-20 10:00:35 /plugins/tempusdominus-bootstrap-4/css/tempusdominus-bootstrap-4.min.css .................. ~ 0s
  2026-05-20 10:00:35 /plugins/icheck-bootstrap/icheck-bootstrap.min.css ........................................ ~ 0s
  2026-05-20 10:00:35 /plugins/jqvmap/jqvmap.min.css ............................................................ ~ 0s
  2026-05-20 10:00:35 /plugins/overlayScrollbars/css/OverlayScrollbars.min.css .................................. ~ 0s
  2026-05-20 10:00:35 /plugins/daterangepicker/daterangepicker.css .............................................. ~ 0s
  2026-05-20 10:00:35 /plugins/summernote/summernote-bs4.min.css ................................................ ~ 0s
  2026-05-20 10:00:35 /plugins/select2/css/select2.min.css ...................................................... ~ 0s
  2026-05-20 10:00:35 /plugins/select2-bootstrap4-theme/select2-bootstrap4.min.css .............................. ~ 0s
  2026-05-20 10:00:35 /plugins/dropzone/min/dropzone.min.css .................................................... ~ 0s
  2026-05-20 10:00:35 /dist/css/adminlte.min.css ................................................................ ~ 0s
  2026-05-20 10:00:35 /assets/css/datatable/datatable.css ....................................................... ~ 0s
  2026-05-20 10:00:35 /assets/css/datatable/buttons.dataTables.min.css .......................................... ~ 0s
  2026-05-20 10:00:35 /css/custom-style.css ..................................................................... ~ 0s
  2026-05-20 10:00:35 /assets/images/logo/1779245989_6a0d23a55cb0e_ChatGPT%20Image%20May%2020,%202026,%2009_59_29%20AM.png  ~ 0s
  2026-05-20 10:00:35 /plugins/jquery/jquery.min.js ............................................................. ~ 0s
  2026-05-20 10:00:35 /plugins/jquery-ui/jquery-ui.min.js ....................................................... ~ 0s
  2026-05-20 10:00:35 /plugins/bootstrap/js/bootstrap.bundle.min.js ............................................. ~ 0s
  2026-05-20 10:00:35 /plugins/chart.js/Chart.min.js ............................................................ ~ 0s
  2026-05-20 10:00:35 /plugins/sparklines/sparkline.js .......................................................... ~ 0s
  2026-05-20 10:00:35 /plugins/jqvmap/jquery.vmap.min.js ........................................................ ~ 0s
  2026-05-20 10:00:35 /plugins/jqvmap/maps/jquery.vmap.usa.js ................................................... ~ 0s
  2026-05-20 10:00:35 /plugins/jquery-knob/jquery.knob.min.js ................................................... ~ 0s
  2026-05-20 10:00:35 /plugins/moment/moment.min.js ............................................................. ~ 0s
  2026-05-20 10:00:35 /plugins/daterangepicker/daterangepicker.js ............................................... ~ 0s
  2026-05-20 10:00:35 /plugins/tempusdominus-bootstrap-4/js/tempusdominus-bootstrap-4.min.js .................... ~ 0s
  2026-05-20 10:00:35 /plugins/summernote/summernote-bs4.min.js ................................................. ~ 0s
  2026-05-20 10:00:35 /plugins/overlayScrollbars/js/jquery.overlayScrollbars.min.js ............................. ~ 0s
  2026-05-20 10:00:35 /dist/js/adminlte.js ...................................................................... ~ 0s
  2026-05-20 10:00:35 /plugins/select2/js/select2.full.min.js ................................................... ~ 0s
  2026-05-20 10:00:35 /js/custom-script.js ...................................................................... ~ 0s
  2026-05-20 10:00:35 /plugins/dropzone/min/dropzone.min.js ..................................................... ~ 0s
  2026-05-20 10:00:35 /plugins/fontawesome-free/webfonts/fa-solid-900.woff2 ..................................... ~ 0s
  2026-05-20 10:00:35 /assets/js/datatable/jquery.dataTables.min.js ............................................. ~ 0s
  2026-05-20 10:00:35 /assets/js/datatable/dataTables.buttons.min.js ............................................ ~ 0s
  2026-05-20 10:00:35 /assets/js/datatable/datatable.js ......................................................... ~ 0s
  2026-05-20 10:00:35 ........................................................................................... ~ 0s
  2026-05-20 10:00:35 ........................................................................................... ~ 0s
  2026-05-20 10:00:35 ........................................................................................... ~ 0s
  2026-05-20 10:00:35 ........................................................................................... ~ 0s
  2026-05-20 10:00:35 ........................................................................................... ~ 0s
  2026-05-20 10:00:35 ........................................................................................... ~ 0s
  2026-05-20 10:00:35 /assets/images/demo/products/mala-pork-belly.svg .......................................... ~ 0s
  2026-05-20 10:00:35 ........................................................................................... ~ 1s
  2026-05-20 10:00:35 /assets/images/demo/products/mala-beef.svg ................................................ ~ 1s
  2026-05-20 10:00:35 /assets/images/demo/products/mala-cheese-sausage.svg ...................................... ~ 1s
  2026-05-20 10:00:35 /assets/images/demo/products/set-mala-l.svg ............................................... ~ 1s
  2026-05-20 10:00:36 /assets/images/demo/products/drink-thai-milk-tea.svg ...................................... ~ 0s
  2026-05-20 10:00:36 /assets/images/demo/products/mala-fish-tofu.svg ........................................... ~ 0s
  2026-05-20 10:00:36 /assets/images/demo/products/set-mala-s.svg ............................................... ~ 0s
  2026-05-20 10:00:36 /assets/images/demo/products/mala-enoki.svg ............................................... ~ 0s
  2026-05-20 10:00:36 /assets/images/demo/products/drink-longan.svg ............................................. ~ 0s
  2026-05-20 10:00:36 /assets/images/demo/products/drink-water.svg .............................................. ~ 0s
  2026-05-20 10:00:36 /assets/images/demo/products/set-mala-m.svg ............................................... ~ 0s
  2026-05-20 10:00:36 /assets/images/demo/products/drink-lemon-tea.svg .......................................... ~ 0s
  2026-05-20 10:00:36 ........................................................................................... ~ 0s
  2026-05-20 10:00:38 ........................................................................................... ~ 0s
  2026-05-20 10:00:38 ........................................................................................... ~ 0s
  2026-05-20 10:00:38 ........................................................................................... ~ 0s
  2026-05-20 10:00:38 /plugins/fontawesome-free/css/all.min.css ................................................. ~ 0s
  2026-05-20 10:00:38 /plugins/tempusdominus-bootstrap-4/css/tempusdominus-bootstrap-4.min.css .................. ~ 0s
  2026-05-20 10:00:38 /plugins/icheck-bootstrap/icheck-bootstrap.min.css ........................................ ~ 0s
  2026-05-20 10:00:38 /plugins/jqvmap/jqvmap.min.css ............................................................ ~ 0s
  2026-05-20 10:00:38 /plugins/overlayScrollbars/css/OverlayScrollbars.min.css .................................. ~ 0s
  2026-05-20 10:00:38 /plugins/daterangepicker/daterangepicker.css .............................................. ~ 0s
  2026-05-20 10:00:38 /plugins/summernote/summernote-bs4.min.css ................................................ ~ 0s
  2026-05-20 10:00:38 /plugins/select2/css/select2.min.css ...................................................... ~ 0s
  2026-05-20 10:00:38 /plugins/select2-bootstrap4-theme/select2-bootstrap4.min.css .............................. ~ 0s
  2026-05-20 10:00:38 /plugins/dropzone/min/dropzone.min.css .................................................... ~ 0s
  2026-05-20 10:00:38 /assets/css/datatable/datatable.css ....................................................... ~ 0s
  2026-05-20 10:00:38 /assets/css/datatable/buttons.dataTables.min.css .......................................... ~ 0s
  2026-05-20 10:00:38 /css/custom-style.css ..................................................................... ~ 0s
  2026-05-20 10:00:39 /assets/images/logo/1779245989_6a0d23a55cb0e_ChatGPT%20Image%20May%2020,%202026,%2009_59_29%20AM.png  ~ 0s
  2026-05-20 10:00:39 /plugins/jquery/jquery.min.js ............................................................. ~ 0s
  2026-05-20 10:00:38 /dist/css/adminlte.min.css ................................................................ ~ 1s
  2026-05-20 10:00:39 /plugins/jquery-ui/jquery-ui.min.js ....................................................... ~ 0s
  2026-05-20 10:00:39 /plugins/bootstrap/js/bootstrap.bundle.min.js ............................................. ~ 0s
  2026-05-20 10:00:39 /plugins/chart.js/Chart.min.js ............................................................ ~ 0s
  2026-05-20 10:00:39 /plugins/sparklines/sparkline.js .......................................................... ~ 0s
  2026-05-20 10:00:39 /plugins/jqvmap/jquery.vmap.min.js ........................................................ ~ 0s
  2026-05-20 10:00:39 /plugins/jqvmap/maps/jquery.vmap.usa.js ................................................... ~ 0s
  2026-05-20 10:00:39 /plugins/jquery-knob/jquery.knob.min.js ................................................... ~ 0s
  2026-05-20 10:00:39 /plugins/moment/moment.min.js ............................................................. ~ 0s
  2026-05-20 10:00:39 /plugins/daterangepicker/daterangepicker.js ............................................... ~ 0s
  2026-05-20 10:00:39 /plugins/tempusdominus-bootstrap-4/js/tempusdominus-bootstrap-4.min.js .................... ~ 0s
  2026-05-20 10:00:39 /plugins/summernote/summernote-bs4.min.js ................................................. ~ 0s
  2026-05-20 10:00:39 /plugins/overlayScrollbars/js/jquery.overlayScrollbars.min.js ............................. ~ 0s
  2026-05-20 10:00:39 /dist/js/adminlte.js ...................................................................... ~ 0s
  2026-05-20 10:00:39 /plugins/fontawesome-free/webfonts/fa-solid-900.woff2 ..................................... ~ 0s
  2026-05-20 10:00:39 /plugins/fontawesome-free/webfonts/fa-regular-400.woff2 ................................... ~ 0s
  2026-05-20 10:00:39 /plugins/select2/js/select2.full.min.js ................................................... ~ 0s
  2026-05-20 10:00:39 /js/custom-script.js ...................................................................... ~ 0s
  2026-05-20 10:00:39 /plugins/dropzone/min/dropzone.min.js ..................................................... ~ 0s
  2026-05-20 10:00:39 /assets/js/datatable/jquery.dataTables.min.js ............................................. ~ 0s
  2026-05-20 10:00:39 /assets/js/datatable/dataTables.buttons.min.js ............................................ ~ 0s
  2026-05-20 10:00:39 /assets/js/datatable/datatable.js ......................................................... ~ 0s
  2026-05-20 10:00:41 ........................................................................................... ~ 0s
  2026-05-20 10:00:41 /plugins/fontawesome-free/css/all.min.css ................................................. ~ 0s
  2026-05-20 10:00:41 /plugins/tempusdominus-bootstrap-4/css/tempusdominus-bootstrap-4.min.css .................. ~ 0s
  2026-05-20 10:00:41 /plugins/icheck-bootstrap/icheck-bootstrap.min.css ........................................ ~ 0s
  2026-05-20 10:00:41 /plugins/jqvmap/jqvmap.min.css ............................................................ ~ 0s
  2026-05-20 10:00:41 /plugins/overlayScrollbars/css/OverlayScrollbars.min.css .................................. ~ 0s
  2026-05-20 10:00:41 /plugins/daterangepicker/daterangepicker.css .............................................. ~ 0s
  2026-05-20 10:00:41 /plugins/summernote/summernote-bs4.min.css ................................................ ~ 0s
  2026-05-20 10:00:41 /plugins/select2/css/select2.min.css ...................................................... ~ 0s
  2026-05-20 10:00:41 /plugins/select2-bootstrap4-theme/select2-bootstrap4.min.css .............................. ~ 0s
  2026-05-20 10:00:41 /plugins/dropzone/min/dropzone.min.css .................................................... ~ 0s
  2026-05-20 10:00:41 /assets/css/datatable/datatable.css ....................................................... ~ 0s
  2026-05-20 10:00:41 /dist/css/adminlte.min.css ................................................................ ~ 0s
  2026-05-20 10:00:41 /assets/css/datatable/buttons.dataTables.min.css .......................................... ~ 0s
  2026-05-20 10:00:41 /css/custom-style.css ..................................................................... ~ 0s
  2026-05-20 10:00:41 /assets/images/logo/1779245989_6a0d23a55cb0e_ChatGPT%20Image%20May%2020,%202026,%2009_59_29%20AM.png  ~ 0s
  2026-05-20 10:00:41 /plugins/jquery/jquery.min.js ............................................................. ~ 0s
  2026-05-20 10:00:41 /plugins/jquery-ui/jquery-ui.min.js ....................................................... ~ 0s
  2026-05-20 10:00:41 /plugins/bootstrap/js/bootstrap.bundle.min.js ............................................. ~ 0s
  2026-05-20 10:00:41 /plugins/chart.js/Chart.min.js ............................................................ ~ 0s
  2026-05-20 10:00:41 /plugins/sparklines/sparkline.js .......................................................... ~ 0s
  2026-05-20 10:00:41 /plugins/jqvmap/jquery.vmap.min.js ........................................................ ~ 0s
  2026-05-20 10:00:41 /plugins/jqvmap/maps/jquery.vmap.usa.js ................................................... ~ 0s
  2026-05-20 10:00:41 /plugins/jquery-knob/jquery.knob.min.js ................................................... ~ 0s
  2026-05-20 10:00:41 /plugins/moment/moment.min.js ............................................................. ~ 0s
  2026-05-20 10:00:41 /plugins/daterangepicker/daterangepicker.js ............................................... ~ 0s
  2026-05-20 10:00:41 /plugins/tempusdominus-bootstrap-4/js/tempusdominus-bootstrap-4.min.js .................... ~ 0s
  2026-05-20 10:00:41 /plugins/summernote/summernote-bs4.min.js ................................................. ~ 0s
  2026-05-20 10:00:41 /plugins/overlayScrollbars/js/jquery.overlayScrollbars.min.js ............................. ~ 0s
  2026-05-20 10:00:41 /dist/js/adminlte.js ...................................................................... ~ 0s
  2026-05-20 10:00:41 /plugins/select2/js/select2.full.min.js ................................................... ~ 0s
  2026-05-20 10:00:41 /plugins/fontawesome-free/webfonts/fa-solid-900.woff2 ..................................... ~ 0s
  2026-05-20 10:00:41 /js/custom-script.js ...................................................................... ~ 0s
  2026-05-20 10:00:41 /plugins/dropzone/min/dropzone.min.js ..................................................... ~ 0s
  2026-05-20 10:00:41 /assets/js/datatable/jquery.dataTables.min.js ............................................. ~ 0s
  2026-05-20 10:00:41 /assets/js/datatable/dataTables.buttons.min.js ............................................ ~ 0s
  2026-05-20 10:00:41 /assets/js/datatable/datatable.js ......................................................... ~ 0s
  2026-05-20 10:00:41 ........................................................................................... ~ 0s
  2026-05-20 10:00:41 ........................................................................................... ~ 0s
  2026-05-20 10:00:41 ........................................................................................... ~ 0s
  2026-05-20 10:00:41 ........................................................................................... ~ 0s
  2026-05-20 10:00:41 ........................................................................................... ~ 1s
  2026-05-20 10:00:42 ........................................................................................... ~ 0s
  2026-05-20 10:00:41 /assets/images/demo/products/mala-pork-belly.svg .......................................... ~ 1s
  2026-05-20 10:00:42 ........................................................................................... ~ 0s
  2026-05-20 10:00:42 /assets/images/demo/products/mala-beef.svg ................................................ ~ 0s
  2026-05-20 10:00:42 /assets/images/demo/products/mala-cheese-sausage.svg ...................................... ~ 0s
  2026-05-20 10:00:42 /assets/images/demo/products/set-mala-l.svg ............................................... ~ 0s
  2026-05-20 10:00:42 /assets/images/demo/products/drink-longan.svg ............................................. ~ 0s
  2026-05-20 10:00:42 /assets/images/demo/products/set-mala-s.svg ............................................... ~ 0s
  2026-05-20 10:00:42 /assets/images/demo/products/mala-fish-tofu.svg ........................................... ~ 0s
  2026-05-20 10:00:42 /assets/images/demo/products/drink-lemon-tea.svg .......................................... ~ 0s
  2026-05-20 10:00:42 /assets/images/demo/products/set-mala-m.svg ............................................... ~ 0s
  2026-05-20 10:00:42 /assets/images/demo/products/mala-enoki.svg ............................................... ~ 0s
  2026-05-20 10:00:42 /assets/images/demo/products/drink-water.svg .............................................. ~ 0s
  2026-05-20 10:00:42 ........................................................................................... ~ 0s
  2026-05-20 10:00:42 /assets/images/demo/products/drink-thai-milk-tea.svg ...................................... ~ 0s
  2026-05-20 11:48:19 /favicon.ico .............................................................................. ~ 0s
  2026-05-20 11:48:19 ........................................................................................... ~ 2s
  2026-05-20 11:48:21 /plugins/fontawesome-free/css/all.min.css ................................................. ~ 0s
  2026-05-20 11:48:21 /plugins/tempusdominus-bootstrap-4/css/tempusdominus-bootstrap-4.min.css .................. ~ 0s
  2026-05-20 11:48:21 /plugins/icheck-bootstrap/icheck-bootstrap.min.css ........................................ ~ 0s
  2026-05-20 11:48:21 /plugins/jqvmap/jqvmap.min.css ............................................................ ~ 0s
  2026-05-20 11:48:21 /plugins/overlayScrollbars/css/OverlayScrollbars.min.css .................................. ~ 0s
  2026-05-20 11:48:21 /plugins/daterangepicker/daterangepicker.css .............................................. ~ 0s
  2026-05-20 11:48:21 /plugins/summernote/summernote-bs4.min.css ................................................ ~ 0s
  2026-05-20 11:48:21 /plugins/select2/css/select2.min.css ...................................................... ~ 0s
  2026-05-20 11:48:21 /plugins/select2-bootstrap4-theme/select2-bootstrap4.min.css .............................. ~ 0s
  2026-05-20 11:48:21 /plugins/dropzone/min/dropzone.min.css .................................................... ~ 0s
  2026-05-20 11:48:21 /assets/css/datatable/datatable.css ....................................................... ~ 0s
  2026-05-20 11:48:21 /assets/css/datatable/buttons.dataTables.min.css .......................................... ~ 0s
  2026-05-20 11:48:21 ........................................................................................... ~ 0s
  2026-05-20 11:48:21 /dist/css/adminlte.min.css ................................................................ ~ 0s
  2026-05-20 11:48:21 ........................................................................................... ~ 0s
  2026-05-20 11:48:21 /css/custom-style.css ..................................................................... ~ 0s
  2026-05-20 11:48:21 /assets/images/logo/1779245989_6a0d23a55cb0e_ChatGPT%20Image%20May%2020,%202026,%2009_59_29%20AM.png  ~ 0s
  2026-05-20 11:48:21 /plugins/jquery/jquery.min.js ............................................................. ~ 0s
  2026-05-20 11:48:21 /plugins/jquery-ui/jquery-ui.min.js ....................................................... ~ 0s
  2026-05-20 11:48:21 /plugins/bootstrap/js/bootstrap.bundle.min.js ............................................. ~ 0s
  2026-05-20 11:48:21 /plugins/chart.js/Chart.min.js ............................................................ ~ 0s
  2026-05-20 11:48:21 /plugins/sparklines/sparkline.js .......................................................... ~ 0s
  2026-05-20 11:48:21 /plugins/jqvmap/jquery.vmap.min.js ........................................................ ~ 0s
  2026-05-20 11:48:21 /plugins/jqvmap/maps/jquery.vmap.usa.js ................................................... ~ 0s
  2026-05-20 11:48:21 /plugins/jquery-knob/jquery.knob.min.js ................................................... ~ 0s
  2026-05-20 11:48:21 /plugins/moment/moment.min.js ............................................................. ~ 0s
  2026-05-20 11:48:21 /plugins/daterangepicker/daterangepicker.js ............................................... ~ 0s
  2026-05-20 11:48:21 /plugins/fontawesome-free/webfonts/fa-solid-900.woff2 ..................................... ~ 0s
  2026-05-20 11:48:21 /plugins/tempusdominus-bootstrap-4/js/tempusdominus-bootstrap-4.min.js .................... ~ 0s
  2026-05-20 11:48:21 /plugins/overlayScrollbars/js/jquery.overlayScrollbars.min.js ............................. ~ 0s
  2026-05-20 11:48:21 /dist/js/adminlte.js ...................................................................... ~ 0s
  2026-05-20 11:48:21 /plugins/summernote/summernote-bs4.min.js ................................................. ~ 0s
  2026-05-20 11:48:21 /plugins/select2/js/select2.full.min.js ................................................... ~ 0s
  2026-05-20 11:48:21 /js/custom-script.js ...................................................................... ~ 0s
  2026-05-20 11:48:21 /plugins/dropzone/min/dropzone.min.js ..................................................... ~ 0s
  2026-05-20 11:48:21 /assets/js/datatable/jquery.dataTables.min.js ............................................. ~ 0s
  2026-05-20 11:48:21 /assets/js/datatable/dataTables.buttons.min.js ............................................ ~ 0s
  2026-05-20 11:48:21 /assets/js/datatable/datatable.js ......................................................... ~ 0s
  2026-05-20 11:48:21 ........................................................................................... ~ 1s
  2026-05-20 11:48:22 ........................................................................................... ~ 0s
  2026-05-20 11:48:22 ........................................................................................... ~ 0s
  2026-05-20 11:48:22 ........................................................................................... ~ 0s
  2026-05-20 11:48:22 ........................................................................................... ~ 0s
  2026-05-20 11:48:22 ........................................................................................... ~ 0s
  2026-05-20 11:48:22 /assets/images/demo/favicon.svg ........................................................... ~ 0s
  2026-05-20 11:48:22 ........................................................................................... ~ 0s
  2026-05-20 11:48:22 /assets/images/demo/products/mala-pork-belly.svg .......................................... ~ 0s
  2026-05-20 11:48:22 /assets/images/demo/products/mala-beef.svg ................................................ ~ 0s
  2026-05-20 11:48:22 /assets/images/demo/products/set-mala-s.svg ............................................... ~ 0s
  2026-05-20 11:48:22 /assets/images/demo/products/drink-longan.svg ............................................. ~ 0s
  2026-05-20 11:48:22 /assets/images/demo/products/drink-thai-milk-tea.svg ...................................... ~ 0s
  2026-05-20 11:48:22 /assets/images/demo/products/set-mala-l.svg ............................................... ~ 0s
  2026-05-20 11:48:22 /assets/images/demo/products/drink-water.svg .............................................. ~ 0s
  2026-05-20 11:48:22 /assets/images/demo/products/drink-lemon-tea.svg .......................................... ~ 0s
  2026-05-20 11:48:22 /assets/images/demo/products/mala-cheese-sausage.svg ...................................... ~ 0s
  2026-05-20 11:48:22 /assets/images/demo/products/mala-enoki.svg ............................................... ~ 0s
  2026-05-20 11:48:22 /assets/images/demo/products/set-mala-m.svg ............................................... ~ 0s
  2026-05-20 11:48:22 /assets/images/demo/products/mala-fish-tofu.svg ........................................... ~ 0s
  2026-05-20 11:48:22 ........................................................................................... ~ 0s
  2026-05-20 11:48:28 ........................................................................................... ~ 0s
  2026-05-20 11:48:54 ........................................................................................... ~ 0s
  2026-05-20 11:49:20 ........................................................................................... ~ 1s
  2026-05-20 11:49:20 /assets/images/demo/errors/404.svg ........................................................ ~ 1s
  2026-05-20 11:49:23 ........................................................................................... ~ 0s
  2026-05-20 11:49:23 ........................................................................................... ~ 0s
  2026-05-20 11:49:23 ........................................................................................... ~ 0s
  2026-05-20 11:49:23 /plugins/fontawesome-free/css/all.min.css ................................................. ~ 0s
  2026-05-20 11:49:23 /plugins/tempusdominus-bootstrap-4/css/tempusdominus-bootstrap-4.min.css .................. ~ 0s
  2026-05-20 11:49:23 /plugins/icheck-bootstrap/icheck-bootstrap.min.css ........................................ ~ 0s
  2026-05-20 11:49:23 /plugins/jqvmap/jqvmap.min.css ............................................................ ~ 0s
  2026-05-20 11:49:23 /plugins/overlayScrollbars/css/OverlayScrollbars.min.css .................................. ~ 0s
  2026-05-20 11:49:23 /plugins/daterangepicker/daterangepicker.css .............................................. ~ 0s
  2026-05-20 11:49:23 /plugins/summernote/summernote-bs4.min.css ................................................ ~ 0s
  2026-05-20 11:49:23 /plugins/select2/css/select2.min.css ...................................................... ~ 0s
  2026-05-20 11:49:23 /plugins/select2-bootstrap4-theme/select2-bootstrap4.min.css .............................. ~ 0s
  2026-05-20 11:49:23 /plugins/dropzone/min/dropzone.min.css .................................................... ~ 0s
  2026-05-20 11:49:23 /assets/css/datatable/datatable.css ....................................................... ~ 0s
  2026-05-20 11:49:23 /dist/css/adminlte.min.css ................................................................ ~ 0s
  2026-05-20 11:49:23 /assets/css/datatable/buttons.dataTables.min.css .......................................... ~ 0s
  2026-05-20 11:49:23 /css/custom-style.css ..................................................................... ~ 0s
  2026-05-20 11:49:23 /assets/images/logo/1779245989_6a0d23a55cb0e_ChatGPT%20Image%20May%2020,%202026,%2009_59_29%20AM.png  ~ 0s
  2026-05-20 11:49:23 /plugins/jquery/jquery.min.js ............................................................. ~ 0s
  2026-05-20 11:49:23 /plugins/jquery-ui/jquery-ui.min.js ....................................................... ~ 0s
  2026-05-20 11:49:23 /plugins/bootstrap/js/bootstrap.bundle.min.js ............................................. ~ 0s
  2026-05-20 11:49:23 /plugins/chart.js/Chart.min.js ............................................................ ~ 0s
  2026-05-20 11:49:23 /plugins/sparklines/sparkline.js .......................................................... ~ 0s
  2026-05-20 11:49:23 /plugins/jqvmap/jquery.vmap.min.js ........................................................ ~ 0s
  2026-05-20 11:49:23 /plugins/jqvmap/maps/jquery.vmap.usa.js ................................................... ~ 0s
  2026-05-20 11:49:23 /plugins/jquery-knob/jquery.knob.min.js ................................................... ~ 0s
  2026-05-20 11:49:23 /plugins/moment/moment.min.js ............................................................. ~ 0s
  2026-05-20 11:49:23 /plugins/daterangepicker/daterangepicker.js ............................................... ~ 0s
  2026-05-20 11:49:23 /plugins/tempusdominus-bootstrap-4/js/tempusdominus-bootstrap-4.min.js .................... ~ 0s
  2026-05-20 11:49:23 /plugins/summernote/summernote-bs4.min.js ................................................. ~ 0s
  2026-05-20 11:49:23 /plugins/overlayScrollbars/js/jquery.overlayScrollbars.min.js ............................. ~ 0s
  2026-05-20 11:49:23 /dist/js/adminlte.js ...................................................................... ~ 0s
  2026-05-20 11:49:23 /plugins/select2/js/select2.full.min.js ................................................... ~ 0s
  2026-05-20 11:49:23 /plugins/fontawesome-free/webfonts/fa-solid-900.woff2 ..................................... ~ 0s
  2026-05-20 11:49:23 /plugins/fontawesome-free/webfonts/fa-regular-400.woff2 ................................... ~ 0s
  2026-05-20 11:49:23 /js/custom-script.js ...................................................................... ~ 0s
  2026-05-20 11:49:23 /plugins/dropzone/min/dropzone.min.js ..................................................... ~ 0s
  2026-05-20 11:49:23 /assets/js/datatable/jquery.dataTables.min.js ............................................. ~ 0s
  2026-05-20 11:49:23 /assets/js/datatable/datatable.js ......................................................... ~ 0s
  2026-05-20 11:49:23 /assets/js/datatable/dataTables.buttons.min.js ............................................ ~ 0s
  2026-05-20 11:49:25 ........................................................................................... ~ 0s
  2026-05-20 11:49:25 /plugins/fontawesome-free/css/all.min.css ................................................. ~ 0s
  2026-05-20 11:49:25 /plugins/tempusdominus-bootstrap-4/css/tempusdominus-bootstrap-4.min.css .................. ~ 0s
  2026-05-20 11:49:25 /plugins/icheck-bootstrap/icheck-bootstrap.min.css ........................................ ~ 0s
  2026-05-20 11:49:25 /plugins/jqvmap/jqvmap.min.css ............................................................ ~ 0s
  2026-05-20 11:49:25 /plugins/overlayScrollbars/css/OverlayScrollbars.min.css .................................. ~ 0s
  2026-05-20 11:49:25 /plugins/daterangepicker/daterangepicker.css .............................................. ~ 0s
  2026-05-20 11:49:25 /plugins/summernote/summernote-bs4.min.css ................................................ ~ 0s
  2026-05-20 11:49:25 /plugins/select2/css/select2.min.css ...................................................... ~ 0s
  2026-05-20 11:49:25 /plugins/select2-bootstrap4-theme/select2-bootstrap4.min.css .............................. ~ 0s
  2026-05-20 11:49:25 /plugins/dropzone/min/dropzone.min.css .................................................... ~ 0s
  2026-05-20 11:49:25 /assets/css/datatable/datatable.css ....................................................... ~ 0s
  2026-05-20 11:49:25 /assets/css/datatable/buttons.dataTables.min.css .......................................... ~ 0s
  2026-05-20 11:49:25 /css/custom-style.css ..................................................................... ~ 0s
  2026-05-20 11:49:25 /dist/css/adminlte.min.css ................................................................ ~ 0s
  2026-05-20 11:49:25 /assets/images/logo/1779245989_6a0d23a55cb0e_ChatGPT%20Image%20May%2020,%202026,%2009_59_29%20AM.png  ~ 0s
  2026-05-20 11:49:25 /plugins/jquery/jquery.min.js ............................................................. ~ 0s
  2026-05-20 11:49:25 /plugins/jquery-ui/jquery-ui.min.js ....................................................... ~ 0s
  2026-05-20 11:49:25 /plugins/bootstrap/js/bootstrap.bundle.min.js ............................................. ~ 0s
  2026-05-20 11:49:25 /plugins/chart.js/Chart.min.js ............................................................ ~ 0s
  2026-05-20 11:49:25 /plugins/sparklines/sparkline.js .......................................................... ~ 0s
  2026-05-20 11:49:25 /plugins/jqvmap/jquery.vmap.min.js ........................................................ ~ 0s
  2026-05-20 11:49:25 /plugins/jqvmap/maps/jquery.vmap.usa.js ................................................... ~ 0s
  2026-05-20 11:49:25 /plugins/jquery-knob/jquery.knob.min.js ................................................... ~ 0s
  2026-05-20 11:49:25 /plugins/moment/moment.min.js ............................................................. ~ 0s
  2026-05-20 11:49:25 /plugins/daterangepicker/daterangepicker.js ............................................... ~ 0s
  2026-05-20 11:49:25 /plugins/tempusdominus-bootstrap-4/js/tempusdominus-bootstrap-4.min.js .................... ~ 0s
  2026-05-20 11:49:25 /plugins/summernote/summernote-bs4.min.js ................................................. ~ 0s
  2026-05-20 11:49:25 /plugins/overlayScrollbars/js/jquery.overlayScrollbars.min.js ............................. ~ 0s
  2026-05-20 11:49:25 /dist/js/adminlte.js ...................................................................... ~ 0s
  2026-05-20 11:49:25 /plugins/select2/js/select2.full.min.js ................................................... ~ 0s
  2026-05-20 11:49:25 /js/custom-script.js ...................................................................... ~ 0s
  2026-05-20 11:49:25 /plugins/fontawesome-free/webfonts/fa-solid-900.woff2 ..................................... ~ 0s
  2026-05-20 11:49:25 /plugins/dropzone/min/dropzone.min.js ..................................................... ~ 0s
  2026-05-20 11:49:25 /assets/js/datatable/jquery.dataTables.min.js ............................................. ~ 0s
  2026-05-20 11:49:25 /assets/js/datatable/datatable.js ......................................................... ~ 0s
  2026-05-20 11:49:25 /assets/js/datatable/dataTables.buttons.min.js ............................................ ~ 0s
  2026-05-20 11:49:25 ........................................................................................... ~ 0s
  2026-05-20 11:49:25 ........................................................................................... ~ 0s
  2026-05-20 11:49:25 ........................................................................................... ~ 0s
  2026-05-20 11:49:25 ........................................................................................... ~ 1s
  2026-05-20 11:49:25 ........................................................................................... ~ 1s
  2026-05-20 11:49:26 ........................................................................................... ~ 0s
  2026-05-20 11:49:26 /assets/images/demo/products/mala-pork-belly.svg .......................................... ~ 0s
  2026-05-20 11:49:26 ........................................................................................... ~ 0s
  2026-05-20 11:49:26 /assets/images/demo/products/mala-beef.svg ................................................ ~ 0s
  2026-05-20 11:49:26 /assets/images/demo/products/mala-cheese-sausage.svg ...................................... ~ 0s
  2026-05-20 11:49:26 /assets/images/demo/products/set-mala-s.svg ............................................... ~ 0s
  2026-05-20 11:49:26 /assets/images/demo/products/mala-enoki.svg ............................................... ~ 0s
  2026-05-20 11:49:26 /assets/images/demo/products/set-mala-m.svg ............................................... ~ 0s
  2026-05-20 11:49:26 /assets/images/demo/products/drink-lemon-tea.svg .......................................... ~ 0s
  2026-05-20 11:49:26 /assets/images/demo/products/drink-thai-milk-tea.svg ...................................... ~ 0s
  2026-05-20 11:49:26 /assets/images/demo/products/drink-water.svg .............................................. ~ 0s
  2026-05-20 11:49:26 /assets/images/demo/products/set-mala-l.svg ............................................... ~ 0s
  2026-05-20 11:49:26 /assets/images/demo/products/mala-fish-tofu.svg ........................................... ~ 0s
  2026-05-20 11:49:26 ........................................................................................... ~ 0s
  2026-05-20 11:49:26 /assets/images/demo/products/drink-longan.svg ............................................. ~ 0s
  2026-05-20 11:49:27 ........................................................................................... ~ 0s
  2026-05-20 11:49:27 /plugins/fontawesome-free/css/all.min.css ................................................. ~ 0s
  2026-05-20 11:49:27 /plugins/tempusdominus-bootstrap-4/css/tempusdominus-bootstrap-4.min.css .................. ~ 0s
  2026-05-20 11:49:27 /plugins/icheck-bootstrap/icheck-bootstrap.min.css ........................................ ~ 0s
  2026-05-20 11:49:27 /plugins/jqvmap/jqvmap.min.css ............................................................ ~ 0s
  2026-05-20 11:49:27 /plugins/overlayScrollbars/css/OverlayScrollbars.min.css .................................. ~ 0s
  2026-05-20 11:49:27 /plugins/daterangepicker/daterangepicker.css .............................................. ~ 0s
  2026-05-20 11:49:27 /plugins/summernote/summernote-bs4.min.css ................................................ ~ 0s
  2026-05-20 11:49:27 /plugins/select2/css/select2.min.css ...................................................... ~ 0s
  2026-05-20 11:49:27 /plugins/select2-bootstrap4-theme/select2-bootstrap4.min.css .............................. ~ 0s
  2026-05-20 11:49:27 /plugins/dropzone/min/dropzone.min.css .................................................... ~ 0s
  2026-05-20 11:49:27 /assets/css/datatable/datatable.css ....................................................... ~ 0s
  2026-05-20 11:49:27 /assets/css/datatable/buttons.dataTables.min.css .......................................... ~ 0s
  2026-05-20 11:49:27 /dist/css/adminlte.min.css ................................................................ ~ 0s
  2026-05-20 11:49:27 /css/custom-style.css ..................................................................... ~ 0s
  2026-05-20 11:49:27 /assets/images/logo/1779245989_6a0d23a55cb0e_ChatGPT%20Image%20May%2020,%202026,%2009_59_29%20AM.png  ~ 0s
  2026-05-20 11:49:27 /assets/images/demo/favicon.svg ........................................................... ~ 0s
  2026-05-20 11:49:27 /assets/images/demo/apple-icon.svg ........................................................ ~ 0s
  2026-05-20 11:49:27 /plugins/jquery/jquery.min.js ............................................................. ~ 0s
  2026-05-20 11:49:27 /plugins/jquery-ui/jquery-ui.min.js ....................................................... ~ 0s
  2026-05-20 11:49:27 /plugins/bootstrap/js/bootstrap.bundle.min.js ............................................. ~ 0s
  2026-05-20 11:49:27 /plugins/chart.js/Chart.min.js ............................................................ ~ 0s
  2026-05-20 11:49:27 /plugins/sparklines/sparkline.js .......................................................... ~ 0s
  2026-05-20 11:49:27 /plugins/jqvmap/jquery.vmap.min.js ........................................................ ~ 0s
  2026-05-20 11:49:27 /plugins/jqvmap/maps/jquery.vmap.usa.js ................................................... ~ 0s
  2026-05-20 11:49:27 /plugins/jquery-knob/jquery.knob.min.js ................................................... ~ 0s
  2026-05-20 11:49:27 /plugins/moment/moment.min.js ............................................................. ~ 0s
  2026-05-20 11:49:27 /plugins/daterangepicker/daterangepicker.js ............................................... ~ 0s
  2026-05-20 11:49:27 /plugins/fontawesome-free/webfonts/fa-solid-900.woff2 ..................................... ~ 0s
  2026-05-20 11:49:27 /plugins/tempusdominus-bootstrap-4/js/tempusdominus-bootstrap-4.min.js .................... ~ 0s
  2026-05-20 11:49:27 /plugins/summernote/summernote-bs4.min.js ................................................. ~ 0s
  2026-05-20 11:49:27 /plugins/overlayScrollbars/js/jquery.overlayScrollbars.min.js ............................. ~ 0s
  2026-05-20 11:49:27 /dist/js/adminlte.js ...................................................................... ~ 0s
  2026-05-20 11:49:27 /plugins/select2/js/select2.full.min.js ................................................... ~ 0s
  2026-05-20 11:49:27 /js/custom-script.js ...................................................................... ~ 0s
  2026-05-20 11:49:27 /plugins/dropzone/min/dropzone.min.js ..................................................... ~ 0s
  2026-05-20 11:49:27 /assets/js/datatable/jquery.dataTables.min.js ............................................. ~ 0s
  2026-05-20 11:49:27 /assets/js/datatable/dataTables.buttons.min.js ............................................ ~ 0s
  2026-05-20 11:49:27 /assets/js/datatable/datatable.js ......................................................... ~ 0s
  2026-05-20 11:49:29 /plugins/fontawesome-free/webfonts/fa-brands-400.woff2 .................................... ~ 0s
  2026-05-20 11:49:31 /plugins/fontawesome-free/webfonts/fa-regular-400.woff2 ................................... ~ 0s
  2026-05-20 11:58:09 ........................................................................................... ~ 0s
  2026-05-20 11:58:09 ........................................................................................... ~ 0s
  2026-05-20 11:58:09 /plugins/fontawesome-free/css/all.min.css ................................................. ~ 0s
  2026-05-20 11:58:09 /plugins/tempusdominus-bootstrap-4/css/tempusdominus-bootstrap-4.min.css .................. ~ 0s
  2026-05-20 11:58:09 /plugins/icheck-bootstrap/icheck-bootstrap.min.css ........................................ ~ 0s
  2026-05-20 11:58:09 /plugins/jqvmap/jqvmap.min.css ............................................................ ~ 0s
  2026-05-20 11:58:09 /plugins/overlayScrollbars/css/OverlayScrollbars.min.css .................................. ~ 0s
  2026-05-20 11:58:09 /plugins/daterangepicker/daterangepicker.css .............................................. ~ 0s
  2026-05-20 11:58:09 /plugins/summernote/summernote-bs4.min.css ................................................ ~ 0s
  2026-05-20 11:58:09 /plugins/select2/css/select2.min.css ...................................................... ~ 0s
  2026-05-20 11:58:09 /plugins/select2-bootstrap4-theme/select2-bootstrap4.min.css .............................. ~ 0s
  2026-05-20 11:58:09 /dist/css/adminlte.min.css ................................................................ ~ 0s
  2026-05-20 11:58:09 /plugins/dropzone/min/dropzone.min.css .................................................... ~ 0s
  2026-05-20 11:58:09 /assets/css/datatable/datatable.css ....................................................... ~ 0s
  2026-05-20 11:58:09 /assets/css/datatable/buttons.dataTables.min.css .......................................... ~ 0s
  2026-05-20 11:58:09 /css/custom-style.css ..................................................................... ~ 0s
  2026-05-20 11:58:09 /assets/images/logo/1779245989_6a0d23a55cb0e_ChatGPT%20Image%20May%2020,%202026,%2009_59_29%20AM.png  ~ 0s
  2026-05-20 11:58:09 /assets/images/logo/1779253089_6a0d3f616fa5b_ChatGPT%20Image%20May%2020,%202026,%2011_58_01%20AM.png  ~ 0s
  2026-05-20 11:58:10 /assets/images/demo/apple-icon.svg ........................................................ ~ 0s
  2026-05-20 11:58:10 /plugins/jquery/jquery.min.js ............................................................. ~ 0s
  2026-05-20 11:58:10 /plugins/jquery-ui/jquery-ui.min.js ....................................................... ~ 0s
  2026-05-20 11:58:10 /plugins/bootstrap/js/bootstrap.bundle.min.js ............................................. ~ 0s
  2026-05-20 11:58:10 /plugins/chart.js/Chart.min.js ............................................................ ~ 0s
  2026-05-20 11:58:10 /plugins/sparklines/sparkline.js .......................................................... ~ 0s
  2026-05-20 11:58:10 /plugins/jqvmap/jquery.vmap.min.js ........................................................ ~ 0s
  2026-05-20 11:58:10 /plugins/jqvmap/maps/jquery.vmap.usa.js ................................................... ~ 0s
  2026-05-20 11:58:10 /plugins/jquery-knob/jquery.knob.min.js ................................................... ~ 0s
  2026-05-20 11:58:10 /plugins/moment/moment.min.js ............................................................. ~ 0s
  2026-05-20 11:58:10 /plugins/daterangepicker/daterangepicker.js ............................................... ~ 0s
  2026-05-20 11:58:10 /plugins/tempusdominus-bootstrap-4/js/tempusdominus-bootstrap-4.min.js .................... ~ 0s
  2026-05-20 11:58:10 /plugins/overlayScrollbars/js/jquery.overlayScrollbars.min.js ............................. ~ 0s
  2026-05-20 11:58:10 /dist/js/adminlte.js ...................................................................... ~ 0s
  2026-05-20 11:58:10 /plugins/summernote/summernote-bs4.min.js ................................................. ~ 0s
  2026-05-20 11:58:10 /plugins/select2/js/select2.full.min.js ................................................... ~ 0s
  2026-05-20 11:58:10 /js/custom-script.js ...................................................................... ~ 0s
  2026-05-20 11:58:10 /plugins/dropzone/min/dropzone.min.js ..................................................... ~ 0s
  2026-05-20 11:58:10 /assets/js/datatable/jquery.dataTables.min.js ............................................. ~ 0s
  2026-05-20 11:58:10 /assets/js/datatable/dataTables.buttons.min.js ............................................ ~ 0s
  2026-05-20 11:58:10 /assets/js/datatable/datatable.js ......................................................... ~ 0s
  2026-05-20 11:58:10 /plugins/fontawesome-free/webfonts/fa-solid-900.woff2 ..................................... ~ 0s
  2026-05-20 11:58:10 /plugins/fontawesome-free/webfonts/fa-regular-400.woff2 ................................... ~ 0s
  2026-05-20 11:58:10 /assets/images/logo/1779253089_6a0d3f616fa5b_ChatGPT%20Image%20May%2020,%202026,%2011_58_01%20AM.png  ~ 0s
  2026-05-20 11:59:51 ........................................................................................... ~ 0s
  2026-05-20 11:59:51 /plugins/fontawesome-free/css/all.min.css ................................................. ~ 0s
  2026-05-20 11:59:51 /plugins/tempusdominus-bootstrap-4/css/tempusdominus-bootstrap-4.min.css .................. ~ 0s
  2026-05-20 11:59:51 /plugins/icheck-bootstrap/icheck-bootstrap.min.css ........................................ ~ 0s
  2026-05-20 11:59:51 /plugins/jqvmap/jqvmap.min.css ............................................................ ~ 0s
  2026-05-20 11:59:51 /plugins/overlayScrollbars/css/OverlayScrollbars.min.css .................................. ~ 0s
  2026-05-20 11:59:51 /plugins/daterangepicker/daterangepicker.css .............................................. ~ 0s
  2026-05-20 11:59:51 /plugins/summernote/summernote-bs4.min.css ................................................ ~ 0s
  2026-05-20 11:59:51 /plugins/select2/css/select2.min.css ...................................................... ~ 0s
  2026-05-20 11:59:51 /plugins/select2-bootstrap4-theme/select2-bootstrap4.min.css .............................. ~ 0s
  2026-05-20 11:59:51 /plugins/dropzone/min/dropzone.min.css .................................................... ~ 0s
  2026-05-20 11:59:51 /assets/css/datatable/datatable.css ....................................................... ~ 0s
  2026-05-20 11:59:51 /assets/css/datatable/buttons.dataTables.min.css .......................................... ~ 0s
  2026-05-20 11:59:51 /dist/css/adminlte.min.css ................................................................ ~ 0s
  2026-05-20 11:59:51 /css/custom-style.css ..................................................................... ~ 0s
  2026-05-20 11:59:51 /assets/images/logo/1779245989_6a0d23a55cb0e_ChatGPT%20Image%20May%2020,%202026,%2009_59_29%20AM.png  ~ 0s
  2026-05-20 11:59:51 /plugins/jquery/jquery.min.js ............................................................. ~ 0s
  2026-05-20 11:59:51 /plugins/jquery-ui/jquery-ui.min.js ....................................................... ~ 0s
  2026-05-20 11:59:51 /plugins/bootstrap/js/bootstrap.bundle.min.js ............................................. ~ 0s
  2026-05-20 11:59:51 /plugins/chart.js/Chart.min.js ............................................................ ~ 0s
  2026-05-20 11:59:51 /plugins/sparklines/sparkline.js .......................................................... ~ 0s
  2026-05-20 11:59:51 /plugins/jqvmap/jquery.vmap.min.js ........................................................ ~ 0s
  2026-05-20 11:59:51 /plugins/jqvmap/maps/jquery.vmap.usa.js ................................................... ~ 0s
  2026-05-20 11:59:51 /plugins/jquery-knob/jquery.knob.min.js ................................................... ~ 0s
  2026-05-20 11:59:51 /plugins/moment/moment.min.js ............................................................. ~ 0s
  2026-05-20 11:59:51 /plugins/daterangepicker/daterangepicker.js ............................................... ~ 0s
  2026-05-20 11:59:52 /plugins/tempusdominus-bootstrap-4/js/tempusdominus-bootstrap-4.min.js .................... ~ 0s
  2026-05-20 11:59:52 /plugins/summernote/summernote-bs4.min.js ................................................. ~ 0s
  2026-05-20 11:59:52 /plugins/overlayScrollbars/js/jquery.overlayScrollbars.min.js ............................. ~ 0s
  2026-05-20 11:59:52 /dist/js/adminlte.js ...................................................................... ~ 0s
  2026-05-20 11:59:52 /plugins/select2/js/select2.full.min.js ................................................... ~ 0s
  2026-05-20 11:59:52 /js/custom-script.js ...................................................................... ~ 0s
  2026-05-20 11:59:52 /plugins/fontawesome-free/webfonts/fa-solid-900.woff2 ..................................... ~ 0s
  2026-05-20 11:59:52 /plugins/dropzone/min/dropzone.min.js ..................................................... ~ 0s
  2026-05-20 11:59:52 /assets/js/datatable/jquery.dataTables.min.js ............................................. ~ 0s
  2026-05-20 11:59:52 /assets/js/datatable/dataTables.buttons.min.js ............................................ ~ 0s
  2026-05-20 11:59:52 /assets/js/datatable/datatable.js ......................................................... ~ 0s
  2026-05-20 11:59:52 ........................................................................................... ~ 0s
  2026-05-20 11:59:52 /assets/images/logo/1779253089_6a0d3f616fa5b_ChatGPT%20Image%20May%2020,%202026,%2011_58_01%20AM.png  ~ 0s
  2026-05-20 11:59:52 ........................................................................................... ~ 0s
  2026-05-20 11:59:53 ........................................................................................... ~ 0s
  2026-05-20 11:59:53 /plugins/fontawesome-free/css/all.min.css ................................................. ~ 0s
  2026-05-20 11:59:53 /plugins/tempusdominus-bootstrap-4/css/tempusdominus-bootstrap-4.min.css .................. ~ 0s
  2026-05-20 11:59:53 /plugins/icheck-bootstrap/icheck-bootstrap.min.css ........................................ ~ 0s
  2026-05-20 11:59:53 /plugins/jqvmap/jqvmap.min.css ............................................................ ~ 0s
  2026-05-20 11:59:53 /plugins/overlayScrollbars/css/OverlayScrollbars.min.css .................................. ~ 0s
  2026-05-20 11:59:53 /plugins/daterangepicker/daterangepicker.css .............................................. ~ 0s
  2026-05-20 11:59:53 /plugins/summernote/summernote-bs4.min.css ................................................ ~ 0s
  2026-05-20 11:59:53 /plugins/select2/css/select2.min.css ...................................................... ~ 0s
  2026-05-20 11:59:53 /plugins/select2-bootstrap4-theme/select2-bootstrap4.min.css .............................. ~ 0s
  2026-05-20 11:59:53 /plugins/dropzone/min/dropzone.min.css .................................................... ~ 0s
  2026-05-20 11:59:53 /assets/css/datatable/datatable.css ....................................................... ~ 0s
  2026-05-20 11:59:53 /dist/css/adminlte.min.css ................................................................ ~ 0s
  2026-05-20 11:59:53 /assets/css/datatable/buttons.dataTables.min.css .......................................... ~ 0s
  2026-05-20 11:59:53 /css/custom-style.css ..................................................................... ~ 0s
  2026-05-20 11:59:53 /assets/images/logo/1779245989_6a0d23a55cb0e_ChatGPT%20Image%20May%2020,%202026,%2009_59_29%20AM.png  ~ 0s
  2026-05-20 11:59:53 /plugins/jquery/jquery.min.js ............................................................. ~ 0s
  2026-05-20 11:59:53 /plugins/jquery-ui/jquery-ui.min.js ....................................................... ~ 0s
  2026-05-20 11:59:53 /plugins/bootstrap/js/bootstrap.bundle.min.js ............................................. ~ 0s
  2026-05-20 11:59:53 /plugins/chart.js/Chart.min.js ............................................................ ~ 0s
  2026-05-20 11:59:53 /plugins/sparklines/sparkline.js .......................................................... ~ 0s
  2026-05-20 11:59:53 /plugins/jqvmap/jquery.vmap.min.js ........................................................ ~ 0s
  2026-05-20 11:59:53 /plugins/jqvmap/maps/jquery.vmap.usa.js ................................................... ~ 0s
  2026-05-20 11:59:53 /plugins/jquery-knob/jquery.knob.min.js ................................................... ~ 0s
  2026-05-20 11:59:53 /plugins/moment/moment.min.js ............................................................. ~ 0s
  2026-05-20 11:59:53 /plugins/daterangepicker/daterangepicker.js ............................................... ~ 0s
  2026-05-20 11:59:53 /plugins/tempusdominus-bootstrap-4/js/tempusdominus-bootstrap-4.min.js .................... ~ 0s
  2026-05-20 11:59:53 /plugins/summernote/summernote-bs4.min.js ................................................. ~ 0s
  2026-05-20 11:59:53 /plugins/overlayScrollbars/js/jquery.overlayScrollbars.min.js ............................. ~ 0s
  2026-05-20 11:59:53 /dist/js/adminlte.js ...................................................................... ~ 0s
  2026-05-20 11:59:53 /plugins/select2/js/select2.full.min.js ................................................... ~ 0s
  2026-05-20 11:59:53 /plugins/fontawesome-free/webfonts/fa-solid-900.woff2 ..................................... ~ 0s
  2026-05-20 11:59:53 /js/custom-script.js ...................................................................... ~ 0s
  2026-05-20 11:59:53 /plugins/dropzone/min/dropzone.min.js ..................................................... ~ 0s
  2026-05-20 11:59:53 /assets/js/datatable/jquery.dataTables.min.js ............................................. ~ 0s
  2026-05-20 11:59:53 /assets/js/datatable/dataTables.buttons.min.js ............................................ ~ 0s
  2026-05-20 11:59:53 /assets/js/datatable/datatable.js ......................................................... ~ 0s
  2026-05-20 11:59:53 ........................................................................................... ~ 1s
  2026-05-20 11:59:54 /assets/images/logo/1779253089_6a0d3f616fa5b_ChatGPT%20Image%20May%2020,%202026,%2011_58_01%20AM.png  ~ 0s
  2026-05-20 11:59:54 ........................................................................................... ~ 0s
  2026-05-20 11:59:56 /plugins/fontawesome-free/webfonts/fa-regular-400.woff2 ................................... ~ 0s
  2026-05-20 11:59:56 ........................................................................................... ~ 0s
  2026-05-20 11:59:56 /plugins/fontawesome-free/css/all.min.css ................................................. ~ 0s
  2026-05-20 11:59:56 /plugins/tempusdominus-bootstrap-4/css/tempusdominus-bootstrap-4.min.css .................. ~ 0s
  2026-05-20 11:59:56 /plugins/icheck-bootstrap/icheck-bootstrap.min.css ........................................ ~ 0s
  2026-05-20 11:59:56 /plugins/jqvmap/jqvmap.min.css ............................................................ ~ 0s
  2026-05-20 11:59:56 /plugins/overlayScrollbars/css/OverlayScrollbars.min.css .................................. ~ 0s
  2026-05-20 11:59:56 /plugins/daterangepicker/daterangepicker.css .............................................. ~ 0s
  2026-05-20 11:59:56 /plugins/summernote/summernote-bs4.min.css ................................................ ~ 0s
  2026-05-20 11:59:56 /plugins/select2/css/select2.min.css ...................................................... ~ 0s
  2026-05-20 11:59:56 /plugins/select2-bootstrap4-theme/select2-bootstrap4.min.css .............................. ~ 0s
  2026-05-20 11:59:56 /plugins/dropzone/min/dropzone.min.css .................................................... ~ 0s
  2026-05-20 11:59:56 /assets/css/datatable/datatable.css ....................................................... ~ 0s
  2026-05-20 11:59:56 /dist/css/adminlte.min.css ................................................................ ~ 0s
  2026-05-20 11:59:56 /assets/css/datatable/buttons.dataTables.min.css .......................................... ~ 0s
  2026-05-20 11:59:56 /css/custom-style.css ..................................................................... ~ 0s
  2026-05-20 11:59:56 /assets/images/logo/1779245989_6a0d23a55cb0e_ChatGPT%20Image%20May%2020,%202026,%2009_59_29%20AM.png  ~ 1s
  2026-05-20 11:59:57 /plugins/jquery/jquery.min.js ............................................................. ~ 0s
  2026-05-20 11:59:57 /plugins/jquery-ui/jquery-ui.min.js ....................................................... ~ 0s
  2026-05-20 11:59:57 /plugins/bootstrap/js/bootstrap.bundle.min.js ............................................. ~ 0s
  2026-05-20 11:59:57 /plugins/chart.js/Chart.min.js ............................................................ ~ 0s
  2026-05-20 11:59:57 /plugins/sparklines/sparkline.js .......................................................... ~ 0s
  2026-05-20 11:59:57 /plugins/jqvmap/jquery.vmap.min.js ........................................................ ~ 0s
  2026-05-20 11:59:57 /plugins/jqvmap/maps/jquery.vmap.usa.js ................................................... ~ 0s
  2026-05-20 11:59:57 /plugins/jquery-knob/jquery.knob.min.js ................................................... ~ 0s
  2026-05-20 11:59:57 /plugins/moment/moment.min.js ............................................................. ~ 0s
  2026-05-20 11:59:57 /plugins/daterangepicker/daterangepicker.js ............................................... ~ 0s
  2026-05-20 11:59:57 /plugins/tempusdominus-bootstrap-4/js/tempusdominus-bootstrap-4.min.js .................... ~ 0s
  2026-05-20 11:59:57 /plugins/summernote/summernote-bs4.min.js ................................................. ~ 0s
  2026-05-20 11:59:57 /plugins/overlayScrollbars/js/jquery.overlayScrollbars.min.js ............................. ~ 0s
  2026-05-20 11:59:57 /dist/js/adminlte.js ...................................................................... ~ 0s
  2026-05-20 11:59:57 /plugins/fontawesome-free/webfonts/fa-solid-900.woff2 ..................................... ~ 0s
  2026-05-20 11:59:57 /plugins/fontawesome-free/webfonts/fa-regular-400.woff2 ................................... ~ 0s
  2026-05-20 11:59:57 /plugins/select2/js/select2.full.min.js ................................................... ~ 0s
  2026-05-20 11:59:57 /js/custom-script.js ...................................................................... ~ 0s
  2026-05-20 11:59:57 /plugins/dropzone/min/dropzone.min.js ..................................................... ~ 0s
  2026-05-20 11:59:57 /assets/js/datatable/jquery.dataTables.min.js ............................................. ~ 0s
  2026-05-20 11:59:57 /assets/js/datatable/dataTables.buttons.min.js ............................................ ~ 0s
  2026-05-20 11:59:57 /assets/js/datatable/datatable.js ......................................................... ~ 0s
  2026-05-20 11:59:58 ........................................................................................... ~ 0s
  2026-05-20 11:59:58 /plugins/fontawesome-free/css/all.min.css ................................................. ~ 0s
  2026-05-20 11:59:58 /plugins/tempusdominus-bootstrap-4/css/tempusdominus-bootstrap-4.min.css .................. ~ 0s
  2026-05-20 11:59:58 /plugins/icheck-bootstrap/icheck-bootstrap.min.css ........................................ ~ 0s
  2026-05-20 11:59:58 /plugins/jqvmap/jqvmap.min.css ............................................................ ~ 0s
  2026-05-20 11:59:58 /plugins/overlayScrollbars/css/OverlayScrollbars.min.css .................................. ~ 0s
  2026-05-20 11:59:58 /plugins/daterangepicker/daterangepicker.css .............................................. ~ 0s
  2026-05-20 11:59:58 /plugins/summernote/summernote-bs4.min.css ................................................ ~ 0s
  2026-05-20 11:59:58 /plugins/select2/css/select2.min.css ...................................................... ~ 0s
  2026-05-20 11:59:58 /plugins/select2-bootstrap4-theme/select2-bootstrap4.min.css .............................. ~ 0s
  2026-05-20 11:59:58 /plugins/dropzone/min/dropzone.min.css .................................................... ~ 0s
  2026-05-20 11:59:58 /assets/css/datatable/datatable.css ....................................................... ~ 0s
  2026-05-20 11:59:58 /assets/css/datatable/buttons.dataTables.min.css .......................................... ~ 0s
  2026-05-20 11:59:58 /css/custom-style.css ..................................................................... ~ 0s
  2026-05-20 11:59:58 /dist/css/adminlte.min.css ................................................................ ~ 0s
  2026-05-20 11:59:58 /assets/images/logo/1779245989_6a0d23a55cb0e_ChatGPT%20Image%20May%2020,%202026,%2009_59_29%20AM.png  ~ 0s
  2026-05-20 11:59:58 /plugins/jquery/jquery.min.js ............................................................. ~ 0s
  2026-05-20 11:59:58 /plugins/jquery-ui/jquery-ui.min.js ....................................................... ~ 0s
  2026-05-20 11:59:58 /plugins/bootstrap/js/bootstrap.bundle.min.js ............................................. ~ 0s
  2026-05-20 11:59:58 /plugins/chart.js/Chart.min.js ............................................................ ~ 0s
  2026-05-20 11:59:58 /plugins/sparklines/sparkline.js .......................................................... ~ 0s
  2026-05-20 11:59:58 /plugins/jqvmap/jquery.vmap.min.js ........................................................ ~ 0s
  2026-05-20 11:59:58 /plugins/jqvmap/maps/jquery.vmap.usa.js ................................................... ~ 0s
  2026-05-20 11:59:58 /plugins/jquery-knob/jquery.knob.min.js ................................................... ~ 0s
  2026-05-20 11:59:58 /plugins/moment/moment.min.js ............................................................. ~ 0s
  2026-05-20 11:59:58 /plugins/daterangepicker/daterangepicker.js ............................................... ~ 0s
  2026-05-20 11:59:58 /plugins/tempusdominus-bootstrap-4/js/tempusdominus-bootstrap-4.min.js .................... ~ 0s
  2026-05-20 11:59:58 /plugins/summernote/summernote-bs4.min.js ................................................. ~ 0s
  2026-05-20 11:59:58 /plugins/overlayScrollbars/js/jquery.overlayScrollbars.min.js ............................. ~ 0s
  2026-05-20 11:59:58 /dist/js/adminlte.js ...................................................................... ~ 0s
  2026-05-20 11:59:58 /plugins/select2/js/select2.full.min.js ................................................... ~ 0s
  2026-05-20 11:59:58 /js/custom-script.js ...................................................................... ~ 0s
  2026-05-20 11:59:58 /plugins/dropzone/min/dropzone.min.js ..................................................... ~ 0s
  2026-05-20 11:59:58 /assets/js/datatable/jquery.dataTables.min.js ............................................. ~ 0s
  2026-05-20 11:59:58 /plugins/fontawesome-free/webfonts/fa-solid-900.woff2 ..................................... ~ 0s
  2026-05-20 11:59:58 /plugins/fontawesome-free/webfonts/fa-regular-400.woff2 ................................... ~ 0s
  2026-05-20 11:59:58 /assets/js/datatable/dataTables.buttons.min.js ............................................ ~ 0s
  2026-05-20 11:59:58 /assets/js/datatable/datatable.js ......................................................... ~ 0s
  2026-05-20 11:59:58 ........................................................................................... ~ 1s
  2026-05-20 11:59:58 /plugins/fontawesome-free/css/all.min.css ................................................. ~ 1s
  2026-05-20 11:59:59 /plugins/tempusdominus-bootstrap-4/css/tempusdominus-bootstrap-4.min.css .................. ~ 0s
  2026-05-20 11:59:59 /plugins/icheck-bootstrap/icheck-bootstrap.min.css ........................................ ~ 0s
  2026-05-20 11:59:59 /plugins/jqvmap/jqvmap.min.css ............................................................ ~ 0s
  2026-05-20 11:59:59 /plugins/overlayScrollbars/css/OverlayScrollbars.min.css .................................. ~ 0s
  2026-05-20 11:59:59 /plugins/daterangepicker/daterangepicker.css .............................................. ~ 0s
  2026-05-20 11:59:59 /plugins/summernote/summernote-bs4.min.css ................................................ ~ 0s
  2026-05-20 11:59:59 /plugins/select2/css/select2.min.css ...................................................... ~ 0s
  2026-05-20 11:59:59 /plugins/select2-bootstrap4-theme/select2-bootstrap4.min.css .............................. ~ 0s
  2026-05-20 11:59:59 /plugins/dropzone/min/dropzone.min.css .................................................... ~ 0s
  2026-05-20 11:59:59 /assets/css/datatable/datatable.css ....................................................... ~ 0s
  2026-05-20 11:59:59 /dist/css/adminlte.min.css ................................................................ ~ 0s
  2026-05-20 11:59:59 /assets/css/datatable/buttons.dataTables.min.css .......................................... ~ 0s
  2026-05-20 11:59:59 /css/custom-style.css ..................................................................... ~ 0s
  2026-05-20 11:59:59 /assets/images/logo/1779245989_6a0d23a55cb0e_ChatGPT%20Image%20May%2020,%202026,%2009_59_29%20AM.png  ~ 0s
  2026-05-20 11:59:59 /plugins/jquery/jquery.min.js ............................................................. ~ 0s
  2026-05-20 11:59:59 /plugins/jquery-ui/jquery-ui.min.js ....................................................... ~ 0s
  2026-05-20 11:59:59 /plugins/bootstrap/js/bootstrap.bundle.min.js ............................................. ~ 0s
  2026-05-20 11:59:59 /plugins/chart.js/Chart.min.js ............................................................ ~ 0s
  2026-05-20 11:59:59 /plugins/sparklines/sparkline.js .......................................................... ~ 0s
  2026-05-20 11:59:59 /plugins/jqvmap/jquery.vmap.min.js ........................................................ ~ 0s
  2026-05-20 11:59:59 /plugins/jqvmap/maps/jquery.vmap.usa.js ................................................... ~ 0s
  2026-05-20 11:59:59 /plugins/jquery-knob/jquery.knob.min.js ................................................... ~ 0s
  2026-05-20 11:59:59 /plugins/moment/moment.min.js ............................................................. ~ 0s
  2026-05-20 11:59:59 /plugins/daterangepicker/daterangepicker.js ............................................... ~ 0s
  2026-05-20 11:59:59 /plugins/tempusdominus-bootstrap-4/js/tempusdominus-bootstrap-4.min.js .................... ~ 0s
  2026-05-20 11:59:59 /plugins/summernote/summernote-bs4.min.js ................................................. ~ 0s
  2026-05-20 11:59:59 /plugins/overlayScrollbars/js/jquery.overlayScrollbars.min.js ............................. ~ 0s
  2026-05-20 11:59:59 /dist/js/adminlte.js ...................................................................... ~ 0s
  2026-05-20 11:59:59 /plugins/select2/js/select2.full.min.js ................................................... ~ 0s
  2026-05-20 11:59:59 /js/custom-script.js ...................................................................... ~ 0s
  2026-05-20 11:59:59 /plugins/dropzone/min/dropzone.min.js ..................................................... ~ 0s
  2026-05-20 11:59:59 /assets/js/datatable/jquery.dataTables.min.js ............................................. ~ 0s
  2026-05-20 11:59:59 /plugins/fontawesome-free/webfonts/fa-solid-900.woff2 ..................................... ~ 0s
  2026-05-20 11:59:59 /assets/js/datatable/datatable.js ......................................................... ~ 0s
  2026-05-20 11:59:59 /assets/js/datatable/dataTables.buttons.min.js ............................................ ~ 0s
  2026-05-20 11:59:59 ........................................................................................... ~ 0s
  2026-05-20 11:59:59 ........................................................................................... ~ 0s
  2026-05-20 11:59:59 /dist/img/default-150x150.png ............................................................. ~ 0s
  2026-05-20 11:59:59 /plugins/fontawesome-free/webfonts/fa-regular-400.woff2 ................................... ~ 0s
  2026-05-20 12:00:00 ........................................................................................... ~ 0s
  2026-05-20 12:00:00 /plugins/fontawesome-free/css/all.min.css ................................................. ~ 0s
  2026-05-20 12:00:00 /plugins/tempusdominus-bootstrap-4/css/tempusdominus-bootstrap-4.min.css .................. ~ 0s
  2026-05-20 12:00:00 /plugins/icheck-bootstrap/icheck-bootstrap.min.css ........................................ ~ 0s
  2026-05-20 12:00:00 /plugins/jqvmap/jqvmap.min.css ............................................................ ~ 0s
  2026-05-20 12:00:00 /plugins/overlayScrollbars/css/OverlayScrollbars.min.css .................................. ~ 0s
  2026-05-20 12:00:00 /plugins/daterangepicker/daterangepicker.css .............................................. ~ 0s
  2026-05-20 12:00:00 /plugins/summernote/summernote-bs4.min.css ................................................ ~ 0s
  2026-05-20 12:00:00 /plugins/select2/css/select2.min.css ...................................................... ~ 0s
  2026-05-20 12:00:00 /plugins/select2-bootstrap4-theme/select2-bootstrap4.min.css .............................. ~ 0s
  2026-05-20 12:00:00 /plugins/dropzone/min/dropzone.min.css .................................................... ~ 0s
  2026-05-20 12:00:00 /assets/css/datatable/datatable.css ....................................................... ~ 0s
  2026-05-20 12:00:00 /assets/css/datatable/buttons.dataTables.min.css .......................................... ~ 0s
  2026-05-20 12:00:00 /css/custom-style.css ..................................................................... ~ 0s
  2026-05-20 12:00:00 /dist/css/adminlte.min.css ................................................................ ~ 0s
  2026-05-20 12:00:00 /assets/images/logo/1779245989_6a0d23a55cb0e_ChatGPT%20Image%20May%2020,%202026,%2009_59_29%20AM.png  ~ 0s
  2026-05-20 12:00:00 /plugins/jquery/jquery.min.js ............................................................. ~ 0s
  2026-05-20 12:00:00 /plugins/jquery-ui/jquery-ui.min.js ....................................................... ~ 0s
  2026-05-20 12:00:00 /plugins/bootstrap/js/bootstrap.bundle.min.js ............................................. ~ 0s
  2026-05-20 12:00:00 /plugins/chart.js/Chart.min.js ............................................................ ~ 0s
  2026-05-20 12:00:00 /plugins/sparklines/sparkline.js .......................................................... ~ 0s
  2026-05-20 12:00:00 /plugins/jqvmap/jquery.vmap.min.js ........................................................ ~ 0s
  2026-05-20 12:00:00 /plugins/jqvmap/maps/jquery.vmap.usa.js ................................................... ~ 0s
  2026-05-20 12:00:00 /plugins/jquery-knob/jquery.knob.min.js ................................................... ~ 0s
  2026-05-20 12:00:00 /plugins/moment/moment.min.js ............................................................. ~ 0s
  2026-05-20 12:00:00 /plugins/daterangepicker/daterangepicker.js ............................................... ~ 0s
  2026-05-20 12:00:00 /plugins/tempusdominus-bootstrap-4/js/tempusdominus-bootstrap-4.min.js .................... ~ 0s
  2026-05-20 12:00:00 /plugins/summernote/summernote-bs4.min.js ................................................. ~ 0s
  2026-05-20 12:00:00 /plugins/overlayScrollbars/js/jquery.overlayScrollbars.min.js ............................. ~ 0s
  2026-05-20 12:00:00 /dist/js/adminlte.js ...................................................................... ~ 0s
  2026-05-20 12:00:00 /plugins/select2/js/select2.full.min.js ................................................... ~ 0s
  2026-05-20 12:00:00 /js/custom-script.js ...................................................................... ~ 0s
  2026-05-20 12:00:00 /plugins/fontawesome-free/webfonts/fa-solid-900.woff2 ..................................... ~ 0s
  2026-05-20 12:00:00 /plugins/dropzone/min/dropzone.min.js ..................................................... ~ 0s
  2026-05-20 12:00:00 /plugins/fontawesome-free/webfonts/fa-regular-400.woff2 ................................... ~ 0s
  2026-05-20 12:00:00 /assets/js/datatable/jquery.dataTables.min.js ............................................. ~ 0s
  2026-05-20 12:00:00 /assets/js/datatable/dataTables.buttons.min.js ............................................ ~ 0s
  2026-05-20 12:00:00 /assets/js/datatable/datatable.js ......................................................... ~ 0s
  2026-05-20 12:00:01 ........................................................................................... ~ 1s
  2026-05-20 12:00:02 /plugins/fontawesome-free/css/all.min.css ................................................. ~ 0s
  2026-05-20 12:00:02 /plugins/tempusdominus-bootstrap-4/css/tempusdominus-bootstrap-4.min.css .................. ~ 0s
  2026-05-20 12:00:02 /plugins/icheck-bootstrap/icheck-bootstrap.min.css ........................................ ~ 0s
  2026-05-20 12:00:02 /plugins/jqvmap/jqvmap.min.css ............................................................ ~ 0s
  2026-05-20 12:00:02 /plugins/overlayScrollbars/css/OverlayScrollbars.min.css .................................. ~ 0s
  2026-05-20 12:00:02 /plugins/daterangepicker/daterangepicker.css .............................................. ~ 0s
  2026-05-20 12:00:02 /plugins/summernote/summernote-bs4.min.css ................................................ ~ 0s
  2026-05-20 12:00:02 /plugins/select2/css/select2.min.css ...................................................... ~ 0s
  2026-05-20 12:00:02 /plugins/select2-bootstrap4-theme/select2-bootstrap4.min.css .............................. ~ 0s
  2026-05-20 12:00:02 /plugins/dropzone/min/dropzone.min.css .................................................... ~ 0s
  2026-05-20 12:00:02 /assets/css/datatable/datatable.css ....................................................... ~ 0s
  2026-05-20 12:00:02 /assets/css/datatable/buttons.dataTables.min.css .......................................... ~ 0s
  2026-05-20 12:00:02 /dist/css/adminlte.min.css ................................................................ ~ 0s
  2026-05-20 12:00:02 /css/custom-style.css ..................................................................... ~ 0s
  2026-05-20 12:00:02 /assets/images/logo/1779245989_6a0d23a55cb0e_ChatGPT%20Image%20May%2020,%202026,%2009_59_29%20AM.png  ~ 0s
  2026-05-20 12:00:02 /plugins/jquery/jquery.min.js ............................................................. ~ 0s
  2026-05-20 12:00:02 /plugins/jquery-ui/jquery-ui.min.js ....................................................... ~ 0s
  2026-05-20 12:00:02 /plugins/bootstrap/js/bootstrap.bundle.min.js ............................................. ~ 0s
  2026-05-20 12:00:02 /plugins/chart.js/Chart.min.js ............................................................ ~ 0s
  2026-05-20 12:00:02 /plugins/sparklines/sparkline.js .......................................................... ~ 0s
  2026-05-20 12:00:02 /plugins/jqvmap/jquery.vmap.min.js ........................................................ ~ 0s
  2026-05-20 12:00:02 /plugins/jqvmap/maps/jquery.vmap.usa.js ................................................... ~ 0s
  2026-05-20 12:00:02 /plugins/jquery-knob/jquery.knob.min.js ................................................... ~ 0s
  2026-05-20 12:00:02 /plugins/moment/moment.min.js ............................................................. ~ 0s
  2026-05-20 12:00:02 /plugins/daterangepicker/daterangepicker.js ............................................... ~ 0s
  2026-05-20 12:00:02 /plugins/tempusdominus-bootstrap-4/js/tempusdominus-bootstrap-4.min.js .................... ~ 0s
  2026-05-20 12:00:02 /plugins/summernote/summernote-bs4.min.js ................................................. ~ 0s
  2026-05-20 12:00:02 /plugins/overlayScrollbars/js/jquery.overlayScrollbars.min.js ............................. ~ 0s
  2026-05-20 12:00:02 /dist/js/adminlte.js ...................................................................... ~ 0s
  2026-05-20 12:00:02 /plugins/select2/js/select2.full.min.js ................................................... ~ 0s
  2026-05-20 12:00:02 /plugins/fontawesome-free/webfonts/fa-solid-900.woff2 ..................................... ~ 0s
  2026-05-20 12:00:02 /js/custom-script.js ...................................................................... ~ 0s
  2026-05-20 12:00:02 /plugins/dropzone/min/dropzone.min.js ..................................................... ~ 0s
  2026-05-20 12:00:02 /assets/js/datatable/jquery.dataTables.min.js ............................................. ~ 0s
  2026-05-20 12:00:02 /assets/js/datatable/dataTables.buttons.min.js ............................................ ~ 0s
  2026-05-20 12:00:02 /assets/js/datatable/datatable.js ......................................................... ~ 0s
  2026-05-20 12:00:02 ........................................................................................... ~ 0s
  2026-05-20 12:00:02 ........................................................................................... ~ 0s
  2026-05-20 12:00:02 ........................................................................................... ~ 0s
  2026-05-20 12:00:02 ........................................................................................... ~ 0s
  2026-05-20 12:00:02 ........................................................................................... ~ 0s
  2026-05-20 12:00:02 ........................................................................................... ~ 1s
  2026-05-20 12:00:02 /assets/images/demo/products/mala-pork-belly.svg .......................................... ~ 1s
  2026-05-20 12:00:03 ........................................................................................... ~ 0s
  2026-05-20 12:00:02 /assets/images/demo/products/mala-beef.svg ................................................ ~ 1s
  2026-05-20 12:00:02 /assets/images/demo/products/mala-cheese-sausage.svg ...................................... ~ 1s
  2026-05-20 12:00:03 /assets/images/demo/products/drink-lemon-tea.svg .......................................... ~ 0s
  2026-05-20 12:00:03 /assets/images/demo/products/drink-water.svg .............................................. ~ 0s
  2026-05-20 12:00:03 /assets/images/demo/products/drink-thai-milk-tea.svg ...................................... ~ 0s
  2026-05-20 12:00:03 /assets/images/demo/products/mala-enoki.svg ............................................... ~ 0s
  2026-05-20 12:00:03 /assets/images/demo/products/drink-longan.svg ............................................. ~ 0s
  2026-05-20 12:00:03 /assets/images/demo/products/mala-fish-tofu.svg ........................................... ~ 0s
  2026-05-20 12:00:03 /assets/images/demo/products/set-mala-s.svg ............................................... ~ 0s
  2026-05-20 12:00:03 /assets/images/demo/products/set-mala-l.svg ............................................... ~ 0s
  2026-05-20 12:00:03 /assets/images/demo/products/set-mala-m.svg ............................................... ~ 0s
  2026-05-20 12:00:03 ........................................................................................... ~ 0s
  2026-05-20 12:00:24 ........................................................................................... ~ 0s
  2026-05-20 12:00:24 /plugins/fontawesome-free/css/all.min.css ................................................. ~ 0s
  2026-05-20 12:00:24 /plugins/tempusdominus-bootstrap-4/css/tempusdominus-bootstrap-4.min.css .................. ~ 0s
  2026-05-20 12:00:24 /plugins/icheck-bootstrap/icheck-bootstrap.min.css ........................................ ~ 0s
  2026-05-20 12:00:24 /plugins/jqvmap/jqvmap.min.css ............................................................ ~ 0s
  2026-05-20 12:00:24 /plugins/overlayScrollbars/css/OverlayScrollbars.min.css .................................. ~ 0s
  2026-05-20 12:00:24 /plugins/daterangepicker/daterangepicker.css .............................................. ~ 0s
  2026-05-20 12:00:24 /plugins/summernote/summernote-bs4.min.css ................................................ ~ 0s
  2026-05-20 12:00:24 /plugins/select2/css/select2.min.css ...................................................... ~ 0s
  2026-05-20 12:00:24 /plugins/select2-bootstrap4-theme/select2-bootstrap4.min.css .............................. ~ 0s
  2026-05-20 12:00:24 /plugins/dropzone/min/dropzone.min.css .................................................... ~ 0s
  2026-05-20 12:00:24 /assets/css/datatable/datatable.css ....................................................... ~ 0s
  2026-05-20 12:00:24 /assets/css/datatable/buttons.dataTables.min.css .......................................... ~ 0s
  2026-05-20 12:00:24 /css/custom-style.css ..................................................................... ~ 0s
  2026-05-20 12:00:24 /assets/images/logo/1779245989_6a0d23a55cb0e_ChatGPT%20Image%20May%2020,%202026,%2009_59_29%20AM.png  ~ 0s
  2026-05-20 12:00:24 /plugins/jquery/jquery.min.js ............................................................. ~ 0s
  2026-05-20 12:00:24 /dist/css/adminlte.min.css ................................................................ ~ 0s
  2026-05-20 12:00:24 /plugins/jquery-ui/jquery-ui.min.js ....................................................... ~ 0s
  2026-05-20 12:00:24 /plugins/bootstrap/js/bootstrap.bundle.min.js ............................................. ~ 0s
  2026-05-20 12:00:24 /plugins/chart.js/Chart.min.js ............................................................ ~ 0s
  2026-05-20 12:00:24 /plugins/sparklines/sparkline.js .......................................................... ~ 0s
  2026-05-20 12:00:24 /plugins/jqvmap/jquery.vmap.min.js ........................................................ ~ 0s
  2026-05-20 12:00:24 /plugins/jqvmap/maps/jquery.vmap.usa.js ................................................... ~ 0s
  2026-05-20 12:00:24 /plugins/jquery-knob/jquery.knob.min.js ................................................... ~ 0s
  2026-05-20 12:00:24 /plugins/moment/moment.min.js ............................................................. ~ 0s
  2026-05-20 12:00:24 /plugins/daterangepicker/daterangepicker.js ............................................... ~ 0s
  2026-05-20 12:00:24 /plugins/tempusdominus-bootstrap-4/js/tempusdominus-bootstrap-4.min.js .................... ~ 0s
  2026-05-20 12:00:24 /plugins/summernote/summernote-bs4.min.js ................................................. ~ 0s
  2026-05-20 12:00:24 /plugins/overlayScrollbars/js/jquery.overlayScrollbars.min.js ............................. ~ 0s
  2026-05-20 12:00:24 /dist/js/adminlte.js ...................................................................... ~ 0s
  2026-05-20 12:00:24 /plugins/select2/js/select2.full.min.js ................................................... ~ 0s
  2026-05-20 12:00:24 /js/custom-script.js ...................................................................... ~ 0s
  2026-05-20 12:00:24 /plugins/fontawesome-free/webfonts/fa-solid-900.woff2 ..................................... ~ 0s
  2026-05-20 12:00:24 /plugins/fontawesome-free/webfonts/fa-regular-400.woff2 ................................... ~ 0s
  2026-05-20 12:00:24 /plugins/dropzone/min/dropzone.min.js ..................................................... ~ 0s
  2026-05-20 12:00:24 /assets/js/datatable/jquery.dataTables.min.js ............................................. ~ 0s
  2026-05-20 12:00:24 /assets/js/datatable/dataTables.buttons.min.js ............................................ ~ 0s
  2026-05-20 12:00:24 /assets/js/datatable/datatable.js ......................................................... ~ 0s
  2026-05-20 12:00:24 ........................................................................................... ~ 1s
  2026-05-20 12:00:25 ........................................................................................... ~ 0s
  2026-05-20 12:00:25 ........................................................................................... ~ 0s
  2026-05-20 12:00:25 /plugins/fontawesome-free/css/all.min.css ................................................. ~ 0s
  2026-05-20 12:00:25 /plugins/tempusdominus-bootstrap-4/css/tempusdominus-bootstrap-4.min.css .................. ~ 0s
  2026-05-20 12:00:25 /plugins/icheck-bootstrap/icheck-bootstrap.min.css ........................................ ~ 0s
  2026-05-20 12:00:25 /plugins/jqvmap/jqvmap.min.css ............................................................ ~ 0s
  2026-05-20 12:00:25 /plugins/overlayScrollbars/css/OverlayScrollbars.min.css .................................. ~ 0s
  2026-05-20 12:00:25 /plugins/daterangepicker/daterangepicker.css .............................................. ~ 0s
  2026-05-20 12:00:25 /plugins/summernote/summernote-bs4.min.css ................................................ ~ 0s
  2026-05-20 12:00:25 /plugins/select2/css/select2.min.css ...................................................... ~ 0s
  2026-05-20 12:00:25 /plugins/select2-bootstrap4-theme/select2-bootstrap4.min.css .............................. ~ 0s
  2026-05-20 12:00:25 /plugins/dropzone/min/dropzone.min.css .................................................... ~ 0s
  2026-05-20 12:00:25 /dist/css/adminlte.min.css ................................................................ ~ 0s
  2026-05-20 12:00:25 /assets/css/datatable/datatable.css ....................................................... ~ 0s
  2026-05-20 12:00:25 /assets/css/datatable/buttons.dataTables.min.css .......................................... ~ 0s
  2026-05-20 12:00:25 /css/custom-style.css ..................................................................... ~ 0s
  2026-05-20 12:00:25 /assets/images/logo/1779245989_6a0d23a55cb0e_ChatGPT%20Image%20May%2020,%202026,%2009_59_29%20AM.png  ~ 0s
  2026-05-20 12:00:25 /plugins/jquery/jquery.min.js ............................................................. ~ 0s
  2026-05-20 12:00:25 /plugins/jquery-ui/jquery-ui.min.js ....................................................... ~ 0s
  2026-05-20 12:00:25 /plugins/bootstrap/js/bootstrap.bundle.min.js ............................................. ~ 0s
  2026-05-20 12:00:25 /plugins/chart.js/Chart.min.js ............................................................ ~ 0s
  2026-05-20 12:00:25 /plugins/sparklines/sparkline.js .......................................................... ~ 0s
  2026-05-20 12:00:25 /plugins/jqvmap/jquery.vmap.min.js ........................................................ ~ 0s
  2026-05-20 12:00:25 /plugins/jqvmap/maps/jquery.vmap.usa.js ................................................... ~ 0s
  2026-05-20 12:00:25 /plugins/jquery-knob/jquery.knob.min.js ................................................... ~ 0s
  2026-05-20 12:00:25 /plugins/moment/moment.min.js ............................................................. ~ 0s
  2026-05-20 12:00:25 /plugins/daterangepicker/daterangepicker.js ............................................... ~ 0s
  2026-05-20 12:00:25 /plugins/tempusdominus-bootstrap-4/js/tempusdominus-bootstrap-4.min.js .................... ~ 0s
  2026-05-20 12:00:25 /plugins/summernote/summernote-bs4.min.js ................................................. ~ 0s
  2026-05-20 12:00:25 /plugins/overlayScrollbars/js/jquery.overlayScrollbars.min.js ............................. ~ 0s
  2026-05-20 12:00:25 /dist/js/adminlte.js ...................................................................... ~ 0s
  2026-05-20 12:00:25 /plugins/select2/js/select2.full.min.js ................................................... ~ 0s
  2026-05-20 12:00:25 /plugins/fontawesome-free/webfonts/fa-solid-900.woff2 ..................................... ~ 0s
  2026-05-20 12:00:25 /plugins/fontawesome-free/webfonts/fa-regular-400.woff2 ................................... ~ 0s
  2026-05-20 12:00:25 /js/custom-script.js ...................................................................... ~ 0s
  2026-05-20 12:00:25 /plugins/dropzone/min/dropzone.min.js ..................................................... ~ 0s
  2026-05-20 12:00:25 /assets/js/datatable/jquery.dataTables.min.js ............................................. ~ 0s
  2026-05-20 12:00:25 /assets/js/datatable/dataTables.buttons.min.js ............................................ ~ 0s
  2026-05-20 12:00:25 /assets/js/datatable/datatable.js ......................................................... ~ 0s
  2026-05-20 12:00:36 ........................................................................................... ~ 0s
  2026-05-20 12:00:36 /plugins/fontawesome-free/css/all.min.css ................................................. ~ 0s
  2026-05-20 12:00:36 /plugins/tempusdominus-bootstrap-4/css/tempusdominus-bootstrap-4.min.css .................. ~ 0s
  2026-05-20 12:00:36 /plugins/icheck-bootstrap/icheck-bootstrap.min.css ........................................ ~ 0s
  2026-05-20 12:00:36 /plugins/jqvmap/jqvmap.min.css ............................................................ ~ 0s
  2026-05-20 12:00:36 /plugins/overlayScrollbars/css/OverlayScrollbars.min.css .................................. ~ 0s
  2026-05-20 12:00:36 /plugins/daterangepicker/daterangepicker.css .............................................. ~ 0s
  2026-05-20 12:00:36 /plugins/summernote/summernote-bs4.min.css ................................................ ~ 0s
  2026-05-20 12:00:36 /plugins/select2/css/select2.min.css ...................................................... ~ 0s
  2026-05-20 12:00:36 /plugins/select2-bootstrap4-theme/select2-bootstrap4.min.css .............................. ~ 0s
  2026-05-20 12:00:36 /plugins/dropzone/min/dropzone.min.css .................................................... ~ 0s
  2026-05-20 12:00:36 /assets/css/datatable/datatable.css ....................................................... ~ 0s
  2026-05-20 12:00:36 /assets/css/datatable/buttons.dataTables.min.css .......................................... ~ 0s
  2026-05-20 12:00:36 /css/custom-style.css ..................................................................... ~ 0s
  2026-05-20 12:00:36 /dist/css/adminlte.min.css ................................................................ ~ 0s
  2026-05-20 12:00:36 /assets/images/logo/1779245989_6a0d23a55cb0e_ChatGPT%20Image%20May%2020,%202026,%2009_59_29%20AM.png  ~ 0s
  2026-05-20 12:00:36 /plugins/jquery/jquery.min.js ............................................................. ~ 0s
  2026-05-20 12:00:36 /plugins/jquery-ui/jquery-ui.min.js ....................................................... ~ 0s
  2026-05-20 12:00:36 /plugins/bootstrap/js/bootstrap.bundle.min.js ............................................. ~ 0s
  2026-05-20 12:00:36 /plugins/chart.js/Chart.min.js ............................................................ ~ 0s
  2026-05-20 12:00:36 /plugins/sparklines/sparkline.js .......................................................... ~ 0s
  2026-05-20 12:00:36 /plugins/jqvmap/jquery.vmap.min.js ........................................................ ~ 0s
  2026-05-20 12:00:36 /plugins/jqvmap/maps/jquery.vmap.usa.js ................................................... ~ 0s
  2026-05-20 12:00:36 /plugins/jquery-knob/jquery.knob.min.js ................................................... ~ 0s
  2026-05-20 12:00:36 /plugins/moment/moment.min.js ............................................................. ~ 0s
  2026-05-20 12:00:36 /plugins/daterangepicker/daterangepicker.js ............................................... ~ 0s
  2026-05-20 12:00:36 /plugins/tempusdominus-bootstrap-4/js/tempusdominus-bootstrap-4.min.js .................... ~ 0s
  2026-05-20 12:00:36 /plugins/summernote/summernote-bs4.min.js ................................................. ~ 0s
  2026-05-20 12:00:36 /plugins/overlayScrollbars/js/jquery.overlayScrollbars.min.js ............................. ~ 0s
  2026-05-20 12:00:36 /dist/js/adminlte.js ...................................................................... ~ 0s
  2026-05-20 12:00:36 /plugins/fontawesome-free/webfonts/fa-solid-900.woff2 ..................................... ~ 0s
  2026-05-20 12:00:36 /plugins/select2/js/select2.full.min.js ................................................... ~ 0s
  2026-05-20 12:00:36 /js/custom-script.js ...................................................................... ~ 0s
  2026-05-20 12:00:36 /plugins/dropzone/min/dropzone.min.js ..................................................... ~ 0s
  2026-05-20 12:00:36 /assets/js/datatable/jquery.dataTables.min.js ............................................. ~ 0s
  2026-05-20 12:00:36 /assets/js/datatable/dataTables.buttons.min.js ............................................ ~ 0s
  2026-05-20 12:00:36 /assets/js/datatable/datatable.js ......................................................... ~ 0s
  2026-05-20 12:00:36 ........................................................................................... ~ 0s
  2026-05-20 12:00:36 ........................................................................................... ~ 0s
  2026-05-20 12:00:36 ........................................................................................... ~ 0s
  2026-05-20 12:00:36 ........................................................................................... ~ 0s
  2026-05-20 12:00:36 ........................................................................................... ~ 0s
  2026-05-20 12:00:36 ........................................................................................... ~ 1s
  2026-05-20 12:00:36 /assets/images/demo/products/mala-pork-belly.svg .......................................... ~ 1s
  2026-05-20 12:00:37 ........................................................................................... ~ 0s
  2026-05-20 12:00:36 /assets/images/demo/products/mala-beef.svg ................................................ ~ 1s
  2026-05-20 12:00:36 /assets/images/demo/products/mala-cheese-sausage.svg ...................................... ~ 1s
  2026-05-20 12:00:37 /assets/images/demo/products/mala-fish-tofu.svg ........................................... ~ 0s
  2026-05-20 12:00:37 /assets/images/demo/products/set-mala-l.svg ............................................... ~ 0s
  2026-05-20 12:00:37 /assets/images/demo/products/drink-thai-milk-tea.svg ...................................... ~ 0s
  2026-05-20 12:00:37 /assets/images/demo/products/mala-enoki.svg ............................................... ~ 0s
  2026-05-20 12:00:37 /assets/images/demo/products/drink-lemon-tea.svg .......................................... ~ 0s
  2026-05-20 12:00:37 /assets/images/demo/products/drink-water.svg .............................................. ~ 0s
  2026-05-20 12:00:37 /assets/images/demo/products/drink-longan.svg ............................................. ~ 0s
  2026-05-20 12:00:37 /assets/images/demo/products/set-mala-s.svg ............................................... ~ 0s
  2026-05-20 12:00:37 /assets/images/demo/products/set-mala-m.svg ............................................... ~ 0s
  2026-05-20 12:00:37 ........................................................................................... ~ 0s
  2026-05-20 12:00:43 ........................................................................................... ~ 0s
  2026-05-20 12:00:43 ........................................................................................... ~ 0s
  2026-05-20 12:00:43 ........................................................................................... ~ 0s
  2026-05-20 12:00:43 /assets/images/demo/apple-icon.svg ........................................................ ~ 0s
  2026-05-20 12:00:43 ........................................................................................... ~ 1s
  2026-05-20 12:00:48 ........................................................................................... ~ 0s
  2026-05-20 12:00:48 /plugins/fontawesome-free/css/all.min.css ................................................. ~ 0s
  2026-05-20 12:00:48 /plugins/tempusdominus-bootstrap-4/css/tempusdominus-bootstrap-4.min.css .................. ~ 0s
  2026-05-20 12:00:48 /plugins/icheck-bootstrap/icheck-bootstrap.min.css ........................................ ~ 0s
  2026-05-20 12:00:48 /plugins/jqvmap/jqvmap.min.css ............................................................ ~ 0s
  2026-05-20 12:00:48 /plugins/overlayScrollbars/css/OverlayScrollbars.min.css .................................. ~ 0s
  2026-05-20 12:00:48 /plugins/daterangepicker/daterangepicker.css .............................................. ~ 0s
  2026-05-20 12:00:48 /plugins/summernote/summernote-bs4.min.css ................................................ ~ 0s
  2026-05-20 12:00:48 /plugins/select2/css/select2.min.css ...................................................... ~ 0s
  2026-05-20 12:00:48 /plugins/select2-bootstrap4-theme/select2-bootstrap4.min.css .............................. ~ 0s
  2026-05-20 12:00:48 /plugins/dropzone/min/dropzone.min.css .................................................... ~ 0s
  2026-05-20 12:00:48 /assets/css/datatable/datatable.css ....................................................... ~ 0s
  2026-05-20 12:00:48 /dist/css/adminlte.min.css ................................................................ ~ 0s
  2026-05-20 12:00:48 /assets/css/datatable/buttons.dataTables.min.css .......................................... ~ 0s
  2026-05-20 12:00:48 /css/custom-style.css ..................................................................... ~ 0s
  2026-05-20 12:00:48 /assets/images/logo/1779245989_6a0d23a55cb0e_ChatGPT%20Image%20May%2020,%202026,%2009_59_29%20AM.png  ~ 0s
  2026-05-20 12:00:48 /plugins/jquery/jquery.min.js ............................................................. ~ 0s
  2026-05-20 12:00:48 /plugins/jquery-ui/jquery-ui.min.js ....................................................... ~ 0s
  2026-05-20 12:00:48 /plugins/bootstrap/js/bootstrap.bundle.min.js ............................................. ~ 0s
  2026-05-20 12:00:48 /plugins/chart.js/Chart.min.js ............................................................ ~ 0s
  2026-05-20 12:00:48 /plugins/sparklines/sparkline.js .......................................................... ~ 0s
  2026-05-20 12:00:48 /plugins/jqvmap/jquery.vmap.min.js ........................................................ ~ 0s
  2026-05-20 12:00:48 /plugins/jqvmap/maps/jquery.vmap.usa.js ................................................... ~ 0s
  2026-05-20 12:00:48 /plugins/jquery-knob/jquery.knob.min.js ................................................... ~ 0s
  2026-05-20 12:00:48 /plugins/moment/moment.min.js ............................................................. ~ 0s
  2026-05-20 12:00:48 /plugins/daterangepicker/daterangepicker.js ............................................... ~ 0s
  2026-05-20 12:00:48 /plugins/tempusdominus-bootstrap-4/js/tempusdominus-bootstrap-4.min.js .................... ~ 0s
  2026-05-20 12:00:48 /plugins/overlayScrollbars/js/jquery.overlayScrollbars.min.js ............................. ~ 0s
  2026-05-20 12:00:48 /dist/js/adminlte.js ...................................................................... ~ 0s
  2026-05-20 12:00:48 /plugins/summernote/summernote-bs4.min.js ................................................. ~ 0s
  2026-05-20 12:00:48 /plugins/select2/js/select2.full.min.js ................................................... ~ 0s
  2026-05-20 12:00:48 /js/custom-script.js ...................................................................... ~ 0s
  2026-05-20 12:00:48 /plugins/dropzone/min/dropzone.min.js ..................................................... ~ 0s
  2026-05-20 12:00:48 /assets/js/datatable/jquery.dataTables.min.js ............................................. ~ 0s
  2026-05-20 12:00:48 /assets/js/datatable/dataTables.buttons.min.js ............................................ ~ 0s
  2026-05-20 12:00:48 /assets/js/datatable/datatable.js ......................................................... ~ 0s
  2026-05-20 12:00:48 /plugins/fontawesome-free/webfonts/fa-solid-900.woff2 ..................................... ~ 0s
  2026-05-20 12:00:51 ........................................................................................... ~ 1s
  2026-05-20 12:00:51 /plugins/fontawesome-free/css/all.min.css ................................................. ~ 1s
  2026-05-20 12:00:52 /plugins/tempusdominus-bootstrap-4/css/tempusdominus-bootstrap-4.min.css .................. ~ 0s
  2026-05-20 12:00:52 /plugins/icheck-bootstrap/icheck-bootstrap.min.css ........................................ ~ 0s
  2026-05-20 12:00:52 /plugins/jqvmap/jqvmap.min.css ............................................................ ~ 0s
  2026-05-20 12:00:52 /plugins/overlayScrollbars/css/OverlayScrollbars.min.css .................................. ~ 0s
  2026-05-20 12:00:52 /plugins/daterangepicker/daterangepicker.css .............................................. ~ 0s
  2026-05-20 12:00:52 /plugins/summernote/summernote-bs4.min.css ................................................ ~ 0s
  2026-05-20 12:00:52 /plugins/select2/css/select2.min.css ...................................................... ~ 0s
  2026-05-20 12:00:52 /plugins/select2-bootstrap4-theme/select2-bootstrap4.min.css .............................. ~ 0s
  2026-05-20 12:00:52 /plugins/dropzone/min/dropzone.min.css .................................................... ~ 0s
  2026-05-20 12:00:52 /dist/css/adminlte.min.css ................................................................ ~ 0s
  2026-05-20 12:00:52 /assets/css/datatable/datatable.css ....................................................... ~ 0s
  2026-05-20 12:00:52 /assets/css/datatable/buttons.dataTables.min.css .......................................... ~ 0s
  2026-05-20 12:00:52 /css/custom-style.css ..................................................................... ~ 0s
  2026-05-20 12:00:52 /assets/images/logo/1779245989_6a0d23a55cb0e_ChatGPT%20Image%20May%2020,%202026,%2009_59_29%20AM.png  ~ 0s
  2026-05-20 12:00:52 /plugins/jquery/jquery.min.js ............................................................. ~ 0s
  2026-05-20 12:00:52 /plugins/jquery-ui/jquery-ui.min.js ....................................................... ~ 0s
  2026-05-20 12:00:52 /plugins/bootstrap/js/bootstrap.bundle.min.js ............................................. ~ 0s
  2026-05-20 12:00:52 /plugins/chart.js/Chart.min.js ............................................................ ~ 0s
  2026-05-20 12:00:52 /plugins/sparklines/sparkline.js .......................................................... ~ 0s
  2026-05-20 12:00:52 /plugins/jqvmap/jquery.vmap.min.js ........................................................ ~ 0s
  2026-05-20 12:00:52 /plugins/jqvmap/maps/jquery.vmap.usa.js ................................................... ~ 0s
  2026-05-20 12:00:52 /plugins/jquery-knob/jquery.knob.min.js ................................................... ~ 0s
  2026-05-20 12:00:52 /plugins/moment/moment.min.js ............................................................. ~ 0s
  2026-05-20 12:00:52 /plugins/daterangepicker/daterangepicker.js ............................................... ~ 0s
  2026-05-20 12:00:52 /plugins/tempusdominus-bootstrap-4/js/tempusdominus-bootstrap-4.min.js .................... ~ 0s
  2026-05-20 12:00:52 /plugins/summernote/summernote-bs4.min.js ................................................. ~ 0s
  2026-05-20 12:00:52 /plugins/overlayScrollbars/js/jquery.overlayScrollbars.min.js ............................. ~ 0s
  2026-05-20 12:00:52 /dist/js/adminlte.js ...................................................................... ~ 0s
  2026-05-20 12:00:52 /plugins/select2/js/select2.full.min.js ................................................... ~ 0s
  2026-05-20 12:00:52 /plugins/fontawesome-free/webfonts/fa-solid-900.woff2 ..................................... ~ 0s
  2026-05-20 12:00:52 /js/custom-script.js ...................................................................... ~ 0s
  2026-05-20 12:00:52 /plugins/dropzone/min/dropzone.min.js ..................................................... ~ 0s
  2026-05-20 12:00:52 /assets/js/datatable/jquery.dataTables.min.js ............................................. ~ 0s
  2026-05-20 12:00:52 /assets/js/datatable/dataTables.buttons.min.js ............................................ ~ 0s
  2026-05-20 12:00:52 /assets/js/datatable/datatable.js ......................................................... ~ 0s
  2026-05-20 12:00:52 ........................................................................................... ~ 0s
  2026-05-20 12:00:52 ........................................................................................... ~ 0s
  2026-05-20 12:00:55 ........................................................................................... ~ 0s
  2026-05-20 12:00:55 /plugins/fontawesome-free/css/all.min.css ................................................. ~ 0s
  2026-05-20 12:00:55 /plugins/tempusdominus-bootstrap-4/css/tempusdominus-bootstrap-4.min.css .................. ~ 0s
  2026-05-20 12:00:55 /plugins/icheck-bootstrap/icheck-bootstrap.min.css ........................................ ~ 0s
  2026-05-20 12:00:55 /plugins/jqvmap/jqvmap.min.css ............................................................ ~ 0s
  2026-05-20 12:00:55 /plugins/overlayScrollbars/css/OverlayScrollbars.min.css .................................. ~ 0s
  2026-05-20 12:00:55 /plugins/daterangepicker/daterangepicker.css .............................................. ~ 0s
  2026-05-20 12:00:55 /plugins/summernote/summernote-bs4.min.css ................................................ ~ 0s
  2026-05-20 12:00:55 /plugins/select2/css/select2.min.css ...................................................... ~ 0s
  2026-05-20 12:00:55 /plugins/select2-bootstrap4-theme/select2-bootstrap4.min.css .............................. ~ 0s
  2026-05-20 12:00:55 /plugins/dropzone/min/dropzone.min.css .................................................... ~ 0s
  2026-05-20 12:00:55 /dist/css/adminlte.min.css ................................................................ ~ 0s
  2026-05-20 12:00:55 /assets/css/datatable/datatable.css ....................................................... ~ 0s
  2026-05-20 12:00:55 /assets/css/datatable/buttons.dataTables.min.css .......................................... ~ 0s
  2026-05-20 12:00:55 /css/custom-style.css ..................................................................... ~ 0s
  2026-05-20 12:00:55 /assets/images/logo/1779245989_6a0d23a55cb0e_ChatGPT%20Image%20May%2020,%202026,%2009_59_29%20AM.png  ~ 0s
  2026-05-20 12:00:55 /plugins/jquery/jquery.min.js ............................................................. ~ 0s
  2026-05-20 12:00:55 /plugins/jquery-ui/jquery-ui.min.js ....................................................... ~ 0s
  2026-05-20 12:00:55 /plugins/bootstrap/js/bootstrap.bundle.min.js ............................................. ~ 0s
  2026-05-20 12:00:55 /plugins/chart.js/Chart.min.js ............................................................ ~ 0s
  2026-05-20 12:00:55 /plugins/sparklines/sparkline.js .......................................................... ~ 0s
  2026-05-20 12:00:55 /plugins/jqvmap/jquery.vmap.min.js ........................................................ ~ 0s
  2026-05-20 12:00:55 /plugins/jqvmap/maps/jquery.vmap.usa.js ................................................... ~ 0s
  2026-05-20 12:00:55 /plugins/jquery-knob/jquery.knob.min.js ................................................... ~ 0s
  2026-05-20 12:00:55 /plugins/moment/moment.min.js ............................................................. ~ 0s
  2026-05-20 12:00:55 /plugins/daterangepicker/daterangepicker.js ............................................... ~ 0s
  2026-05-20 12:00:55 /plugins/tempusdominus-bootstrap-4/js/tempusdominus-bootstrap-4.min.js .................... ~ 0s
  2026-05-20 12:00:55 /plugins/overlayScrollbars/js/jquery.overlayScrollbars.min.js ............................. ~ 0s
  2026-05-20 12:00:55 /plugins/summernote/summernote-bs4.min.js ................................................. ~ 0s
  2026-05-20 12:00:55 /dist/js/adminlte.js ...................................................................... ~ 0s
  2026-05-20 12:00:55 /plugins/select2/js/select2.full.min.js ................................................... ~ 0s
  2026-05-20 12:00:55 /plugins/fontawesome-free/webfonts/fa-solid-900.woff2 ..................................... ~ 0s
  2026-05-20 12:00:55 /js/custom-script.js ...................................................................... ~ 0s
  2026-05-20 12:00:55 /plugins/dropzone/min/dropzone.min.js ..................................................... ~ 0s
  2026-05-20 12:00:55 /assets/js/datatable/jquery.dataTables.min.js ............................................. ~ 0s
  2026-05-20 12:00:55 /assets/js/datatable/dataTables.buttons.min.js ............................................ ~ 0s
  2026-05-20 12:00:55 /assets/js/datatable/datatable.js ......................................................... ~ 0s
  2026-05-20 12:00:55 ........................................................................................... ~ 0s
  2026-05-20 12:00:55 ........................................................................................... ~ 1s
  2026-05-20 12:01:03 ........................................................................................... ~ 0s
  2026-05-20 12:01:03 /plugins/fontawesome-free/css/all.min.css ................................................. ~ 0s
  2026-05-20 12:01:03 /plugins/tempusdominus-bootstrap-4/css/tempusdominus-bootstrap-4.min.css .................. ~ 0s
  2026-05-20 12:01:03 /plugins/icheck-bootstrap/icheck-bootstrap.min.css ........................................ ~ 0s
  2026-05-20 12:01:03 /plugins/jqvmap/jqvmap.min.css ............................................................ ~ 0s
  2026-05-20 12:01:03 /plugins/overlayScrollbars/css/OverlayScrollbars.min.css .................................. ~ 0s
  2026-05-20 12:01:03 /plugins/daterangepicker/daterangepicker.css .............................................. ~ 0s
  2026-05-20 12:01:03 /plugins/summernote/summernote-bs4.min.css ................................................ ~ 0s
  2026-05-20 12:01:03 /plugins/select2/css/select2.min.css ...................................................... ~ 0s
  2026-05-20 12:01:03 /plugins/select2-bootstrap4-theme/select2-bootstrap4.min.css .............................. ~ 0s
  2026-05-20 12:01:03 /plugins/dropzone/min/dropzone.min.css .................................................... ~ 0s
  2026-05-20 12:01:03 /assets/css/datatable/datatable.css ....................................................... ~ 0s
  2026-05-20 12:01:03 /assets/css/datatable/buttons.dataTables.min.css .......................................... ~ 0s
  2026-05-20 12:01:03 /css/custom-style.css ..................................................................... ~ 0s
  2026-05-20 12:01:03 /dist/css/adminlte.min.css ................................................................ ~ 0s
  2026-05-20 12:01:03 /assets/images/logo/1779245989_6a0d23a55cb0e_ChatGPT%20Image%20May%2020,%202026,%2009_59_29%20AM.png  ~ 0s
  2026-05-20 12:01:03 /plugins/jquery/jquery.min.js ............................................................. ~ 0s
  2026-05-20 12:01:03 /plugins/jquery-ui/jquery-ui.min.js ....................................................... ~ 0s
  2026-05-20 12:01:03 /plugins/bootstrap/js/bootstrap.bundle.min.js ............................................. ~ 0s
  2026-05-20 12:01:03 /plugins/chart.js/Chart.min.js ............................................................ ~ 0s
  2026-05-20 12:01:03 /plugins/sparklines/sparkline.js .......................................................... ~ 0s
  2026-05-20 12:01:03 /plugins/jqvmap/jquery.vmap.min.js ........................................................ ~ 0s
  2026-05-20 12:01:03 /plugins/jqvmap/maps/jquery.vmap.usa.js ................................................... ~ 0s
  2026-05-20 12:01:03 /plugins/jquery-knob/jquery.knob.min.js ................................................... ~ 0s
  2026-05-20 12:01:03 /plugins/moment/moment.min.js ............................................................. ~ 0s
  2026-05-20 12:01:03 /plugins/daterangepicker/daterangepicker.js ............................................... ~ 0s
  2026-05-20 12:01:03 /plugins/tempusdominus-bootstrap-4/js/tempusdominus-bootstrap-4.min.js .................... ~ 0s
  2026-05-20 12:01:03 /plugins/overlayScrollbars/js/jquery.overlayScrollbars.min.js ............................. ~ 0s
  2026-05-20 12:01:03 /plugins/summernote/summernote-bs4.min.js ................................................. ~ 0s
  2026-05-20 12:01:03 /dist/js/adminlte.js ...................................................................... ~ 0s
  2026-05-20 12:01:03 /plugins/select2/js/select2.full.min.js ................................................... ~ 0s
  2026-05-20 12:01:03 /plugins/fontawesome-free/webfonts/fa-solid-900.woff2 ..................................... ~ 0s
  2026-05-20 12:01:03 /js/custom-script.js ...................................................................... ~ 0s
  2026-05-20 12:01:03 /plugins/dropzone/min/dropzone.min.js ..................................................... ~ 0s
  2026-05-20 12:01:03 /assets/js/datatable/jquery.dataTables.min.js ............................................. ~ 0s
  2026-05-20 12:01:03 /assets/js/datatable/dataTables.buttons.min.js ............................................ ~ 0s
  2026-05-20 12:01:03 /assets/js/datatable/datatable.js ......................................................... ~ 0s
  2026-05-20 12:01:03 ........................................................................................... ~ 0s
  2026-05-20 12:01:03 ........................................................................................... ~ 0s
  2026-05-20 12:01:03 /assets/images/demo/products/mala-pork-belly.svg .......................................... ~ 0s
  2026-05-20 12:01:03 /assets/images/demo/products/mala-beef.svg ................................................ ~ 0s
  2026-05-20 12:01:03 /assets/images/demo/products/mala-cheese-sausage.svg ...................................... ~ 0s
  2026-05-20 12:01:03 /assets/images/demo/products/mala-enoki.svg ............................................... ~ 0s
  2026-05-20 12:01:03 /assets/images/demo/products/mala-fish-tofu.svg ........................................... ~ 0s
  2026-05-20 12:01:03 /assets/images/demo/products/set-mala-s.svg ............................................... ~ 0s
  2026-05-20 12:01:03 /assets/images/demo/products/set-mala-m.svg ............................................... ~ 0s
  2026-05-20 12:01:03 /assets/images/demo/products/set-mala-l.svg ............................................... ~ 0s
  2026-05-20 12:01:03 /assets/images/demo/products/drink-thai-milk-tea.svg ...................................... ~ 0s
  2026-05-20 12:01:03 /assets/images/demo/products/drink-lemon-tea.svg .......................................... ~ 0s
  2026-05-20 12:01:14 ........................................................................................... ~ 1s
  2026-05-20 12:01:14 /plugins/fontawesome-free/css/all.min.css ................................................. ~ 1s
  2026-05-20 12:01:15 /plugins/tempusdominus-bootstrap-4/css/tempusdominus-bootstrap-4.min.css .................. ~ 0s
  2026-05-20 12:01:15 /plugins/icheck-bootstrap/icheck-bootstrap.min.css ........................................ ~ 0s
  2026-05-20 12:01:15 /plugins/jqvmap/jqvmap.min.css ............................................................ ~ 0s
  2026-05-20 12:01:15 /plugins/overlayScrollbars/css/OverlayScrollbars.min.css .................................. ~ 0s
  2026-05-20 12:01:15 /plugins/daterangepicker/daterangepicker.css .............................................. ~ 0s
  2026-05-20 12:01:15 /plugins/summernote/summernote-bs4.min.css ................................................ ~ 0s
  2026-05-20 12:01:15 /plugins/select2/css/select2.min.css ...................................................... ~ 0s
  2026-05-20 12:01:15 /plugins/select2-bootstrap4-theme/select2-bootstrap4.min.css .............................. ~ 0s
  2026-05-20 12:01:15 /plugins/dropzone/min/dropzone.min.css .................................................... ~ 0s
  2026-05-20 12:01:15 /assets/css/datatable/datatable.css ....................................................... ~ 0s
  2026-05-20 12:01:15 /dist/css/adminlte.min.css ................................................................ ~ 0s
  2026-05-20 12:01:15 /assets/css/datatable/buttons.dataTables.min.css .......................................... ~ 0s
  2026-05-20 12:01:15 /css/custom-style.css ..................................................................... ~ 0s
  2026-05-20 12:01:15 /assets/images/logo/1779245989_6a0d23a55cb0e_ChatGPT%20Image%20May%2020,%202026,%2009_59_29%20AM.png  ~ 0s
  2026-05-20 12:01:15 /assets/images/demo/products/mala-pork-belly.svg .......................................... ~ 0s
  2026-05-20 12:01:15 /plugins/jquery/jquery.min.js ............................................................. ~ 0s
  2026-05-20 12:01:15 /plugins/jquery-ui/jquery-ui.min.js ....................................................... ~ 0s
  2026-05-20 12:01:15 /plugins/bootstrap/js/bootstrap.bundle.min.js ............................................. ~ 0s
  2026-05-20 12:01:15 /plugins/chart.js/Chart.min.js ............................................................ ~ 0s
  2026-05-20 12:01:15 /plugins/sparklines/sparkline.js .......................................................... ~ 0s
  2026-05-20 12:01:15 /plugins/jqvmap/jquery.vmap.min.js ........................................................ ~ 0s
  2026-05-20 12:01:15 /plugins/jqvmap/maps/jquery.vmap.usa.js ................................................... ~ 0s
  2026-05-20 12:01:15 /plugins/jquery-knob/jquery.knob.min.js ................................................... ~ 0s
  2026-05-20 12:01:15 /plugins/moment/moment.min.js ............................................................. ~ 0s
  2026-05-20 12:01:15 /plugins/daterangepicker/daterangepicker.js ............................................... ~ 0s
  2026-05-20 12:01:15 /plugins/tempusdominus-bootstrap-4/js/tempusdominus-bootstrap-4.min.js .................... ~ 0s
  2026-05-20 12:01:15 /plugins/summernote/summernote-bs4.min.js ................................................. ~ 0s
  2026-05-20 12:01:15 /plugins/overlayScrollbars/js/jquery.overlayScrollbars.min.js ............................. ~ 0s
  2026-05-20 12:01:15 /dist/js/adminlte.js ...................................................................... ~ 0s
  2026-05-20 12:01:15 /plugins/select2/js/select2.full.min.js ................................................... ~ 0s
  2026-05-20 12:01:15 /js/custom-script.js ...................................................................... ~ 0s
  2026-05-20 12:01:15 /plugins/dropzone/min/dropzone.min.js ..................................................... ~ 0s
  2026-05-20 12:01:15 /plugins/fontawesome-free/webfonts/fa-solid-900.woff2 ..................................... ~ 0s
  2026-05-20 12:01:15 /assets/js/datatable/jquery.dataTables.min.js ............................................. ~ 0s
  2026-05-20 12:01:15 /assets/js/datatable/dataTables.buttons.min.js ............................................ ~ 0s
  2026-05-20 12:01:15 /js/image-field.js ........................................................................ ~ 0s
  2026-05-20 12:01:15 /assets/js/datatable/datatable.js ......................................................... ~ 0s
  2026-05-20 12:01:19 ........................................................................................... ~ 0s
  2026-05-20 12:01:19 /plugins/fontawesome-free/css/all.min.css ................................................. ~ 0s
  2026-05-20 12:01:19 /plugins/tempusdominus-bootstrap-4/css/tempusdominus-bootstrap-4.min.css .................. ~ 0s
  2026-05-20 12:01:19 /plugins/icheck-bootstrap/icheck-bootstrap.min.css ........................................ ~ 0s
  2026-05-20 12:01:19 /plugins/jqvmap/jqvmap.min.css ............................................................ ~ 0s
  2026-05-20 12:01:19 /plugins/overlayScrollbars/css/OverlayScrollbars.min.css .................................. ~ 0s
  2026-05-20 12:01:19 /plugins/daterangepicker/daterangepicker.css .............................................. ~ 0s
  2026-05-20 12:01:19 /plugins/summernote/summernote-bs4.min.css ................................................ ~ 0s
  2026-05-20 12:01:19 /plugins/select2/css/select2.min.css ...................................................... ~ 0s
  2026-05-20 12:01:19 /plugins/select2-bootstrap4-theme/select2-bootstrap4.min.css .............................. ~ 0s
  2026-05-20 12:01:19 /plugins/dropzone/min/dropzone.min.css .................................................... ~ 0s
  2026-05-20 12:01:19 /assets/css/datatable/datatable.css ....................................................... ~ 0s
  2026-05-20 12:01:19 /dist/css/adminlte.min.css ................................................................ ~ 0s
  2026-05-20 12:01:19 /assets/css/datatable/buttons.dataTables.min.css .......................................... ~ 0s
  2026-05-20 12:01:19 /css/custom-style.css ..................................................................... ~ 0s
  2026-05-20 12:01:19 /assets/images/logo/1779245989_6a0d23a55cb0e_ChatGPT%20Image%20May%2020,%202026,%2009_59_29%20AM.png  ~ 0s
  2026-05-20 12:01:19 /plugins/jquery/jquery.min.js ............................................................. ~ 0s
  2026-05-20 12:01:19 /plugins/jquery-ui/jquery-ui.min.js ....................................................... ~ 0s
  2026-05-20 12:01:19 /plugins/bootstrap/js/bootstrap.bundle.min.js ............................................. ~ 0s
  2026-05-20 12:01:19 /plugins/chart.js/Chart.min.js ............................................................ ~ 0s
  2026-05-20 12:01:19 /plugins/sparklines/sparkline.js .......................................................... ~ 0s
  2026-05-20 12:01:19 /plugins/jqvmap/jquery.vmap.min.js ........................................................ ~ 0s
  2026-05-20 12:01:19 /plugins/jqvmap/maps/jquery.vmap.usa.js ................................................... ~ 0s
  2026-05-20 12:01:19 /plugins/jquery-knob/jquery.knob.min.js ................................................... ~ 0s
  2026-05-20 12:01:19 /plugins/moment/moment.min.js ............................................................. ~ 0s
  2026-05-20 12:01:19 /plugins/daterangepicker/daterangepicker.js ............................................... ~ 0s
  2026-05-20 12:01:19 /plugins/tempusdominus-bootstrap-4/js/tempusdominus-bootstrap-4.min.js .................... ~ 0s
  2026-05-20 12:01:19 /plugins/summernote/summernote-bs4.min.js ................................................. ~ 0s
  2026-05-20 12:01:19 /plugins/overlayScrollbars/js/jquery.overlayScrollbars.min.js ............................. ~ 0s
  2026-05-20 12:01:19 /dist/js/adminlte.js ...................................................................... ~ 0s
  2026-05-20 12:01:19 /plugins/select2/js/select2.full.min.js ................................................... ~ 0s
  2026-05-20 12:01:19 /plugins/fontawesome-free/webfonts/fa-solid-900.woff2 ..................................... ~ 0s
  2026-05-20 12:01:19 /js/custom-script.js ...................................................................... ~ 0s
  2026-05-20 12:01:19 /plugins/dropzone/min/dropzone.min.js ..................................................... ~ 0s
  2026-05-20 12:01:19 /assets/js/datatable/jquery.dataTables.min.js ............................................. ~ 0s
  2026-05-20 12:01:19 /assets/js/datatable/dataTables.buttons.min.js ............................................ ~ 0s
  2026-05-20 12:01:19 /assets/js/datatable/datatable.js ......................................................... ~ 0s
  2026-05-20 12:01:19 /js/image-field.js ........................................................................ ~ 0s
  2026-05-20 12:01:20 /assets/images/logo/1779253089_6a0d3f616fa5b_ChatGPT%20Image%20May%2020,%202026,%2011_58_01%20AM.png  ~ 0s
  2026-05-20 12:01:23 ........................................................................................... ~ 1s
  2026-05-20 12:01:23 /plugins/fontawesome-free/css/all.min.css ................................................. ~ 1s
  2026-05-20 12:01:24 /plugins/tempusdominus-bootstrap-4/css/tempusdominus-bootstrap-4.min.css .................. ~ 0s
  2026-05-20 12:01:24 /plugins/icheck-bootstrap/icheck-bootstrap.min.css ........................................ ~ 0s
  2026-05-20 12:01:24 /plugins/jqvmap/jqvmap.min.css ............................................................ ~ 0s
  2026-05-20 12:01:24 /plugins/overlayScrollbars/css/OverlayScrollbars.min.css .................................. ~ 0s
  2026-05-20 12:01:24 /plugins/daterangepicker/daterangepicker.css .............................................. ~ 0s
  2026-05-20 12:01:24 /plugins/summernote/summernote-bs4.min.css ................................................ ~ 0s
  2026-05-20 12:01:24 /plugins/select2/css/select2.min.css ...................................................... ~ 0s
  2026-05-20 12:01:24 /plugins/select2-bootstrap4-theme/select2-bootstrap4.min.css .............................. ~ 0s
  2026-05-20 12:01:24 /plugins/dropzone/min/dropzone.min.css .................................................... ~ 0s
  2026-05-20 12:01:24 /dist/css/adminlte.min.css ................................................................ ~ 0s
  2026-05-20 12:01:24 /assets/css/datatable/datatable.css ....................................................... ~ 0s
  2026-05-20 12:01:24 /assets/css/datatable/buttons.dataTables.min.css .......................................... ~ 0s
  2026-05-20 12:01:24 /css/custom-style.css ..................................................................... ~ 0s
  2026-05-20 12:01:24 /assets/images/logo/1779245989_6a0d23a55cb0e_ChatGPT%20Image%20May%2020,%202026,%2009_59_29%20AM.png  ~ 0s
  2026-05-20 12:01:24 /plugins/jquery/jquery.min.js ............................................................. ~ 0s
  2026-05-20 12:01:24 /plugins/jquery-ui/jquery-ui.min.js ....................................................... ~ 0s
  2026-05-20 12:01:24 /plugins/bootstrap/js/bootstrap.bundle.min.js ............................................. ~ 0s
  2026-05-20 12:01:24 /plugins/chart.js/Chart.min.js ............................................................ ~ 0s
  2026-05-20 12:01:24 /plugins/sparklines/sparkline.js .......................................................... ~ 0s
  2026-05-20 12:01:24 /plugins/jqvmap/jquery.vmap.min.js ........................................................ ~ 0s
  2026-05-20 12:01:24 /plugins/jqvmap/maps/jquery.vmap.usa.js ................................................... ~ 0s
  2026-05-20 12:01:24 /plugins/jquery-knob/jquery.knob.min.js ................................................... ~ 0s
  2026-05-20 12:01:24 /plugins/moment/moment.min.js ............................................................. ~ 0s
  2026-05-20 12:01:24 /plugins/daterangepicker/daterangepicker.js ............................................... ~ 0s
  2026-05-20 12:01:24 /plugins/tempusdominus-bootstrap-4/js/tempusdominus-bootstrap-4.min.js .................... ~ 0s
  2026-05-20 12:01:24 /plugins/overlayScrollbars/js/jquery.overlayScrollbars.min.js ............................. ~ 0s
  2026-05-20 12:01:24 /dist/js/adminlte.js ...................................................................... ~ 0s
  2026-05-20 12:01:24 /plugins/summernote/summernote-bs4.min.js ................................................. ~ 0s
  2026-05-20 12:01:24 /plugins/select2/js/select2.full.min.js ................................................... ~ 0s
  2026-05-20 12:01:24 /plugins/fontawesome-free/webfonts/fa-solid-900.woff2 ..................................... ~ 0s
  2026-05-20 12:01:24 /js/custom-script.js ...................................................................... ~ 0s
  2026-05-20 12:01:24 /plugins/dropzone/min/dropzone.min.js ..................................................... ~ 0s
  2026-05-20 12:01:24 /assets/js/datatable/jquery.dataTables.min.js ............................................. ~ 0s
  2026-05-20 12:01:24 /assets/js/datatable/dataTables.buttons.min.js ............................................ ~ 0s
  2026-05-20 12:01:24 /assets/js/datatable/datatable.js ......................................................... ~ 0s
  2026-05-20 12:01:24 ........................................................................................... ~ 0s
  2026-05-20 12:01:24 ........................................................................................... ~ 0s
  2026-05-20 12:01:24 /assets/images/demo/brands/fresh-drinks.svg ............................................... ~ 0s
  2026-05-20 12:01:24 /assets/images/demo/brands/ingredients.svg ................................................ ~ 0s
  2026-05-20 12:01:24 /assets/images/demo/brands/kitchen.svg .................................................... ~ 0s
  2026-05-20 12:01:24 /assets/images/demo/brands/storefront.svg ................................................. ~ 0s
  2026-05-20 12:01:25 ........................................................................................... ~ 0s
  2026-05-20 12:01:25 /plugins/fontawesome-free/css/all.min.css ................................................. ~ 0s
  2026-05-20 12:01:25 /plugins/tempusdominus-bootstrap-4/css/tempusdominus-bootstrap-4.min.css .................. ~ 0s
  2026-05-20 12:01:25 /plugins/icheck-bootstrap/icheck-bootstrap.min.css ........................................ ~ 0s
  2026-05-20 12:01:25 /plugins/jqvmap/jqvmap.min.css ............................................................ ~ 0s
  2026-05-20 12:01:25 /plugins/overlayScrollbars/css/OverlayScrollbars.min.css .................................. ~ 0s
  2026-05-20 12:01:25 /plugins/daterangepicker/daterangepicker.css .............................................. ~ 0s
  2026-05-20 12:01:25 /plugins/summernote/summernote-bs4.min.css ................................................ ~ 0s
  2026-05-20 12:01:25 /plugins/select2/css/select2.min.css ...................................................... ~ 0s
  2026-05-20 12:01:25 /plugins/select2-bootstrap4-theme/select2-bootstrap4.min.css .............................. ~ 0s
  2026-05-20 12:01:25 /plugins/dropzone/min/dropzone.min.css .................................................... ~ 0s
  2026-05-20 12:01:25 /assets/css/datatable/datatable.css ....................................................... ~ 0s
  2026-05-20 12:01:25 /dist/css/adminlte.min.css ................................................................ ~ 0s
  2026-05-20 12:01:25 /assets/css/datatable/buttons.dataTables.min.css .......................................... ~ 0s
  2026-05-20 12:01:25 /css/custom-style.css ..................................................................... ~ 0s
  2026-05-20 12:01:25 /assets/images/logo/1779245989_6a0d23a55cb0e_ChatGPT%20Image%20May%2020,%202026,%2009_59_29%20AM.png  ~ 0s
  2026-05-20 12:01:25 /plugins/jquery/jquery.min.js ............................................................. ~ 0s
  2026-05-20 12:01:25 /plugins/jquery-ui/jquery-ui.min.js ....................................................... ~ 0s
  2026-05-20 12:01:25 /plugins/bootstrap/js/bootstrap.bundle.min.js ............................................. ~ 0s
  2026-05-20 12:01:25 /plugins/chart.js/Chart.min.js ............................................................ ~ 0s
  2026-05-20 12:01:25 /plugins/sparklines/sparkline.js .......................................................... ~ 0s
  2026-05-20 12:01:25 /plugins/jqvmap/jquery.vmap.min.js ........................................................ ~ 0s
  2026-05-20 12:01:25 /plugins/jqvmap/maps/jquery.vmap.usa.js ................................................... ~ 0s
  2026-05-20 12:01:25 /plugins/jquery-knob/jquery.knob.min.js ................................................... ~ 0s
  2026-05-20 12:01:25 /plugins/moment/moment.min.js ............................................................. ~ 0s
  2026-05-20 12:01:25 /plugins/daterangepicker/daterangepicker.js ............................................... ~ 0s
  2026-05-20 12:01:25 /plugins/tempusdominus-bootstrap-4/js/tempusdominus-bootstrap-4.min.js .................... ~ 0s
  2026-05-20 12:01:25 /plugins/summernote/summernote-bs4.min.js ................................................. ~ 0s
  2026-05-20 12:01:25 /plugins/overlayScrollbars/js/jquery.overlayScrollbars.min.js ............................. ~ 0s
  2026-05-20 12:01:25 /dist/js/adminlte.js ...................................................................... ~ 0s
  2026-05-20 12:01:25 /plugins/select2/js/select2.full.min.js ................................................... ~ 0s
  2026-05-20 12:01:25 /js/custom-script.js ...................................................................... ~ 0s
  2026-05-20 12:01:25 /plugins/fontawesome-free/webfonts/fa-solid-900.woff2 ..................................... ~ 0s
  2026-05-20 12:01:25 /plugins/dropzone/min/dropzone.min.js ..................................................... ~ 0s
  2026-05-20 12:01:25 /assets/js/datatable/jquery.dataTables.min.js ............................................. ~ 0s
  2026-05-20 12:01:25 /assets/js/datatable/dataTables.buttons.min.js ............................................ ~ 0s
  2026-05-20 12:01:25 /assets/js/datatable/datatable.js ......................................................... ~ 0s
  2026-05-20 12:01:25 ........................................................................................... ~ 0s
  2026-05-20 12:01:25 ........................................................................................... ~ 0s
  2026-05-20 12:01:25 /assets/images/demo/categories/blended-drinks.svg ......................................... ~ 0s
  2026-05-20 12:01:25 /assets/images/demo/categories/cold-drinks.svg ............................................ ~ 0s
  2026-05-20 12:01:25 /assets/images/demo/categories/mala-sets.svg .............................................. ~ 0s
  2026-05-20 12:01:25 /assets/images/demo/categories/mala-skewers.svg ........................................... ~ 0s
  2026-05-20 12:01:25 /assets/images/demo/categories/sauces.svg ................................................. ~ 0s
  2026-05-20 12:01:25 /assets/images/demo/categories/snacks.svg ................................................. ~ 0s
  2026-05-20 12:01:25 /assets/images/demo/categories/toppings.svg ............................................... ~ 0s
  2026-05-20 12:01:26 ........................................................................................... ~ 0s
  2026-05-20 12:01:26 /plugins/fontawesome-free/css/all.min.css ................................................. ~ 0s
  2026-05-20 12:01:26 /plugins/tempusdominus-bootstrap-4/css/tempusdominus-bootstrap-4.min.css .................. ~ 0s
  2026-05-20 12:01:26 /plugins/icheck-bootstrap/icheck-bootstrap.min.css ........................................ ~ 0s
  2026-05-20 12:01:26 /plugins/jqvmap/jqvmap.min.css ............................................................ ~ 0s
  2026-05-20 12:01:26 /plugins/overlayScrollbars/css/OverlayScrollbars.min.css .................................. ~ 0s
  2026-05-20 12:01:26 /plugins/daterangepicker/daterangepicker.css .............................................. ~ 0s
  2026-05-20 12:01:26 /plugins/summernote/summernote-bs4.min.css ................................................ ~ 0s
  2026-05-20 12:01:26 /plugins/select2/css/select2.min.css ...................................................... ~ 0s
  2026-05-20 12:01:26 /plugins/select2-bootstrap4-theme/select2-bootstrap4.min.css .............................. ~ 0s
  2026-05-20 12:01:26 /plugins/dropzone/min/dropzone.min.css .................................................... ~ 0s
  2026-05-20 12:01:26 /dist/css/adminlte.min.css ................................................................ ~ 0s
  2026-05-20 12:01:26 /assets/css/datatable/datatable.css ....................................................... ~ 0s
  2026-05-20 12:01:26 /assets/css/datatable/buttons.dataTables.min.css .......................................... ~ 0s
  2026-05-20 12:01:26 /css/custom-style.css ..................................................................... ~ 0s
  2026-05-20 12:01:26 /assets/images/logo/1779245989_6a0d23a55cb0e_ChatGPT%20Image%20May%2020,%202026,%2009_59_29%20AM.png  ~ 0s
  2026-05-20 12:01:26 /plugins/jquery/jquery.min.js ............................................................. ~ 0s
  2026-05-20 12:01:26 /plugins/jquery-ui/jquery-ui.min.js ....................................................... ~ 0s
  2026-05-20 12:01:26 /plugins/bootstrap/js/bootstrap.bundle.min.js ............................................. ~ 0s
  2026-05-20 12:01:26 /plugins/chart.js/Chart.min.js ............................................................ ~ 0s
  2026-05-20 12:01:26 /plugins/sparklines/sparkline.js .......................................................... ~ 0s
  2026-05-20 12:01:26 /plugins/jqvmap/jquery.vmap.min.js ........................................................ ~ 0s
  2026-05-20 12:01:26 /plugins/jqvmap/maps/jquery.vmap.usa.js ................................................... ~ 0s
  2026-05-20 12:01:26 /plugins/jquery-knob/jquery.knob.min.js ................................................... ~ 0s
  2026-05-20 12:01:26 /plugins/moment/moment.min.js ............................................................. ~ 0s
  2026-05-20 12:01:26 /plugins/daterangepicker/daterangepicker.js ............................................... ~ 0s
  2026-05-20 12:01:26 /plugins/tempusdominus-bootstrap-4/js/tempusdominus-bootstrap-4.min.js .................... ~ 0s
  2026-05-20 12:01:26 /plugins/overlayScrollbars/js/jquery.overlayScrollbars.min.js ............................. ~ 0s
  2026-05-20 12:01:26 /plugins/summernote/summernote-bs4.min.js ................................................. ~ 0s
  2026-05-20 12:01:26 /dist/js/adminlte.js ...................................................................... ~ 0s
  2026-05-20 12:01:26 /plugins/select2/js/select2.full.min.js ................................................... ~ 0s
  2026-05-20 12:01:26 /plugins/fontawesome-free/webfonts/fa-solid-900.woff2 ..................................... ~ 0s
  2026-05-20 12:01:26 /js/custom-script.js ...................................................................... ~ 0s
  2026-05-20 12:01:26 /plugins/dropzone/min/dropzone.min.js ..................................................... ~ 0s
  2026-05-20 12:01:26 /assets/js/datatable/jquery.dataTables.min.js ............................................. ~ 0s
  2026-05-20 12:01:26 /assets/js/datatable/dataTables.buttons.min.js ............................................ ~ 0s
  2026-05-20 12:01:26 /assets/js/datatable/datatable.js ......................................................... ~ 0s
  2026-05-20 12:01:26 ........................................................................................... ~ 0s
  2026-05-20 12:01:26 ........................................................................................... ~ 0s
  2026-05-20 12:01:29 ........................................................................................... ~ 0s
  2026-05-20 12:01:29 /plugins/fontawesome-free/css/all.min.css ................................................. ~ 0s
  2026-05-20 12:01:29 /plugins/tempusdominus-bootstrap-4/css/tempusdominus-bootstrap-4.min.css .................. ~ 0s
  2026-05-20 12:01:29 /plugins/icheck-bootstrap/icheck-bootstrap.min.css ........................................ ~ 0s
  2026-05-20 12:01:29 /plugins/jqvmap/jqvmap.min.css ............................................................ ~ 0s
  2026-05-20 12:01:29 /plugins/overlayScrollbars/css/OverlayScrollbars.min.css .................................. ~ 0s
  2026-05-20 12:01:29 /plugins/daterangepicker/daterangepicker.css .............................................. ~ 0s
  2026-05-20 12:01:29 /plugins/summernote/summernote-bs4.min.css ................................................ ~ 0s
  2026-05-20 12:01:29 /plugins/select2/css/select2.min.css ...................................................... ~ 0s
  2026-05-20 12:01:29 /plugins/select2-bootstrap4-theme/select2-bootstrap4.min.css .............................. ~ 0s
  2026-05-20 12:01:29 /dist/css/adminlte.min.css ................................................................ ~ 0s
  2026-05-20 12:01:29 /plugins/dropzone/min/dropzone.min.css .................................................... ~ 0s
  2026-05-20 12:01:29 /assets/css/datatable/datatable.css ....................................................... ~ 0s
  2026-05-20 12:01:29 /assets/css/datatable/buttons.dataTables.min.css .......................................... ~ 0s
  2026-05-20 12:01:29 /css/custom-style.css ..................................................................... ~ 0s
  2026-05-20 12:01:29 /assets/images/logo/1779245989_6a0d23a55cb0e_ChatGPT%20Image%20May%2020,%202026,%2009_59_29%20AM.png  ~ 0s
  2026-05-20 12:01:29 /plugins/jquery/jquery.min.js ............................................................. ~ 0s
  2026-05-20 12:01:29 /plugins/jquery-ui/jquery-ui.min.js ....................................................... ~ 0s
  2026-05-20 12:01:29 /plugins/bootstrap/js/bootstrap.bundle.min.js ............................................. ~ 0s
  2026-05-20 12:01:29 /plugins/chart.js/Chart.min.js ............................................................ ~ 0s
  2026-05-20 12:01:29 /plugins/sparklines/sparkline.js .......................................................... ~ 0s
  2026-05-20 12:01:29 /plugins/jqvmap/jquery.vmap.min.js ........................................................ ~ 0s
  2026-05-20 12:01:29 /plugins/jqvmap/maps/jquery.vmap.usa.js ................................................... ~ 0s
  2026-05-20 12:01:29 /plugins/jquery-knob/jquery.knob.min.js ................................................... ~ 0s
  2026-05-20 12:01:29 /plugins/moment/moment.min.js ............................................................. ~ 0s
  2026-05-20 12:01:29 /plugins/daterangepicker/daterangepicker.js ............................................... ~ 0s
  2026-05-20 12:01:29 /plugins/tempusdominus-bootstrap-4/js/tempusdominus-bootstrap-4.min.js .................... ~ 0s
  2026-05-20 12:01:29 /plugins/summernote/summernote-bs4.min.js ................................................. ~ 0s
  2026-05-20 12:01:29 /plugins/overlayScrollbars/js/jquery.overlayScrollbars.min.js ............................. ~ 0s
  2026-05-20 12:01:29 /dist/js/adminlte.js ...................................................................... ~ 0s
  2026-05-20 12:01:29 /plugins/select2/js/select2.full.min.js ................................................... ~ 0s
  2026-05-20 12:01:29 /js/custom-script.js ...................................................................... ~ 0s
  2026-05-20 12:01:29 /plugins/fontawesome-free/webfonts/fa-solid-900.woff2 ..................................... ~ 0s
  2026-05-20 12:01:29 /plugins/dropzone/min/dropzone.min.js ..................................................... ~ 0s
  2026-05-20 12:01:29 /assets/js/datatable/jquery.dataTables.min.js ............................................. ~ 0s
  2026-05-20 12:01:29 /assets/js/datatable/dataTables.buttons.min.js ............................................ ~ 0s
  2026-05-20 12:01:29 /assets/js/datatable/datatable.js ......................................................... ~ 0s
  2026-05-20 12:01:29 ........................................................................................... ~ 0s
  2026-05-20 12:01:29 ........................................................................................... ~ 0s
  2026-05-20 12:01:31 ........................................................................................... ~ 1s
  2026-05-20 12:01:32 /plugins/fontawesome-free/css/all.min.css ................................................. ~ 0s
  2026-05-20 12:01:32 /plugins/tempusdominus-bootstrap-4/css/tempusdominus-bootstrap-4.min.css .................. ~ 0s
  2026-05-20 12:01:32 /plugins/icheck-bootstrap/icheck-bootstrap.min.css ........................................ ~ 0s
  2026-05-20 12:01:32 /plugins/jqvmap/jqvmap.min.css ............................................................ ~ 0s
  2026-05-20 12:01:32 /plugins/overlayScrollbars/css/OverlayScrollbars.min.css .................................. ~ 0s
  2026-05-20 12:01:32 /plugins/daterangepicker/daterangepicker.css .............................................. ~ 0s
  2026-05-20 12:01:32 /plugins/summernote/summernote-bs4.min.css ................................................ ~ 0s
  2026-05-20 12:01:32 /plugins/select2/css/select2.min.css ...................................................... ~ 0s
  2026-05-20 12:01:32 /plugins/select2-bootstrap4-theme/select2-bootstrap4.min.css .............................. ~ 0s
  2026-05-20 12:01:32 /plugins/dropzone/min/dropzone.min.css .................................................... ~ 0s
  2026-05-20 12:01:32 /assets/css/datatable/datatable.css ....................................................... ~ 0s
  2026-05-20 12:01:32 /assets/css/datatable/buttons.dataTables.min.css .......................................... ~ 0s
  2026-05-20 12:01:32 /css/custom-style.css ..................................................................... ~ 0s
  2026-05-20 12:01:32 /assets/images/logo/1779245989_6a0d23a55cb0e_ChatGPT%20Image%20May%2020,%202026,%2009_59_29%20AM.png  ~ 0s
  2026-05-20 12:01:32 /plugins/jquery/jquery.min.js ............................................................. ~ 0s
  2026-05-20 12:01:32 /dist/css/adminlte.min.css ................................................................ ~ 0s
  2026-05-20 12:01:32 /plugins/jquery-ui/jquery-ui.min.js ....................................................... ~ 0s
  2026-05-20 12:01:32 /plugins/bootstrap/js/bootstrap.bundle.min.js ............................................. ~ 0s
  2026-05-20 12:01:32 /plugins/chart.js/Chart.min.js ............................................................ ~ 0s
  2026-05-20 12:01:32 /plugins/sparklines/sparkline.js .......................................................... ~ 0s
  2026-05-20 12:01:32 /plugins/jqvmap/jquery.vmap.min.js ........................................................ ~ 0s
  2026-05-20 12:01:32 /plugins/jqvmap/maps/jquery.vmap.usa.js ................................................... ~ 0s
  2026-05-20 12:01:32 /plugins/jquery-knob/jquery.knob.min.js ................................................... ~ 0s
  2026-05-20 12:01:32 /plugins/moment/moment.min.js ............................................................. ~ 0s
  2026-05-20 12:01:32 /plugins/daterangepicker/daterangepicker.js ............................................... ~ 0s
  2026-05-20 12:01:32 /plugins/tempusdominus-bootstrap-4/js/tempusdominus-bootstrap-4.min.js .................... ~ 0s
  2026-05-20 12:01:32 /plugins/summernote/summernote-bs4.min.js ................................................. ~ 0s
  2026-05-20 12:01:32 /plugins/overlayScrollbars/js/jquery.overlayScrollbars.min.js ............................. ~ 0s
  2026-05-20 12:01:32 /plugins/fontawesome-free/webfonts/fa-solid-900.woff2 ..................................... ~ 0s
  2026-05-20 12:01:32 /dist/js/adminlte.js ...................................................................... ~ 0s
  2026-05-20 12:01:32 /plugins/select2/js/select2.full.min.js ................................................... ~ 0s
  2026-05-20 12:01:32 /js/custom-script.js ...................................................................... ~ 0s
  2026-05-20 12:01:32 /plugins/dropzone/min/dropzone.min.js ..................................................... ~ 0s
  2026-05-20 12:01:32 /assets/js/datatable/jquery.dataTables.min.js ............................................. ~ 0s
  2026-05-20 12:01:32 /assets/js/datatable/datatable.js ......................................................... ~ 0s
  2026-05-20 12:01:32 /assets/js/datatable/dataTables.buttons.min.js ............................................ ~ 0s
  2026-05-20 12:01:32 ........................................................................................... ~ 0s
  2026-05-20 12:01:32 ........................................................................................... ~ 0s
  2026-05-20 12:01:34 ........................................................................................... ~ 0s
  2026-05-20 12:01:34 /plugins/fontawesome-free/css/all.min.css ................................................. ~ 0s
  2026-05-20 12:01:34 /plugins/tempusdominus-bootstrap-4/css/tempusdominus-bootstrap-4.min.css .................. ~ 0s
  2026-05-20 12:01:34 /plugins/icheck-bootstrap/icheck-bootstrap.min.css ........................................ ~ 0s
  2026-05-20 12:01:34 /plugins/jqvmap/jqvmap.min.css ............................................................ ~ 0s
  2026-05-20 12:01:34 /plugins/overlayScrollbars/css/OverlayScrollbars.min.css .................................. ~ 0s
  2026-05-20 12:01:34 /plugins/daterangepicker/daterangepicker.css .............................................. ~ 0s
  2026-05-20 12:01:34 /plugins/summernote/summernote-bs4.min.css ................................................ ~ 0s
  2026-05-20 12:01:34 /plugins/select2/css/select2.min.css ...................................................... ~ 0s
  2026-05-20 12:01:34 /plugins/select2-bootstrap4-theme/select2-bootstrap4.min.css .............................. ~ 0s
  2026-05-20 12:01:34 /plugins/dropzone/min/dropzone.min.css .................................................... ~ 0s
  2026-05-20 12:01:34 /dist/css/adminlte.min.css ................................................................ ~ 0s
  2026-05-20 12:01:34 /assets/css/datatable/datatable.css ....................................................... ~ 0s
  2026-05-20 12:01:34 /assets/css/datatable/buttons.dataTables.min.css .......................................... ~ 0s
  2026-05-20 12:01:34 /css/custom-style.css ..................................................................... ~ 0s
  2026-05-20 12:01:34 /assets/images/logo/1779245989_6a0d23a55cb0e_ChatGPT%20Image%20May%2020,%202026,%2009_59_29%20AM.png  ~ 0s
  2026-05-20 12:01:34 /plugins/jquery/jquery.min.js ............................................................. ~ 0s
  2026-05-20 12:01:34 /plugins/jquery-ui/jquery-ui.min.js ....................................................... ~ 0s
  2026-05-20 12:01:34 /plugins/bootstrap/js/bootstrap.bundle.min.js ............................................. ~ 0s
  2026-05-20 12:01:34 /plugins/chart.js/Chart.min.js ............................................................ ~ 0s
  2026-05-20 12:01:34 /plugins/sparklines/sparkline.js .......................................................... ~ 0s
  2026-05-20 12:01:34 /plugins/jqvmap/jquery.vmap.min.js ........................................................ ~ 0s
  2026-05-20 12:01:34 /plugins/jqvmap/maps/jquery.vmap.usa.js ................................................... ~ 0s
  2026-05-20 12:01:34 /plugins/jquery-knob/jquery.knob.min.js ................................................... ~ 0s
  2026-05-20 12:01:34 /plugins/moment/moment.min.js ............................................................. ~ 0s
  2026-05-20 12:01:34 /plugins/daterangepicker/daterangepicker.js ............................................... ~ 0s
  2026-05-20 12:01:34 /plugins/tempusdominus-bootstrap-4/js/tempusdominus-bootstrap-4.min.js .................... ~ 0s
  2026-05-20 12:01:34 /plugins/summernote/summernote-bs4.min.js ................................................. ~ 0s
  2026-05-20 12:01:34 /plugins/overlayScrollbars/js/jquery.overlayScrollbars.min.js ............................. ~ 0s
  2026-05-20 12:01:34 /dist/js/adminlte.js ...................................................................... ~ 0s
  2026-05-20 12:01:34 /plugins/select2/js/select2.full.min.js ................................................... ~ 0s
  2026-05-20 12:01:34 /plugins/fontawesome-free/webfonts/fa-solid-900.woff2 ..................................... ~ 0s
  2026-05-20 12:01:34 /js/custom-script.js ...................................................................... ~ 0s
  2026-05-20 12:01:34 /plugins/dropzone/min/dropzone.min.js ..................................................... ~ 0s
  2026-05-20 12:01:34 /assets/js/datatable/jquery.dataTables.min.js ............................................. ~ 0s
  2026-05-20 12:01:34 /assets/js/datatable/dataTables.buttons.min.js ............................................ ~ 0s
  2026-05-20 12:01:34 /assets/js/datatable/datatable.js ......................................................... ~ 0s
  2026-05-20 12:01:34 ........................................................................................... ~ 0s
  2026-05-20 12:01:34 ........................................................................................... ~ 1s
  2026-05-20 12:01:37 ........................................................................................... ~ 0s
  2026-05-20 12:01:37 /plugins/fontawesome-free/css/all.min.css ................................................. ~ 0s
  2026-05-20 12:01:37 /plugins/tempusdominus-bootstrap-4/css/tempusdominus-bootstrap-4.min.css .................. ~ 0s
  2026-05-20 12:01:37 /plugins/icheck-bootstrap/icheck-bootstrap.min.css ........................................ ~ 0s
  2026-05-20 12:01:37 /plugins/jqvmap/jqvmap.min.css ............................................................ ~ 0s
  2026-05-20 12:01:37 /plugins/overlayScrollbars/css/OverlayScrollbars.min.css .................................. ~ 0s
  2026-05-20 12:01:37 /plugins/daterangepicker/daterangepicker.css .............................................. ~ 0s
  2026-05-20 12:01:37 /plugins/summernote/summernote-bs4.min.css ................................................ ~ 0s
  2026-05-20 12:01:37 /plugins/select2/css/select2.min.css ...................................................... ~ 0s
  2026-05-20 12:01:37 /plugins/select2-bootstrap4-theme/select2-bootstrap4.min.css .............................. ~ 0s
  2026-05-20 12:01:37 /plugins/dropzone/min/dropzone.min.css .................................................... ~ 0s
  2026-05-20 12:01:37 /dist/css/adminlte.min.css ................................................................ ~ 0s
  2026-05-20 12:01:37 /assets/css/datatable/datatable.css ....................................................... ~ 0s
  2026-05-20 12:01:37 /assets/css/datatable/buttons.dataTables.min.css .......................................... ~ 0s
  2026-05-20 12:01:37 /css/custom-style.css ..................................................................... ~ 0s
  2026-05-20 12:01:37 /assets/images/logo/1779245989_6a0d23a55cb0e_ChatGPT%20Image%20May%2020,%202026,%2009_59_29%20AM.png  ~ 0s
  2026-05-20 12:01:37 /plugins/jquery/jquery.min.js ............................................................. ~ 0s
  2026-05-20 12:01:37 /plugins/jquery-ui/jquery-ui.min.js ....................................................... ~ 0s
  2026-05-20 12:01:37 /plugins/bootstrap/js/bootstrap.bundle.min.js ............................................. ~ 0s
  2026-05-20 12:01:37 /plugins/chart.js/Chart.min.js ............................................................ ~ 0s
  2026-05-20 12:01:37 /plugins/sparklines/sparkline.js .......................................................... ~ 0s
  2026-05-20 12:01:37 /plugins/jqvmap/jquery.vmap.min.js ........................................................ ~ 0s
  2026-05-20 12:01:37 /plugins/jqvmap/maps/jquery.vmap.usa.js ................................................... ~ 0s
  2026-05-20 12:01:37 /plugins/jquery-knob/jquery.knob.min.js ................................................... ~ 0s
  2026-05-20 12:01:37 /plugins/moment/moment.min.js ............................................................. ~ 0s
  2026-05-20 12:01:37 /plugins/daterangepicker/daterangepicker.js ............................................... ~ 0s
  2026-05-20 12:01:37 /plugins/tempusdominus-bootstrap-4/js/tempusdominus-bootstrap-4.min.js .................... ~ 0s
  2026-05-20 12:01:37 /plugins/overlayScrollbars/js/jquery.overlayScrollbars.min.js ............................. ~ 0s
  2026-05-20 12:01:37 /dist/js/adminlte.js ...................................................................... ~ 0s
  2026-05-20 12:01:37 /plugins/summernote/summernote-bs4.min.js ................................................. ~ 0s
  2026-05-20 12:01:37 /plugins/select2/js/select2.full.min.js ................................................... ~ 0s
  2026-05-20 12:01:37 /plugins/fontawesome-free/webfonts/fa-solid-900.woff2 ..................................... ~ 0s
  2026-05-20 12:01:37 /plugins/fontawesome-free/webfonts/fa-regular-400.woff2 ................................... ~ 0s
  2026-05-20 12:01:37 /js/custom-script.js ...................................................................... ~ 0s
  2026-05-20 12:01:37 /plugins/dropzone/min/dropzone.min.js ..................................................... ~ 0s
  2026-05-20 12:01:37 /assets/js/datatable/jquery.dataTables.min.js ............................................. ~ 0s
  2026-05-20 12:01:37 /assets/js/datatable/datatable.js ......................................................... ~ 0s
  2026-05-20 12:01:37 /assets/js/datatable/dataTables.buttons.min.js ............................................ ~ 0s
  2026-05-20 12:01:40 ........................................................................................... ~ 0s
  2026-05-20 12:01:40 /plugins/fontawesome-free/css/all.min.css ................................................. ~ 0s
  2026-05-20 12:01:40 /plugins/tempusdominus-bootstrap-4/css/tempusdominus-bootstrap-4.min.css .................. ~ 0s
  2026-05-20 12:01:40 /plugins/icheck-bootstrap/icheck-bootstrap.min.css ........................................ ~ 0s
  2026-05-20 12:01:40 /plugins/jqvmap/jqvmap.min.css ............................................................ ~ 0s
  2026-05-20 12:01:40 /plugins/overlayScrollbars/css/OverlayScrollbars.min.css .................................. ~ 0s
  2026-05-20 12:01:40 /plugins/daterangepicker/daterangepicker.css .............................................. ~ 0s
  2026-05-20 12:01:40 /plugins/summernote/summernote-bs4.min.css ................................................ ~ 0s
  2026-05-20 12:01:40 /plugins/select2/css/select2.min.css ...................................................... ~ 0s
  2026-05-20 12:01:40 /plugins/select2-bootstrap4-theme/select2-bootstrap4.min.css .............................. ~ 0s
  2026-05-20 12:01:40 /dist/css/adminlte.min.css ................................................................ ~ 0s
  2026-05-20 12:01:40 /plugins/dropzone/min/dropzone.min.css .................................................... ~ 0s
  2026-05-20 12:01:40 /assets/css/datatable/datatable.css ....................................................... ~ 0s
  2026-05-20 12:01:40 /assets/css/datatable/buttons.dataTables.min.css .......................................... ~ 0s
  2026-05-20 12:01:40 /css/custom-style.css ..................................................................... ~ 0s
  2026-05-20 12:01:40 /assets/images/logo/1779245989_6a0d23a55cb0e_ChatGPT%20Image%20May%2020,%202026,%2009_59_29%20AM.png  ~ 0s
  2026-05-20 12:01:40 /plugins/jquery/jquery.min.js ............................................................. ~ 0s
  2026-05-20 12:01:40 /plugins/jquery-ui/jquery-ui.min.js ....................................................... ~ 0s
  2026-05-20 12:01:40 /plugins/bootstrap/js/bootstrap.bundle.min.js ............................................. ~ 0s
  2026-05-20 12:01:40 /plugins/chart.js/Chart.min.js ............................................................ ~ 0s
  2026-05-20 12:01:40 /plugins/sparklines/sparkline.js .......................................................... ~ 0s
  2026-05-20 12:01:40 /plugins/jqvmap/jquery.vmap.min.js ........................................................ ~ 0s
  2026-05-20 12:01:40 /plugins/jqvmap/maps/jquery.vmap.usa.js ................................................... ~ 0s
  2026-05-20 12:01:40 /plugins/jquery-knob/jquery.knob.min.js ................................................... ~ 0s
  2026-05-20 12:01:40 /plugins/moment/moment.min.js ............................................................. ~ 0s
  2026-05-20 12:01:40 /plugins/daterangepicker/daterangepicker.js ............................................... ~ 0s
  2026-05-20 12:01:40 /plugins/tempusdominus-bootstrap-4/js/tempusdominus-bootstrap-4.min.js .................... ~ 0s
  2026-05-20 12:01:40 /plugins/summernote/summernote-bs4.min.js ................................................. ~ 0s
  2026-05-20 12:01:40 /plugins/overlayScrollbars/js/jquery.overlayScrollbars.min.js ............................. ~ 0s
  2026-05-20 12:01:40 /dist/js/adminlte.js ...................................................................... ~ 0s
  2026-05-20 12:01:40 /plugins/select2/js/select2.full.min.js ................................................... ~ 0s
  2026-05-20 12:01:40 /plugins/fontawesome-free/webfonts/fa-solid-900.woff2 ..................................... ~ 0s
  2026-05-20 12:01:40 /plugins/fontawesome-free/webfonts/fa-regular-400.woff2 ................................... ~ 0s
  2026-05-20 12:01:40 /js/custom-script.js ...................................................................... ~ 0s
  2026-05-20 12:01:40 /plugins/dropzone/min/dropzone.min.js ..................................................... ~ 0s
  2026-05-20 12:01:40 /assets/js/datatable/jquery.dataTables.min.js ............................................. ~ 0s
  2026-05-20 12:01:40 /assets/js/datatable/datatable.js ......................................................... ~ 0s
  2026-05-20 12:01:40 /assets/js/datatable/dataTables.buttons.min.js ............................................ ~ 0s
  2026-05-20 12:01:41 ........................................................................................... ~ 0s
  2026-05-20 12:01:41 /plugins/fontawesome-free/css/all.min.css ................................................. ~ 0s
  2026-05-20 12:01:41 /plugins/tempusdominus-bootstrap-4/css/tempusdominus-bootstrap-4.min.css .................. ~ 0s
  2026-05-20 12:01:41 /plugins/icheck-bootstrap/icheck-bootstrap.min.css ........................................ ~ 0s
  2026-05-20 12:01:41 /plugins/jqvmap/jqvmap.min.css ............................................................ ~ 0s
  2026-05-20 12:01:41 /plugins/overlayScrollbars/css/OverlayScrollbars.min.css .................................. ~ 0s
  2026-05-20 12:01:41 /plugins/daterangepicker/daterangepicker.css .............................................. ~ 0s
  2026-05-20 12:01:41 /plugins/summernote/summernote-bs4.min.css ................................................ ~ 0s
  2026-05-20 12:01:41 /plugins/select2/css/select2.min.css ...................................................... ~ 0s
  2026-05-20 12:01:41 /plugins/select2-bootstrap4-theme/select2-bootstrap4.min.css .............................. ~ 0s
  2026-05-20 12:01:41 /plugins/dropzone/min/dropzone.min.css .................................................... ~ 0s
  2026-05-20 12:01:41 /assets/css/datatable/datatable.css ....................................................... ~ 0s
  2026-05-20 12:01:41 /assets/css/datatable/buttons.dataTables.min.css .......................................... ~ 0s
  2026-05-20 12:01:41 /dist/css/adminlte.min.css ................................................................ ~ 0s
  2026-05-20 12:01:41 /css/custom-style.css ..................................................................... ~ 0s
  2026-05-20 12:01:41 /assets/images/logo/1779245989_6a0d23a55cb0e_ChatGPT%20Image%20May%2020,%202026,%2009_59_29%20AM.png  ~ 0s
  2026-05-20 12:01:41 /plugins/jquery/jquery.min.js ............................................................. ~ 0s
  2026-05-20 12:01:41 /plugins/jquery-ui/jquery-ui.min.js ....................................................... ~ 0s
  2026-05-20 12:01:41 /plugins/bootstrap/js/bootstrap.bundle.min.js ............................................. ~ 0s
  2026-05-20 12:01:41 /plugins/chart.js/Chart.min.js ............................................................ ~ 0s
  2026-05-20 12:01:41 /plugins/sparklines/sparkline.js .......................................................... ~ 0s
  2026-05-20 12:01:41 /plugins/jqvmap/jquery.vmap.min.js ........................................................ ~ 0s
  2026-05-20 12:01:41 /plugins/jqvmap/maps/jquery.vmap.usa.js ................................................... ~ 0s
  2026-05-20 12:01:41 /plugins/jquery-knob/jquery.knob.min.js ................................................... ~ 0s
  2026-05-20 12:01:41 /plugins/moment/moment.min.js ............................................................. ~ 0s
  2026-05-20 12:01:41 /plugins/daterangepicker/daterangepicker.js ............................................... ~ 0s
  2026-05-20 12:01:41 /plugins/tempusdominus-bootstrap-4/js/tempusdominus-bootstrap-4.min.js .................... ~ 0s
  2026-05-20 12:01:41 /plugins/summernote/summernote-bs4.min.js ................................................. ~ 0s
  2026-05-20 12:01:41 /plugins/overlayScrollbars/js/jquery.overlayScrollbars.min.js ............................. ~ 0s
  2026-05-20 12:01:41 /dist/js/adminlte.js ...................................................................... ~ 0s
  2026-05-20 12:01:41 /plugins/select2/js/select2.full.min.js ................................................... ~ 0s
  2026-05-20 12:01:41 /plugins/fontawesome-free/webfonts/fa-solid-900.woff2 ..................................... ~ 0s
  2026-05-20 12:01:41 /js/custom-script.js ...................................................................... ~ 0s
  2026-05-20 12:01:41 /plugins/dropzone/min/dropzone.min.js ..................................................... ~ 0s
  2026-05-20 12:01:41 /assets/js/datatable/jquery.dataTables.min.js ............................................. ~ 0s
  2026-05-20 12:01:41 /assets/js/datatable/dataTables.buttons.min.js ............................................ ~ 0s
  2026-05-20 12:01:41 /assets/js/datatable/datatable.js ......................................................... ~ 0s
  2026-05-20 12:01:41 ........................................................................................... ~ 1s
  2026-05-20 12:01:42 ........................................................................................... ~ 0s
  2026-05-20 12:01:42 ........................................................................................... ~ 1s
  2026-05-20 12:01:42 /plugins/fontawesome-free/css/all.min.css ................................................. ~ 1s
  2026-05-20 12:01:43 /plugins/tempusdominus-bootstrap-4/css/tempusdominus-bootstrap-4.min.css .................. ~ 0s
  2026-05-20 12:01:43 /plugins/icheck-bootstrap/icheck-bootstrap.min.css ........................................ ~ 0s
  2026-05-20 12:01:43 /plugins/jqvmap/jqvmap.min.css ............................................................ ~ 0s
  2026-05-20 12:01:43 /plugins/overlayScrollbars/css/OverlayScrollbars.min.css .................................. ~ 0s
  2026-05-20 12:01:43 /plugins/daterangepicker/daterangepicker.css .............................................. ~ 0s
  2026-05-20 12:01:43 /plugins/summernote/summernote-bs4.min.css ................................................ ~ 0s
  2026-05-20 12:01:43 /plugins/select2/css/select2.min.css ...................................................... ~ 0s
  2026-05-20 12:01:43 /plugins/select2-bootstrap4-theme/select2-bootstrap4.min.css .............................. ~ 0s
  2026-05-20 12:01:43 /plugins/dropzone/min/dropzone.min.css .................................................... ~ 0s
  2026-05-20 12:01:43 /assets/css/datatable/datatable.css ....................................................... ~ 0s
  2026-05-20 12:01:43 /dist/css/adminlte.min.css ................................................................ ~ 0s
  2026-05-20 12:01:43 /assets/css/datatable/buttons.dataTables.min.css .......................................... ~ 0s
  2026-05-20 12:01:43 /css/custom-style.css ..................................................................... ~ 0s
  2026-05-20 12:01:43 /assets/images/logo/1779245989_6a0d23a55cb0e_ChatGPT%20Image%20May%2020,%202026,%2009_59_29%20AM.png  ~ 0s
  2026-05-20 12:01:43 /assets/images/logo/1779253089_6a0d3f616fa5b_ChatGPT%20Image%20May%2020,%202026,%2011_58_01%20AM.png  ~ 0s
  2026-05-20 12:01:43 /assets/images/demo/apple-icon.svg ........................................................ ~ 0s
  2026-05-20 12:01:43 /plugins/jquery/jquery.min.js ............................................................. ~ 0s
  2026-05-20 12:01:43 /plugins/jquery-ui/jquery-ui.min.js ....................................................... ~ 0s
  2026-05-20 12:01:43 /plugins/bootstrap/js/bootstrap.bundle.min.js ............................................. ~ 0s
  2026-05-20 12:01:43 /plugins/sparklines/sparkline.js .......................................................... ~ 0s
  2026-05-20 12:01:43 /plugins/chart.js/Chart.min.js ............................................................ ~ 0s
  2026-05-20 12:01:43 /plugins/jqvmap/jquery.vmap.min.js ........................................................ ~ 0s
  2026-05-20 12:01:43 /plugins/jqvmap/maps/jquery.vmap.usa.js ................................................... ~ 0s
  2026-05-20 12:01:43 /plugins/jquery-knob/jquery.knob.min.js ................................................... ~ 0s
  2026-05-20 12:01:43 /plugins/moment/moment.min.js ............................................................. ~ 0s
  2026-05-20 12:01:43 /plugins/daterangepicker/daterangepicker.js ............................................... ~ 0s
  2026-05-20 12:01:43 /plugins/tempusdominus-bootstrap-4/js/tempusdominus-bootstrap-4.min.js .................... ~ 0s
  2026-05-20 12:01:43 /plugins/summernote/summernote-bs4.min.js ................................................. ~ 0s
  2026-05-20 12:01:43 /plugins/overlayScrollbars/js/jquery.overlayScrollbars.min.js ............................. ~ 0s
  2026-05-20 12:01:43 /dist/js/adminlte.js ...................................................................... ~ 0s
  2026-05-20 12:01:43 /plugins/select2/js/select2.full.min.js ................................................... ~ 0s
  2026-05-20 12:01:43 /js/custom-script.js ...................................................................... ~ 0s
  2026-05-20 12:01:43 /plugins/fontawesome-free/webfonts/fa-solid-900.woff2 ..................................... ~ 0s
  2026-05-20 12:01:43 /plugins/dropzone/min/dropzone.min.js ..................................................... ~ 0s
  2026-05-20 12:01:43 /assets/js/datatable/jquery.dataTables.min.js ............................................. ~ 0s
  2026-05-20 12:01:43 /assets/js/datatable/datatable.js ......................................................... ~ 0s
  2026-05-20 12:01:43 /assets/js/datatable/dataTables.buttons.min.js ............................................ ~ 0s
  2026-05-20 12:01:52 /plugins/fontawesome-free/webfonts/fa-brands-400.woff2 .................................... ~ 0s
  2026-05-20 12:01:54 /plugins/fontawesome-free/webfonts/fa-regular-400.woff2 ................................... ~ 0s
  2026-05-20 12:02:02 ........................................................................................... ~ 0s
  2026-05-20 12:02:02 /plugins/fontawesome-free/css/all.min.css ................................................. ~ 0s
  2026-05-20 12:02:02 /plugins/tempusdominus-bootstrap-4/css/tempusdominus-bootstrap-4.min.css .................. ~ 0s
  2026-05-20 12:02:02 /plugins/icheck-bootstrap/icheck-bootstrap.min.css ........................................ ~ 0s
  2026-05-20 12:02:02 /plugins/jqvmap/jqvmap.min.css ............................................................ ~ 0s
  2026-05-20 12:02:02 /plugins/overlayScrollbars/css/OverlayScrollbars.min.css .................................. ~ 0s
  2026-05-20 12:02:02 /plugins/daterangepicker/daterangepicker.css .............................................. ~ 0s
  2026-05-20 12:02:02 /plugins/summernote/summernote-bs4.min.css ................................................ ~ 0s
  2026-05-20 12:02:02 /plugins/select2/css/select2.min.css ...................................................... ~ 0s
  2026-05-20 12:02:02 /plugins/select2-bootstrap4-theme/select2-bootstrap4.min.css .............................. ~ 0s
  2026-05-20 12:02:02 /plugins/dropzone/min/dropzone.min.css .................................................... ~ 0s
  2026-05-20 12:02:02 /assets/css/datatable/datatable.css ....................................................... ~ 0s
  2026-05-20 12:02:02 /assets/css/datatable/buttons.dataTables.min.css .......................................... ~ 0s
  2026-05-20 12:02:02 /dist/css/adminlte.min.css ................................................................ ~ 0s
  2026-05-20 12:02:02 /css/custom-style.css ..................................................................... ~ 0s
  2026-05-20 12:02:02 /assets/images/logo/1779245989_6a0d23a55cb0e_ChatGPT%20Image%20May%2020,%202026,%2009_59_29%20AM.png  ~ 0s
  2026-05-20 12:02:02 /plugins/jquery/jquery.min.js ............................................................. ~ 0s
  2026-05-20 12:02:02 /plugins/jquery-ui/jquery-ui.min.js ....................................................... ~ 0s
  2026-05-20 12:02:02 /plugins/bootstrap/js/bootstrap.bundle.min.js ............................................. ~ 0s
  2026-05-20 12:02:02 /plugins/chart.js/Chart.min.js ............................................................ ~ 0s
  2026-05-20 12:02:02 /plugins/sparklines/sparkline.js .......................................................... ~ 0s
  2026-05-20 12:02:02 /plugins/jqvmap/jquery.vmap.min.js ........................................................ ~ 0s
  2026-05-20 12:02:02 /plugins/jqvmap/maps/jquery.vmap.usa.js ................................................... ~ 0s
  2026-05-20 12:02:02 /plugins/jquery-knob/jquery.knob.min.js ................................................... ~ 0s
  2026-05-20 12:02:02 /plugins/moment/moment.min.js ............................................................. ~ 0s
  2026-05-20 12:02:02 /plugins/daterangepicker/daterangepicker.js ............................................... ~ 0s
  2026-05-20 12:02:02 /plugins/tempusdominus-bootstrap-4/js/tempusdominus-bootstrap-4.min.js .................... ~ 0s
  2026-05-20 12:02:02 /plugins/summernote/summernote-bs4.min.js ................................................. ~ 0s
  2026-05-20 12:02:02 /plugins/overlayScrollbars/js/jquery.overlayScrollbars.min.js ............................. ~ 0s
  2026-05-20 12:02:02 /dist/js/adminlte.js ...................................................................... ~ 0s
  2026-05-20 12:02:02 /plugins/select2/js/select2.full.min.js ................................................... ~ 0s
  2026-05-20 12:02:02 /js/custom-script.js ...................................................................... ~ 0s
  2026-05-20 12:02:02 /plugins/fontawesome-free/webfonts/fa-solid-900.woff2 ..................................... ~ 0s
  2026-05-20 12:02:02 /plugins/dropzone/min/dropzone.min.js ..................................................... ~ 0s
  2026-05-20 12:02:02 /assets/js/datatable/jquery.dataTables.min.js ............................................. ~ 0s
  2026-05-20 12:02:02 /assets/js/datatable/dataTables.buttons.min.js ............................................ ~ 0s
  2026-05-20 12:02:02 /assets/js/datatable/datatable.js ......................................................... ~ 0s
  2026-05-20 12:02:02 ........................................................................................... ~ 0s
  2026-05-20 12:02:02 ........................................................................................... ~ 0s
  2026-05-20 12:02:04 /plugins/fontawesome-free/webfonts/fa-regular-400.woff2 ................................... ~ 0s
  2026-05-20 12:02:05 ........................................................................................... ~ 0s
  2026-05-20 12:02:05 /plugins/fontawesome-free/css/all.min.css ................................................. ~ 0s
  2026-05-20 12:02:05 /plugins/tempusdominus-bootstrap-4/css/tempusdominus-bootstrap-4.min.css .................. ~ 0s
  2026-05-20 12:02:05 /plugins/icheck-bootstrap/icheck-bootstrap.min.css ........................................ ~ 0s
  2026-05-20 12:02:05 /plugins/jqvmap/jqvmap.min.css ............................................................ ~ 0s
  2026-05-20 12:02:05 /plugins/overlayScrollbars/css/OverlayScrollbars.min.css .................................. ~ 0s
  2026-05-20 12:02:05 /plugins/daterangepicker/daterangepicker.css .............................................. ~ 0s
  2026-05-20 12:02:05 /plugins/summernote/summernote-bs4.min.css ................................................ ~ 0s
  2026-05-20 12:02:05 /plugins/select2/css/select2.min.css ...................................................... ~ 0s
  2026-05-20 12:02:05 /plugins/select2-bootstrap4-theme/select2-bootstrap4.min.css .............................. ~ 0s
  2026-05-20 12:02:05 /plugins/dropzone/min/dropzone.min.css .................................................... ~ 0s
  2026-05-20 12:02:05 /dist/css/adminlte.min.css ................................................................ ~ 0s
  2026-05-20 12:02:05 /assets/css/datatable/datatable.css ....................................................... ~ 0s
  2026-05-20 12:02:05 /assets/css/datatable/buttons.dataTables.min.css .......................................... ~ 0s
  2026-05-20 12:02:05 /css/custom-style.css ..................................................................... ~ 0s
  2026-05-20 12:02:05 /assets/images/logo/1779245989_6a0d23a55cb0e_ChatGPT%20Image%20May%2020,%202026,%2009_59_29%20AM.png  ~ 0s
  2026-05-20 12:02:05 /assets/images/logo/1779253089_6a0d3f616fa5b_ChatGPT%20Image%20May%2020,%202026,%2011_58_01%20AM.png  ~ 0s
  2026-05-20 12:02:05 /assets/images/demo/apple-icon.svg ........................................................ ~ 0s
  2026-05-20 12:02:05 /plugins/jquery/jquery.min.js ............................................................. ~ 0s
  2026-05-20 12:02:05 /plugins/jquery-ui/jquery-ui.min.js ....................................................... ~ 0s
  2026-05-20 12:02:05 /plugins/bootstrap/js/bootstrap.bundle.min.js ............................................. ~ 0s
  2026-05-20 12:02:05 /plugins/sparklines/sparkline.js .......................................................... ~ 0s
  2026-05-20 12:02:05 /plugins/jqvmap/jquery.vmap.min.js ........................................................ ~ 0s
  2026-05-20 12:02:05 /plugins/chart.js/Chart.min.js ............................................................ ~ 0s
  2026-05-20 12:02:05 /plugins/jqvmap/maps/jquery.vmap.usa.js ................................................... ~ 0s
  2026-05-20 12:02:05 /plugins/jquery-knob/jquery.knob.min.js ................................................... ~ 0s
  2026-05-20 12:02:05 /plugins/moment/moment.min.js ............................................................. ~ 0s
  2026-05-20 12:02:05 /plugins/daterangepicker/daterangepicker.js ............................................... ~ 0s
  2026-05-20 12:02:05 /plugins/tempusdominus-bootstrap-4/js/tempusdominus-bootstrap-4.min.js .................... ~ 0s
  2026-05-20 12:02:05 /plugins/summernote/summernote-bs4.min.js ................................................. ~ 0s
  2026-05-20 12:02:05 /plugins/overlayScrollbars/js/jquery.overlayScrollbars.min.js ............................. ~ 0s
  2026-05-20 12:02:05 /dist/js/adminlte.js ...................................................................... ~ 0s
  2026-05-20 12:02:05 /plugins/fontawesome-free/webfonts/fa-solid-900.woff2 ..................................... ~ 0s
  2026-05-20 12:02:05 /plugins/select2/js/select2.full.min.js ................................................... ~ 0s
  2026-05-20 12:02:05 /js/custom-script.js ...................................................................... ~ 0s
  2026-05-20 12:02:05 /plugins/dropzone/min/dropzone.min.js ..................................................... ~ 0s
  2026-05-20 12:02:05 /assets/js/datatable/jquery.dataTables.min.js ............................................. ~ 0s
  2026-05-20 12:02:05 /assets/js/datatable/datatable.js ......................................................... ~ 0s
  2026-05-20 12:02:05 /assets/js/datatable/dataTables.buttons.min.js ............................................ ~ 0s
  2026-05-20 12:02:06 ........................................................................................... ~ 0s
  2026-05-20 12:02:06 /plugins/fontawesome-free/css/all.min.css ................................................. ~ 0s
  2026-05-20 12:02:06 /plugins/tempusdominus-bootstrap-4/css/tempusdominus-bootstrap-4.min.css .................. ~ 0s
  2026-05-20 12:02:06 /plugins/icheck-bootstrap/icheck-bootstrap.min.css ........................................ ~ 0s
  2026-05-20 12:02:06 /plugins/jqvmap/jqvmap.min.css ............................................................ ~ 0s
  2026-05-20 12:02:06 /plugins/overlayScrollbars/css/OverlayScrollbars.min.css .................................. ~ 0s
  2026-05-20 12:02:06 /plugins/daterangepicker/daterangepicker.css .............................................. ~ 0s
  2026-05-20 12:02:06 /plugins/summernote/summernote-bs4.min.css ................................................ ~ 0s
  2026-05-20 12:02:06 /plugins/select2/css/select2.min.css ...................................................... ~ 0s
  2026-05-20 12:02:06 /plugins/select2-bootstrap4-theme/select2-bootstrap4.min.css .............................. ~ 0s
  2026-05-20 12:02:06 /plugins/dropzone/min/dropzone.min.css .................................................... ~ 0s
  2026-05-20 12:02:06 /assets/css/datatable/datatable.css ....................................................... ~ 0s
  2026-05-20 12:02:06 /dist/css/adminlte.min.css ................................................................ ~ 0s
  2026-05-20 12:02:06 /assets/css/datatable/buttons.dataTables.min.css .......................................... ~ 0s
  2026-05-20 12:02:06 /css/custom-style.css ..................................................................... ~ 0s
  2026-05-20 12:02:06 /assets/images/logo/1779245989_6a0d23a55cb0e_ChatGPT%20Image%20May%2020,%202026,%2009_59_29%20AM.png  ~ 0s
  2026-05-20 12:02:06 /plugins/jquery/jquery.min.js ............................................................. ~ 0s
  2026-05-20 12:02:06 /plugins/jquery-ui/jquery-ui.min.js ....................................................... ~ 0s
  2026-05-20 12:02:06 /plugins/bootstrap/js/bootstrap.bundle.min.js ............................................. ~ 0s
  2026-05-20 12:02:06 /plugins/chart.js/Chart.min.js ............................................................ ~ 0s
  2026-05-20 12:02:06 /plugins/sparklines/sparkline.js .......................................................... ~ 0s
  2026-05-20 12:02:06 /plugins/jqvmap/jquery.vmap.min.js ........................................................ ~ 0s
  2026-05-20 12:02:06 /plugins/jqvmap/maps/jquery.vmap.usa.js ................................................... ~ 0s
  2026-05-20 12:02:06 /plugins/jquery-knob/jquery.knob.min.js ................................................... ~ 0s
  2026-05-20 12:02:06 /plugins/moment/moment.min.js ............................................................. ~ 0s
  2026-05-20 12:02:06 /plugins/daterangepicker/daterangepicker.js ............................................... ~ 0s
  2026-05-20 12:02:06 /plugins/tempusdominus-bootstrap-4/js/tempusdominus-bootstrap-4.min.js .................... ~ 0s
  2026-05-20 12:02:06 /plugins/overlayScrollbars/js/jquery.overlayScrollbars.min.js ............................. ~ 0s
  2026-05-20 12:02:06 /dist/js/adminlte.js ...................................................................... ~ 0s
  2026-05-20 12:02:06 /plugins/summernote/summernote-bs4.min.js ................................................. ~ 0s
  2026-05-20 12:02:06 /plugins/select2/js/select2.full.min.js ................................................... ~ 0s
  2026-05-20 12:02:06 /js/custom-script.js ...................................................................... ~ 0s
  2026-05-20 12:02:06 /plugins/dropzone/min/dropzone.min.js ..................................................... ~ 0s
  2026-05-20 12:02:06 /assets/js/datatable/jquery.dataTables.min.js ............................................. ~ 0s
  2026-05-20 12:02:06 /plugins/fontawesome-free/webfonts/fa-solid-900.woff2 ..................................... ~ 0s
  2026-05-20 12:02:06 /assets/js/datatable/dataTables.buttons.min.js ............................................ ~ 0s
  2026-05-20 12:02:06 /assets/js/datatable/datatable.js ......................................................... ~ 0s
  2026-05-20 12:02:06 ........................................................................................... ~ 0s
  2026-05-20 12:02:06 ........................................................................................... ~ 0s
  2026-05-20 12:02:08 ........................................................................................... ~ 1s
  2026-05-20 12:02:08 /plugins/fontawesome-free/css/all.min.css ................................................. ~ 1s
  2026-05-20 12:02:09 /plugins/tempusdominus-bootstrap-4/css/tempusdominus-bootstrap-4.min.css .................. ~ 0s
  2026-05-20 12:02:09 /plugins/icheck-bootstrap/icheck-bootstrap.min.css ........................................ ~ 0s
  2026-05-20 12:02:09 /plugins/jqvmap/jqvmap.min.css ............................................................ ~ 0s
  2026-05-20 12:02:09 /plugins/overlayScrollbars/css/OverlayScrollbars.min.css .................................. ~ 0s
  2026-05-20 12:02:09 /plugins/daterangepicker/daterangepicker.css .............................................. ~ 0s
  2026-05-20 12:02:09 /plugins/summernote/summernote-bs4.min.css ................................................ ~ 0s
  2026-05-20 12:02:09 /plugins/select2/css/select2.min.css ...................................................... ~ 0s
  2026-05-20 12:02:09 /plugins/select2-bootstrap4-theme/select2-bootstrap4.min.css .............................. ~ 0s
  2026-05-20 12:02:09 /plugins/dropzone/min/dropzone.min.css .................................................... ~ 0s
  2026-05-20 12:02:09 /assets/css/datatable/datatable.css ....................................................... ~ 0s
  2026-05-20 12:02:09 /dist/css/adminlte.min.css ................................................................ ~ 0s
  2026-05-20 12:02:09 /assets/css/datatable/buttons.dataTables.min.css .......................................... ~ 0s
  2026-05-20 12:02:09 /css/custom-style.css ..................................................................... ~ 0s
  2026-05-20 12:02:09 /assets/images/logo/1779245989_6a0d23a55cb0e_ChatGPT%20Image%20May%2020,%202026,%2009_59_29%20AM.png  ~ 0s
  2026-05-20 12:02:09 /plugins/jquery/jquery.min.js ............................................................. ~ 0s
  2026-05-20 12:02:09 /plugins/jquery-ui/jquery-ui.min.js ....................................................... ~ 0s
  2026-05-20 12:02:09 /plugins/bootstrap/js/bootstrap.bundle.min.js ............................................. ~ 0s
  2026-05-20 12:02:09 /plugins/chart.js/Chart.min.js ............................................................ ~ 0s
  2026-05-20 12:02:09 /plugins/sparklines/sparkline.js .......................................................... ~ 0s
  2026-05-20 12:02:09 /plugins/jqvmap/jquery.vmap.min.js ........................................................ ~ 0s
  2026-05-20 12:02:09 /plugins/jqvmap/maps/jquery.vmap.usa.js ................................................... ~ 0s
  2026-05-20 12:02:09 /plugins/jquery-knob/jquery.knob.min.js ................................................... ~ 0s
  2026-05-20 12:02:09 /plugins/moment/moment.min.js ............................................................. ~ 0s
  2026-05-20 12:02:09 /plugins/daterangepicker/daterangepicker.js ............................................... ~ 0s
  2026-05-20 12:02:09 /plugins/tempusdominus-bootstrap-4/js/tempusdominus-bootstrap-4.min.js .................... ~ 0s
  2026-05-20 12:02:09 /plugins/summernote/summernote-bs4.min.js ................................................. ~ 0s
  2026-05-20 12:02:09 /plugins/overlayScrollbars/js/jquery.overlayScrollbars.min.js ............................. ~ 0s
  2026-05-20 12:02:09 /dist/js/adminlte.js ...................................................................... ~ 0s
  2026-05-20 12:02:09 /plugins/select2/js/select2.full.min.js ................................................... ~ 0s
  2026-05-20 12:02:09 /plugins/fontawesome-free/webfonts/fa-solid-900.woff2 ..................................... ~ 0s
  2026-05-20 12:02:09 /js/custom-script.js ...................................................................... ~ 0s
  2026-05-20 12:02:09 /plugins/dropzone/min/dropzone.min.js ..................................................... ~ 0s
  2026-05-20 12:02:09 /assets/js/datatable/jquery.dataTables.min.js ............................................. ~ 0s
  2026-05-20 12:02:09 /assets/js/datatable/dataTables.buttons.min.js ............................................ ~ 0s
  2026-05-20 12:02:09 /assets/js/datatable/datatable.js ......................................................... ~ 0s
  2026-05-20 12:02:09 ........................................................................................... ~ 0s
  2026-05-20 12:02:09 ........................................................................................... ~ 0s
  2026-05-20 12:02:09 ........................................................................................... ~ 0s
  2026-05-20 12:02:09 ........................................................................................... ~ 0s
  2026-05-20 12:02:09 ........................................................................................... ~ 0s
  2026-05-20 12:02:09 ........................................................................................... ~ 1s
  2026-05-20 12:02:09 /assets/images/demo/products/mala-pork-belly.svg .......................................... ~ 1s
  2026-05-20 12:02:10 ........................................................................................... ~ 0s
  2026-05-20 12:02:09 /assets/images/demo/products/mala-beef.svg ................................................ ~ 1s
  2026-05-20 12:02:09 /assets/images/demo/products/mala-cheese-sausage.svg ...................................... ~ 1s
  2026-05-20 12:02:10 /assets/images/demo/products/drink-thai-milk-tea.svg ...................................... ~ 0s
  2026-05-20 12:02:10 /assets/images/demo/products/drink-water.svg .............................................. ~ 0s
  2026-05-20 12:02:10 /assets/images/demo/products/mala-fish-tofu.svg ........................................... ~ 0s
  2026-05-20 12:02:10 /assets/images/demo/products/set-mala-m.svg ............................................... ~ 0s
  2026-05-20 12:02:10 /assets/images/demo/products/set-mala-s.svg ............................................... ~ 0s
  2026-05-20 12:02:10 /assets/images/demo/products/drink-lemon-tea.svg .......................................... ~ 0s
  2026-05-20 12:02:10 /assets/images/demo/products/mala-enoki.svg ............................................... ~ 0s
  2026-05-20 12:02:10 /assets/images/demo/products/set-mala-l.svg ............................................... ~ 0s
  2026-05-20 12:02:10 /assets/images/demo/products/drink-longan.svg ............................................. ~ 0s
  2026-05-20 12:02:10 ........................................................................................... ~ 0s
  2026-05-20 12:02:16 ........................................................................................... ~ 0s
  2026-05-20 12:02:16 /plugins/fontawesome-free/css/all.min.css ................................................. ~ 0s
  2026-05-20 12:02:16 /plugins/tempusdominus-bootstrap-4/css/tempusdominus-bootstrap-4.min.css .................. ~ 0s
  2026-05-20 12:02:16 /plugins/icheck-bootstrap/icheck-bootstrap.min.css ........................................ ~ 0s
  2026-05-20 12:02:16 /plugins/jqvmap/jqvmap.min.css ............................................................ ~ 0s
  2026-05-20 12:02:16 /plugins/overlayScrollbars/css/OverlayScrollbars.min.css .................................. ~ 0s
  2026-05-20 12:02:16 /plugins/daterangepicker/daterangepicker.css .............................................. ~ 0s
  2026-05-20 12:02:16 /plugins/summernote/summernote-bs4.min.css ................................................ ~ 0s
  2026-05-20 12:02:16 /plugins/select2/css/select2.min.css ...................................................... ~ 0s
  2026-05-20 12:02:16 /plugins/select2-bootstrap4-theme/select2-bootstrap4.min.css .............................. ~ 0s
  2026-05-20 12:02:16 /plugins/dropzone/min/dropzone.min.css .................................................... ~ 0s
  2026-05-20 12:02:16 /assets/css/datatable/datatable.css ....................................................... ~ 0s
  2026-05-20 12:02:16 /assets/css/datatable/buttons.dataTables.min.css .......................................... ~ 0s
  2026-05-20 12:02:16 /css/custom-style.css ..................................................................... ~ 0s
  2026-05-20 12:02:16 /dist/css/adminlte.min.css ................................................................ ~ 0s
  2026-05-20 12:02:16 /assets/images/logo/1779245989_6a0d23a55cb0e_ChatGPT%20Image%20May%2020,%202026,%2009_59_29%20AM.png  ~ 0s
  2026-05-20 12:02:16 /plugins/jquery/jquery.min.js ............................................................. ~ 0s
  2026-05-20 12:02:16 /plugins/jquery-ui/jquery-ui.min.js ....................................................... ~ 0s
  2026-05-20 12:02:16 /plugins/bootstrap/js/bootstrap.bundle.min.js ............................................. ~ 0s
  2026-05-20 12:02:16 /plugins/chart.js/Chart.min.js ............................................................ ~ 0s
  2026-05-20 12:02:16 /plugins/sparklines/sparkline.js .......................................................... ~ 0s
  2026-05-20 12:02:16 /plugins/jqvmap/jquery.vmap.min.js ........................................................ ~ 0s
  2026-05-20 12:02:16 /plugins/jqvmap/maps/jquery.vmap.usa.js ................................................... ~ 0s
  2026-05-20 12:02:16 /plugins/jquery-knob/jquery.knob.min.js ................................................... ~ 0s
  2026-05-20 12:02:16 /plugins/moment/moment.min.js ............................................................. ~ 0s
  2026-05-20 12:02:16 /plugins/daterangepicker/daterangepicker.js ............................................... ~ 0s
  2026-05-20 12:02:16 /plugins/tempusdominus-bootstrap-4/js/tempusdominus-bootstrap-4.min.js .................... ~ 0s
  2026-05-20 12:02:16 /plugins/summernote/summernote-bs4.min.js ................................................. ~ 0s
  2026-05-20 12:02:16 /plugins/fontawesome-free/webfonts/fa-solid-900.woff2 ..................................... ~ 0s
  2026-05-20 12:02:16 /plugins/overlayScrollbars/js/jquery.overlayScrollbars.min.js ............................. ~ 0s
  2026-05-20 12:02:16 /dist/js/adminlte.js ...................................................................... ~ 0s
  2026-05-20 12:02:17 /plugins/select2/js/select2.full.min.js ................................................... ~ 0s
  2026-05-20 12:02:17 /js/custom-script.js ...................................................................... ~ 0s
  2026-05-20 12:02:17 /plugins/dropzone/min/dropzone.min.js ..................................................... ~ 0s
  2026-05-20 12:02:17 /assets/js/datatable/jquery.dataTables.min.js ............................................. ~ 0s
  2026-05-20 12:02:17 /assets/js/datatable/dataTables.buttons.min.js ............................................ ~ 0s
  2026-05-20 12:02:17 /assets/js/datatable/datatable.js ......................................................... ~ 0s
  2026-05-20 12:02:17 ........................................................................................... ~ 0s
  2026-05-20 12:02:17 ........................................................................................... ~ 0s
  2026-05-20 12:02:17 /dist/img/default-150x150.png ............................................................. ~ 0s
  2026-05-20 12:02:17 /plugins/fontawesome-free/webfonts/fa-regular-400.woff2 ................................... ~ 0s
  2026-05-20 12:02:23 ........................................................................................... ~ 0s
  2026-05-20 12:02:23 /plugins/fontawesome-free/css/all.min.css ................................................. ~ 0s
  2026-05-20 12:02:23 /plugins/tempusdominus-bootstrap-4/css/tempusdominus-bootstrap-4.min.css .................. ~ 0s
  2026-05-20 12:02:23 /plugins/icheck-bootstrap/icheck-bootstrap.min.css ........................................ ~ 0s
  2026-05-20 12:02:23 /plugins/jqvmap/jqvmap.min.css ............................................................ ~ 0s
  2026-05-20 12:02:23 /plugins/overlayScrollbars/css/OverlayScrollbars.min.css .................................. ~ 0s
  2026-05-20 12:02:23 /plugins/daterangepicker/daterangepicker.css .............................................. ~ 0s
  2026-05-20 12:02:23 /plugins/summernote/summernote-bs4.min.css ................................................ ~ 0s
  2026-05-20 12:02:23 /plugins/select2/css/select2.min.css ...................................................... ~ 0s
  2026-05-20 12:02:23 /plugins/select2-bootstrap4-theme/select2-bootstrap4.min.css .............................. ~ 0s
  2026-05-20 12:02:23 /plugins/dropzone/min/dropzone.min.css .................................................... ~ 0s
  2026-05-20 12:02:23 /assets/css/datatable/datatable.css ....................................................... ~ 0s
  2026-05-20 12:02:23 /assets/css/datatable/buttons.dataTables.min.css .......................................... ~ 0s
  2026-05-20 12:02:23 /dist/css/adminlte.min.css ................................................................ ~ 0s
  2026-05-20 12:02:23 /css/custom-style.css ..................................................................... ~ 0s
  2026-05-20 12:02:23 /assets/images/logo/1779245989_6a0d23a55cb0e_ChatGPT%20Image%20May%2020,%202026,%2009_59_29%20AM.png  ~ 0s
  2026-05-20 12:02:23 /plugins/jquery/jquery.min.js ............................................................. ~ 0s
  2026-05-20 12:02:23 /plugins/jquery-ui/jquery-ui.min.js ....................................................... ~ 0s
  2026-05-20 12:02:23 /plugins/bootstrap/js/bootstrap.bundle.min.js ............................................. ~ 0s
  2026-05-20 12:02:23 /plugins/chart.js/Chart.min.js ............................................................ ~ 0s
  2026-05-20 12:02:23 /plugins/sparklines/sparkline.js .......................................................... ~ 0s
  2026-05-20 12:02:23 /plugins/jqvmap/jquery.vmap.min.js ........................................................ ~ 0s
  2026-05-20 12:02:23 /plugins/jqvmap/maps/jquery.vmap.usa.js ................................................... ~ 0s
  2026-05-20 12:02:23 /plugins/jquery-knob/jquery.knob.min.js ................................................... ~ 0s
  2026-05-20 12:02:23 /plugins/moment/moment.min.js ............................................................. ~ 0s
  2026-05-20 12:02:23 /plugins/daterangepicker/daterangepicker.js ............................................... ~ 0s
  2026-05-20 12:02:23 /plugins/tempusdominus-bootstrap-4/js/tempusdominus-bootstrap-4.min.js .................... ~ 0s
  2026-05-20 12:02:23 /plugins/overlayScrollbars/js/jquery.overlayScrollbars.min.js ............................. ~ 0s
  2026-05-20 12:02:23 /dist/js/adminlte.js ...................................................................... ~ 0s
  2026-05-20 12:02:23 /plugins/summernote/summernote-bs4.min.js ................................................. ~ 0s
  2026-05-20 12:02:23 /plugins/select2/js/select2.full.min.js ................................................... ~ 0s
  2026-05-20 12:02:23 /plugins/fontawesome-free/webfonts/fa-solid-900.woff2 ..................................... ~ 0s
  2026-05-20 12:02:23 /js/custom-script.js ...................................................................... ~ 0s
  2026-05-20 12:02:23 /plugins/dropzone/min/dropzone.min.js ..................................................... ~ 0s
  2026-05-20 12:02:23 /assets/js/datatable/jquery.dataTables.min.js ............................................. ~ 0s
  2026-05-20 12:02:23 /assets/js/datatable/dataTables.buttons.min.js ............................................ ~ 0s
  2026-05-20 12:02:23 /assets/js/datatable/datatable.js ......................................................... ~ 0s
  2026-05-20 12:02:23 ........................................................................................... ~ 0s
  2026-05-20 12:02:23 ........................................................................................... ~ 0s
  2026-05-20 12:02:23 /assets/images/demo/products/mala-pork-belly.svg .......................................... ~ 0s
  2026-05-20 12:02:23 /assets/images/demo/products/mala-beef.svg ................................................ ~ 0s
  2026-05-20 12:02:23 /assets/images/demo/products/mala-cheese-sausage.svg ...................................... ~ 0s
  2026-05-20 12:02:23 /assets/images/demo/products/mala-enoki.svg ............................................... ~ 0s
  2026-05-20 12:02:23 /assets/images/demo/products/mala-fish-tofu.svg ........................................... ~ 0s
  2026-05-20 12:02:23 /assets/images/demo/products/set-mala-s.svg ............................................... ~ 0s
  2026-05-20 12:02:23 /assets/images/demo/products/set-mala-m.svg ............................................... ~ 0s
  2026-05-20 12:02:23 /assets/images/demo/products/set-mala-l.svg ............................................... ~ 0s
  2026-05-20 12:02:23 /assets/images/demo/products/drink-thai-milk-tea.svg ...................................... ~ 0s
  2026-05-20 12:02:23 /assets/images/demo/products/drink-lemon-tea.svg .......................................... ~ 0s
  2026-05-20 12:02:39 ........................................................................................... ~ 0s
  2026-05-20 12:02:39 /plugins/fontawesome-free/css/all.min.css ................................................. ~ 0s
  2026-05-20 12:02:39 /plugins/tempusdominus-bootstrap-4/css/tempusdominus-bootstrap-4.min.css .................. ~ 0s
  2026-05-20 12:02:39 /plugins/icheck-bootstrap/icheck-bootstrap.min.css ........................................ ~ 0s
  2026-05-20 12:02:39 /plugins/jqvmap/jqvmap.min.css ............................................................ ~ 0s
  2026-05-20 12:02:39 /plugins/overlayScrollbars/css/OverlayScrollbars.min.css .................................. ~ 0s
  2026-05-20 12:02:39 /plugins/daterangepicker/daterangepicker.css .............................................. ~ 0s
  2026-05-20 12:02:39 /plugins/summernote/summernote-bs4.min.css ................................................ ~ 0s
  2026-05-20 12:02:39 /plugins/select2/css/select2.min.css ...................................................... ~ 0s
  2026-05-20 12:02:39 /plugins/select2-bootstrap4-theme/select2-bootstrap4.min.css .............................. ~ 0s
  2026-05-20 12:02:39 /plugins/dropzone/min/dropzone.min.css .................................................... ~ 0s
  2026-05-20 12:02:39 /assets/css/datatable/datatable.css ....................................................... ~ 0s
  2026-05-20 12:02:39 /dist/css/adminlte.min.css ................................................................ ~ 0s
  2026-05-20 12:02:39 /assets/css/datatable/buttons.dataTables.min.css .......................................... ~ 0s
  2026-05-20 12:02:39 /css/custom-style.css ..................................................................... ~ 0s
  2026-05-20 12:02:39 /assets/images/logo/1779245989_6a0d23a55cb0e_ChatGPT%20Image%20May%2020,%202026,%2009_59_29%20AM.png  ~ 0s
  2026-05-20 12:02:39 /assets/images/demo/no-image.svg .......................................................... ~ 0s
  2026-05-20 12:02:39 /plugins/jquery/jquery.min.js ............................................................. ~ 0s
  2026-05-20 12:02:39 /plugins/jquery-ui/jquery-ui.min.js ....................................................... ~ 0s
  2026-05-20 12:02:39 /plugins/bootstrap/js/bootstrap.bundle.min.js ............................................. ~ 0s
  2026-05-20 12:02:39 /plugins/chart.js/Chart.min.js ............................................................ ~ 0s
  2026-05-20 12:02:39 /plugins/sparklines/sparkline.js .......................................................... ~ 0s
  2026-05-20 12:02:39 /plugins/jqvmap/jquery.vmap.min.js ........................................................ ~ 0s
  2026-05-20 12:02:39 /plugins/jqvmap/maps/jquery.vmap.usa.js ................................................... ~ 0s
  2026-05-20 12:02:39 /plugins/jquery-knob/jquery.knob.min.js ................................................... ~ 0s
  2026-05-20 12:02:39 /plugins/moment/moment.min.js ............................................................. ~ 0s
  2026-05-20 12:02:39 /plugins/daterangepicker/daterangepicker.js ............................................... ~ 0s
  2026-05-20 12:02:39 /plugins/tempusdominus-bootstrap-4/js/tempusdominus-bootstrap-4.min.js .................... ~ 0s
  2026-05-20 12:02:39 /plugins/overlayScrollbars/js/jquery.overlayScrollbars.min.js ............................. ~ 0s
  2026-05-20 12:02:39 /plugins/summernote/summernote-bs4.min.js ................................................. ~ 0s
  2026-05-20 12:02:39 /dist/js/adminlte.js ...................................................................... ~ 0s
  2026-05-20 12:02:39 /plugins/select2/js/select2.full.min.js ................................................... ~ 0s
  2026-05-20 12:02:39 /js/custom-script.js ...................................................................... ~ 0s
  2026-05-20 12:02:39 /plugins/dropzone/min/dropzone.min.js ..................................................... ~ 0s
  2026-05-20 12:02:39 /plugins/fontawesome-free/webfonts/fa-solid-900.woff2 ..................................... ~ 0s
  2026-05-20 12:02:39 /assets/js/datatable/jquery.dataTables.min.js ............................................. ~ 0s
  2026-05-20 12:02:39 /assets/js/datatable/datatable.js ......................................................... ~ 0s
  2026-05-20 12:02:39 /assets/js/datatable/dataTables.buttons.min.js ............................................ ~ 0s
  2026-05-20 12:02:39 /js/image-field.js ........................................................................ ~ 0s
  2026-05-20 12:02:40 /assets/images/logo/1779253089_6a0d3f616fa5b_ChatGPT%20Image%20May%2020,%202026,%2011_58_01%20AM.png  ~ 0s
  2026-05-20 12:02:44 ........................................................................................... ~ 0s
  2026-05-20 12:02:44 /plugins/fontawesome-free/css/all.min.css ................................................. ~ 0s
  2026-05-20 12:02:44 /plugins/tempusdominus-bootstrap-4/css/tempusdominus-bootstrap-4.min.css .................. ~ 0s
  2026-05-20 12:02:44 /plugins/icheck-bootstrap/icheck-bootstrap.min.css ........................................ ~ 0s
  2026-05-20 12:02:44 /plugins/jqvmap/jqvmap.min.css ............................................................ ~ 0s
  2026-05-20 12:02:44 /plugins/overlayScrollbars/css/OverlayScrollbars.min.css .................................. ~ 0s
  2026-05-20 12:02:44 /plugins/daterangepicker/daterangepicker.css .............................................. ~ 0s
  2026-05-20 12:02:44 /plugins/summernote/summernote-bs4.min.css ................................................ ~ 0s
  2026-05-20 12:02:44 /plugins/select2/css/select2.min.css ...................................................... ~ 0s
  2026-05-20 12:02:44 /plugins/select2-bootstrap4-theme/select2-bootstrap4.min.css .............................. ~ 0s
  2026-05-20 12:02:44 /plugins/dropzone/min/dropzone.min.css .................................................... ~ 0s
  2026-05-20 12:02:44 /assets/css/datatable/datatable.css ....................................................... ~ 0s
  2026-05-20 12:02:44 /dist/css/adminlte.min.css ................................................................ ~ 0s
  2026-05-20 12:02:44 /assets/css/datatable/buttons.dataTables.min.css .......................................... ~ 0s
  2026-05-20 12:02:44 /css/custom-style.css ..................................................................... ~ 0s
  2026-05-20 12:02:44 /assets/images/logo/1779245989_6a0d23a55cb0e_ChatGPT%20Image%20May%2020,%202026,%2009_59_29%20AM.png  ~ 0s
  2026-05-20 12:02:44 /plugins/jquery/jquery.min.js ............................................................. ~ 0s
  2026-05-20 12:02:44 /plugins/jquery-ui/jquery-ui.min.js ....................................................... ~ 0s
  2026-05-20 12:02:44 /plugins/bootstrap/js/bootstrap.bundle.min.js ............................................. ~ 0s
  2026-05-20 12:02:44 /plugins/chart.js/Chart.min.js ............................................................ ~ 0s
  2026-05-20 12:02:44 /plugins/sparklines/sparkline.js .......................................................... ~ 0s
  2026-05-20 12:02:44 /plugins/jqvmap/jquery.vmap.min.js ........................................................ ~ 0s
  2026-05-20 12:02:44 /plugins/jqvmap/maps/jquery.vmap.usa.js ................................................... ~ 0s
  2026-05-20 12:02:44 /plugins/jquery-knob/jquery.knob.min.js ................................................... ~ 0s
  2026-05-20 12:02:44 /plugins/moment/moment.min.js ............................................................. ~ 0s
  2026-05-20 12:02:44 /plugins/daterangepicker/daterangepicker.js ............................................... ~ 0s
  2026-05-20 12:02:44 /plugins/tempusdominus-bootstrap-4/js/tempusdominus-bootstrap-4.min.js .................... ~ 0s
  2026-05-20 12:02:44 /plugins/summernote/summernote-bs4.min.js ................................................. ~ 0s
  2026-05-20 12:02:44 /plugins/overlayScrollbars/js/jquery.overlayScrollbars.min.js ............................. ~ 0s
  2026-05-20 12:02:44 /dist/js/adminlte.js ...................................................................... ~ 0s
  2026-05-20 12:02:44 /plugins/select2/js/select2.full.min.js ................................................... ~ 0s
  2026-05-20 12:02:44 /plugins/fontawesome-free/webfonts/fa-solid-900.woff2 ..................................... ~ 0s
  2026-05-20 12:02:44 /js/custom-script.js ...................................................................... ~ 0s
  2026-05-20 12:02:44 /plugins/dropzone/min/dropzone.min.js ..................................................... ~ 0s
  2026-05-20 12:02:44 /assets/js/datatable/jquery.dataTables.min.js ............................................. ~ 0s
  2026-05-20 12:02:44 /assets/js/datatable/dataTables.buttons.min.js ............................................ ~ 0s
  2026-05-20 12:02:44 /assets/js/datatable/datatable.js ......................................................... ~ 0s
  2026-05-20 12:02:44 ........................................................................................... ~ 1s
  2026-05-20 12:02:45 ........................................................................................... ~ 0s
  2026-05-20 12:02:45 /assets/images/demo/categories/blended-drinks.svg ......................................... ~ 0s
  2026-05-20 12:02:45 /assets/images/demo/categories/cold-drinks.svg ............................................ ~ 0s
  2026-05-20 12:02:45 /assets/images/demo/categories/mala-sets.svg .............................................. ~ 0s
  2026-05-20 12:02:45 /assets/images/demo/categories/mala-skewers.svg ........................................... ~ 0s
  2026-05-20 12:02:45 /assets/images/demo/categories/sauces.svg ................................................. ~ 0s
  2026-05-20 12:02:45 /assets/images/demo/categories/snacks.svg ................................................. ~ 0s
  2026-05-20 12:02:45 /assets/images/demo/categories/toppings.svg ............................................... ~ 0s
  2026-05-20 12:02:51 ........................................................................................... ~ 1s
  2026-05-20 12:02:51 /plugins/fontawesome-free/css/all.min.css ................................................. ~ 1s
  2026-05-20 12:02:52 /plugins/tempusdominus-bootstrap-4/css/tempusdominus-bootstrap-4.min.css .................. ~ 0s
  2026-05-20 12:02:52 /plugins/icheck-bootstrap/icheck-bootstrap.min.css ........................................ ~ 0s
  2026-05-20 12:02:52 /plugins/jqvmap/jqvmap.min.css ............................................................ ~ 0s
  2026-05-20 12:02:52 /plugins/overlayScrollbars/css/OverlayScrollbars.min.css .................................. ~ 0s
  2026-05-20 12:02:52 /plugins/daterangepicker/daterangepicker.css .............................................. ~ 0s
  2026-05-20 12:02:52 /plugins/summernote/summernote-bs4.min.css ................................................ ~ 0s
  2026-05-20 12:02:52 /plugins/select2/css/select2.min.css ...................................................... ~ 0s
  2026-05-20 12:02:52 /plugins/select2-bootstrap4-theme/select2-bootstrap4.min.css .............................. ~ 0s
  2026-05-20 12:02:52 /plugins/dropzone/min/dropzone.min.css .................................................... ~ 0s
  2026-05-20 12:02:52 /dist/css/adminlte.min.css ................................................................ ~ 0s
  2026-05-20 12:02:52 /assets/css/datatable/datatable.css ....................................................... ~ 0s
  2026-05-20 12:02:52 /assets/css/datatable/buttons.dataTables.min.css .......................................... ~ 0s
  2026-05-20 12:02:52 /css/custom-style.css ..................................................................... ~ 0s
  2026-05-20 12:02:52 /assets/images/logo/1779245989_6a0d23a55cb0e_ChatGPT%20Image%20May%2020,%202026,%2009_59_29%20AM.png  ~ 0s
  2026-05-20 12:02:52 /plugins/jquery/jquery.min.js ............................................................. ~ 0s
  2026-05-20 12:02:52 /plugins/jquery-ui/jquery-ui.min.js ....................................................... ~ 0s
  2026-05-20 12:02:52 /plugins/bootstrap/js/bootstrap.bundle.min.js ............................................. ~ 0s
  2026-05-20 12:02:52 /plugins/chart.js/Chart.min.js ............................................................ ~ 0s
  2026-05-20 12:02:52 /plugins/sparklines/sparkline.js .......................................................... ~ 0s
  2026-05-20 12:02:52 /plugins/jqvmap/jquery.vmap.min.js ........................................................ ~ 0s
  2026-05-20 12:02:52 /plugins/jqvmap/maps/jquery.vmap.usa.js ................................................... ~ 0s
  2026-05-20 12:02:52 /plugins/jquery-knob/jquery.knob.min.js ................................................... ~ 0s
  2026-05-20 12:02:52 /plugins/moment/moment.min.js ............................................................. ~ 0s
  2026-05-20 12:02:52 /plugins/daterangepicker/daterangepicker.js ............................................... ~ 0s
  2026-05-20 12:02:52 /plugins/tempusdominus-bootstrap-4/js/tempusdominus-bootstrap-4.min.js .................... ~ 0s
  2026-05-20 12:02:52 /plugins/summernote/summernote-bs4.min.js ................................................. ~ 0s
  2026-05-20 12:02:52 /plugins/overlayScrollbars/js/jquery.overlayScrollbars.min.js ............................. ~ 0s
  2026-05-20 12:02:52 /dist/js/adminlte.js ...................................................................... ~ 0s
  2026-05-20 12:02:52 /plugins/select2/js/select2.full.min.js ................................................... ~ 0s
  2026-05-20 12:02:52 /plugins/fontawesome-free/webfonts/fa-solid-900.woff2 ..................................... ~ 0s
  2026-05-20 12:02:52 /js/custom-script.js ...................................................................... ~ 0s
  2026-05-20 12:02:52 /plugins/dropzone/min/dropzone.min.js ..................................................... ~ 0s
  2026-05-20 12:02:52 /assets/js/datatable/jquery.dataTables.min.js ............................................. ~ 0s
  2026-05-20 12:02:52 /assets/js/datatable/dataTables.buttons.min.js ............................................ ~ 0s
  2026-05-20 12:02:52 /assets/js/datatable/datatable.js ......................................................... ~ 0s
  2026-05-20 12:02:56 ........................................................................................... ~ 0s
  2026-05-20 12:02:56 /plugins/fontawesome-free/css/all.min.css ................................................. ~ 0s
  2026-05-20 12:02:56 /plugins/tempusdominus-bootstrap-4/css/tempusdominus-bootstrap-4.min.css .................. ~ 0s
  2026-05-20 12:02:56 /plugins/icheck-bootstrap/icheck-bootstrap.min.css ........................................ ~ 0s
  2026-05-20 12:02:56 /plugins/jqvmap/jqvmap.min.css ............................................................ ~ 0s
  2026-05-20 12:02:56 /plugins/overlayScrollbars/css/OverlayScrollbars.min.css .................................. ~ 0s
  2026-05-20 12:02:56 /plugins/daterangepicker/daterangepicker.css .............................................. ~ 0s
  2026-05-20 12:02:56 /plugins/summernote/summernote-bs4.min.css ................................................ ~ 0s
  2026-05-20 12:02:56 /plugins/select2/css/select2.min.css ...................................................... ~ 0s
  2026-05-20 12:02:56 /plugins/select2-bootstrap4-theme/select2-bootstrap4.min.css .............................. ~ 0s
  2026-05-20 12:02:56 /dist/css/adminlte.min.css ................................................................ ~ 0s
  2026-05-20 12:02:56 /plugins/dropzone/min/dropzone.min.css .................................................... ~ 0s
  2026-05-20 12:02:56 /assets/css/datatable/datatable.css ....................................................... ~ 0s
  2026-05-20 12:02:56 /assets/css/datatable/buttons.dataTables.min.css .......................................... ~ 0s
  2026-05-20 12:02:56 /css/custom-style.css ..................................................................... ~ 0s
  2026-05-20 12:02:56 /assets/images/logo/1779245989_6a0d23a55cb0e_ChatGPT%20Image%20May%2020,%202026,%2009_59_29%20AM.png  ~ 0s
  2026-05-20 12:02:56 /plugins/jquery/jquery.min.js ............................................................. ~ 0s
  2026-05-20 12:02:56 /plugins/jquery-ui/jquery-ui.min.js ....................................................... ~ 0s
  2026-05-20 12:02:56 /plugins/bootstrap/js/bootstrap.bundle.min.js ............................................. ~ 0s
  2026-05-20 12:02:56 /plugins/chart.js/Chart.min.js ............................................................ ~ 0s
  2026-05-20 12:02:56 /plugins/sparklines/sparkline.js .......................................................... ~ 0s
  2026-05-20 12:02:56 /plugins/jqvmap/jquery.vmap.min.js ........................................................ ~ 0s
  2026-05-20 12:02:56 /plugins/jqvmap/maps/jquery.vmap.usa.js ................................................... ~ 0s
  2026-05-20 12:02:56 /plugins/jquery-knob/jquery.knob.min.js ................................................... ~ 0s
  2026-05-20 12:02:56 /plugins/moment/moment.min.js ............................................................. ~ 0s
  2026-05-20 12:02:56 /plugins/daterangepicker/daterangepicker.js ............................................... ~ 0s
  2026-05-20 12:02:56 /plugins/tempusdominus-bootstrap-4/js/tempusdominus-bootstrap-4.min.js .................... ~ 0s
  2026-05-20 12:02:56 /plugins/summernote/summernote-bs4.min.js ................................................. ~ 0s
  2026-05-20 12:02:56 /plugins/overlayScrollbars/js/jquery.overlayScrollbars.min.js ............................. ~ 0s
  2026-05-20 12:02:56 /dist/js/adminlte.js ...................................................................... ~ 0s
  2026-05-20 12:02:56 /plugins/fontawesome-free/webfonts/fa-solid-900.woff2 ..................................... ~ 0s
  2026-05-20 12:02:56 /plugins/fontawesome-free/webfonts/fa-regular-400.woff2 ................................... ~ 0s
  2026-05-20 12:02:57 /plugins/select2/js/select2.full.min.js ................................................... ~ 0s
  2026-05-20 12:02:57 /js/custom-script.js ...................................................................... ~ 0s
  2026-05-20 12:02:57 /plugins/dropzone/min/dropzone.min.js ..................................................... ~ 0s
  2026-05-20 12:02:57 /assets/js/datatable/jquery.dataTables.min.js ............................................. ~ 0s
  2026-05-20 12:02:57 /assets/js/datatable/dataTables.buttons.min.js ............................................ ~ 0s
  2026-05-20 12:02:57 /assets/js/datatable/datatable.js ......................................................... ~ 0s
  2026-05-20 12:03:10 ........................................................................................... ~ 0s
  2026-05-20 12:03:10 /plugins/fontawesome-free/css/all.min.css ................................................. ~ 0s
  2026-05-20 12:03:10 /plugins/tempusdominus-bootstrap-4/css/tempusdominus-bootstrap-4.min.css .................. ~ 0s
  2026-05-20 12:03:10 /plugins/icheck-bootstrap/icheck-bootstrap.min.css ........................................ ~ 0s
  2026-05-20 12:03:10 /plugins/jqvmap/jqvmap.min.css ............................................................ ~ 0s
  2026-05-20 12:03:10 /plugins/overlayScrollbars/css/OverlayScrollbars.min.css .................................. ~ 0s
  2026-05-20 12:03:10 /plugins/daterangepicker/daterangepicker.css .............................................. ~ 0s
  2026-05-20 12:03:10 /plugins/summernote/summernote-bs4.min.css ................................................ ~ 0s
  2026-05-20 12:03:10 /plugins/select2/css/select2.min.css ...................................................... ~ 0s
  2026-05-20 12:03:10 /plugins/select2-bootstrap4-theme/select2-bootstrap4.min.css .............................. ~ 0s
  2026-05-20 12:03:10 /plugins/dropzone/min/dropzone.min.css .................................................... ~ 0s
  2026-05-20 12:03:10 /assets/css/datatable/datatable.css ....................................................... ~ 0s
  2026-05-20 12:03:10 /dist/css/adminlte.min.css ................................................................ ~ 0s
  2026-05-20 12:03:10 /assets/css/datatable/buttons.dataTables.min.css .......................................... ~ 0s
  2026-05-20 12:03:10 /css/custom-style.css ..................................................................... ~ 0s
  2026-05-20 12:03:10 /assets/images/logo/1779245989_6a0d23a55cb0e_ChatGPT%20Image%20May%2020,%202026,%2009_59_29%20AM.png  ~ 0s
  2026-05-20 12:03:10 /plugins/jquery/jquery.min.js ............................................................. ~ 0s
  2026-05-20 12:03:10 /plugins/jquery-ui/jquery-ui.min.js ....................................................... ~ 0s
  2026-05-20 12:03:10 /plugins/bootstrap/js/bootstrap.bundle.min.js ............................................. ~ 0s
  2026-05-20 12:03:10 /plugins/chart.js/Chart.min.js ............................................................ ~ 0s
  2026-05-20 12:03:10 /plugins/sparklines/sparkline.js .......................................................... ~ 0s
  2026-05-20 12:03:10 /plugins/jqvmap/jquery.vmap.min.js ........................................................ ~ 0s
  2026-05-20 12:03:10 /plugins/jqvmap/maps/jquery.vmap.usa.js ................................................... ~ 0s
  2026-05-20 12:03:10 /plugins/jquery-knob/jquery.knob.min.js ................................................... ~ 0s
  2026-05-20 12:03:10 /plugins/moment/moment.min.js ............................................................. ~ 0s
  2026-05-20 12:03:10 /plugins/daterangepicker/daterangepicker.js ............................................... ~ 0s
  2026-05-20 12:03:10 /plugins/tempusdominus-bootstrap-4/js/tempusdominus-bootstrap-4.min.js .................... ~ 0s
  2026-05-20 12:03:10 /plugins/summernote/summernote-bs4.min.js ................................................. ~ 0s
  2026-05-20 12:03:10 /plugins/overlayScrollbars/js/jquery.overlayScrollbars.min.js ............................. ~ 0s
  2026-05-20 12:03:10 /dist/js/adminlte.js ...................................................................... ~ 0s
  2026-05-20 12:03:10 /plugins/select2/js/select2.full.min.js ................................................... ~ 0s
  2026-05-20 12:03:10 /js/custom-script.js ...................................................................... ~ 0s
  2026-05-20 12:03:10 /plugins/fontawesome-free/webfonts/fa-solid-900.woff2 ..................................... ~ 0s
  2026-05-20 12:03:10 /plugins/fontawesome-free/webfonts/fa-regular-400.woff2 ................................... ~ 0s
  2026-05-20 12:03:10 /plugins/dropzone/min/dropzone.min.js ..................................................... ~ 0s
  2026-05-20 12:03:10 /assets/js/datatable/jquery.dataTables.min.js ............................................. ~ 0s
  2026-05-20 12:03:10 /assets/js/datatable/dataTables.buttons.min.js ............................................ ~ 0s
  2026-05-20 12:03:10 /assets/js/datatable/datatable.js ......................................................... ~ 0s
  2026-05-20 12:03:11 ........................................................................................... ~ 0s
  2026-05-20 12:03:11 /plugins/fontawesome-free/css/all.min.css ................................................. ~ 0s
  2026-05-20 12:03:11 /plugins/tempusdominus-bootstrap-4/css/tempusdominus-bootstrap-4.min.css .................. ~ 0s
  2026-05-20 12:03:11 /plugins/icheck-bootstrap/icheck-bootstrap.min.css ........................................ ~ 0s
  2026-05-20 12:03:11 /plugins/jqvmap/jqvmap.min.css ............................................................ ~ 0s
  2026-05-20 12:03:11 /plugins/overlayScrollbars/css/OverlayScrollbars.min.css .................................. ~ 0s
  2026-05-20 12:03:11 /plugins/daterangepicker/daterangepicker.css .............................................. ~ 0s
  2026-05-20 12:03:11 /plugins/summernote/summernote-bs4.min.css ................................................ ~ 0s
  2026-05-20 12:03:11 /plugins/select2/css/select2.min.css ...................................................... ~ 0s
  2026-05-20 12:03:11 /plugins/select2-bootstrap4-theme/select2-bootstrap4.min.css .............................. ~ 0s
  2026-05-20 12:03:11 /dist/css/adminlte.min.css ................................................................ ~ 0s
  2026-05-20 12:03:11 /plugins/dropzone/min/dropzone.min.css .................................................... ~ 0s
  2026-05-20 12:03:11 /assets/css/datatable/datatable.css ....................................................... ~ 0s
  2026-05-20 12:03:11 /assets/css/datatable/buttons.dataTables.min.css .......................................... ~ 0s
  2026-05-20 12:03:11 /css/custom-style.css ..................................................................... ~ 0s
  2026-05-20 12:03:11 /plugins/jquery/jquery.min.js ............................................................. ~ 0s
  2026-05-20 12:03:11 /assets/images/logo/1779245989_6a0d23a55cb0e_ChatGPT%20Image%20May%2020,%202026,%2009_59_29%20AM.png  ~ 0s
  2026-05-20 12:03:11 /plugins/jquery-ui/jquery-ui.min.js ....................................................... ~ 0s
  2026-05-20 12:03:11 /plugins/bootstrap/js/bootstrap.bundle.min.js ............................................. ~ 0s
  2026-05-20 12:03:11 /plugins/chart.js/Chart.min.js ............................................................ ~ 0s
  2026-05-20 12:03:11 /plugins/sparklines/sparkline.js .......................................................... ~ 0s
  2026-05-20 12:03:11 /plugins/jqvmap/jquery.vmap.min.js ........................................................ ~ 0s
  2026-05-20 12:03:11 /plugins/jqvmap/maps/jquery.vmap.usa.js ................................................... ~ 0s
  2026-05-20 12:03:11 /plugins/jquery-knob/jquery.knob.min.js ................................................... ~ 0s
  2026-05-20 12:03:11 /plugins/moment/moment.min.js ............................................................. ~ 0s
  2026-05-20 12:03:11 /plugins/daterangepicker/daterangepicker.js ............................................... ~ 0s
  2026-05-20 12:03:11 /plugins/tempusdominus-bootstrap-4/js/tempusdominus-bootstrap-4.min.js .................... ~ 0s
  2026-05-20 12:03:11 /plugins/summernote/summernote-bs4.min.js ................................................. ~ 0s
  2026-05-20 12:03:11 /plugins/overlayScrollbars/js/jquery.overlayScrollbars.min.js ............................. ~ 0s
  2026-05-20 12:03:11 /dist/js/adminlte.js ...................................................................... ~ 0s
  2026-05-20 12:03:11 /plugins/select2/js/select2.full.min.js ................................................... ~ 0s
  2026-05-20 12:03:11 /plugins/fontawesome-free/webfonts/fa-solid-900.woff2 ..................................... ~ 0s
  2026-05-20 12:03:11 /js/custom-script.js ...................................................................... ~ 0s
  2026-05-20 12:03:11 /plugins/dropzone/min/dropzone.min.js ..................................................... ~ 0s
  2026-05-20 12:03:11 /assets/js/datatable/jquery.dataTables.min.js ............................................. ~ 0s
  2026-05-20 12:03:11 /assets/js/datatable/dataTables.buttons.min.js ............................................ ~ 0s
  2026-05-20 12:03:11 /assets/js/datatable/datatable.js ......................................................... ~ 0s
  2026-05-20 12:03:12 ........................................................................................... ~ 0s
  2026-05-20 12:03:12 ........................................................................................... ~ 0s
  2026-05-20 12:03:16 ........................................................................................... ~ 0s
  2026-05-20 12:03:16 /plugins/fontawesome-free/css/all.min.css ................................................. ~ 0s
  2026-05-20 12:03:16 /plugins/tempusdominus-bootstrap-4/css/tempusdominus-bootstrap-4.min.css .................. ~ 0s
  2026-05-20 12:03:16 /plugins/icheck-bootstrap/icheck-bootstrap.min.css ........................................ ~ 0s
  2026-05-20 12:03:16 /plugins/jqvmap/jqvmap.min.css ............................................................ ~ 0s
  2026-05-20 12:03:16 /plugins/overlayScrollbars/css/OverlayScrollbars.min.css .................................. ~ 0s
  2026-05-20 12:03:16 /plugins/daterangepicker/daterangepicker.css .............................................. ~ 0s
  2026-05-20 12:03:16 /plugins/summernote/summernote-bs4.min.css ................................................ ~ 0s
  2026-05-20 12:03:16 /plugins/select2/css/select2.min.css ...................................................... ~ 0s
  2026-05-20 12:03:16 /plugins/select2-bootstrap4-theme/select2-bootstrap4.min.css .............................. ~ 0s
  2026-05-20 12:03:16 /plugins/dropzone/min/dropzone.min.css .................................................... ~ 0s
  2026-05-20 12:03:16 /assets/css/datatable/datatable.css ....................................................... ~ 0s
  2026-05-20 12:03:16 /assets/css/datatable/buttons.dataTables.min.css .......................................... ~ 0s
  2026-05-20 12:03:16 /css/custom-style.css ..................................................................... ~ 0s
  2026-05-20 12:03:16 /assets/images/logo/1779245989_6a0d23a55cb0e_ChatGPT%20Image%20May%2020,%202026,%2009_59_29%20AM.png  ~ 0s
  2026-05-20 12:03:16 /dist/css/adminlte.min.css ................................................................ ~ 0s
  2026-05-20 12:03:16 /plugins/jquery/jquery.min.js ............................................................. ~ 0s
  2026-05-20 12:03:16 /plugins/jquery-ui/jquery-ui.min.js ....................................................... ~ 0s
  2026-05-20 12:03:16 /plugins/bootstrap/js/bootstrap.bundle.min.js ............................................. ~ 0s
  2026-05-20 12:03:16 /plugins/chart.js/Chart.min.js ............................................................ ~ 0s
  2026-05-20 12:03:16 /plugins/sparklines/sparkline.js .......................................................... ~ 0s
  2026-05-20 12:03:16 /plugins/jqvmap/jquery.vmap.min.js ........................................................ ~ 0s
  2026-05-20 12:03:16 /plugins/jqvmap/maps/jquery.vmap.usa.js ................................................... ~ 0s
  2026-05-20 12:03:16 /plugins/jquery-knob/jquery.knob.min.js ................................................... ~ 0s
  2026-05-20 12:03:16 /plugins/moment/moment.min.js ............................................................. ~ 0s
  2026-05-20 12:03:16 /plugins/daterangepicker/daterangepicker.js ............................................... ~ 0s
  2026-05-20 12:03:16 /plugins/tempusdominus-bootstrap-4/js/tempusdominus-bootstrap-4.min.js .................... ~ 0s
  2026-05-20 12:03:16 /plugins/overlayScrollbars/js/jquery.overlayScrollbars.min.js ............................. ~ 0s
  2026-05-20 12:03:16 /plugins/summernote/summernote-bs4.min.js ................................................. ~ 0s
  2026-05-20 12:03:16 /dist/js/adminlte.js ...................................................................... ~ 0s
  2026-05-20 12:03:16 /plugins/fontawesome-free/webfonts/fa-solid-900.woff2 ..................................... ~ 0s
  2026-05-20 12:03:16 /plugins/fontawesome-free/webfonts/fa-regular-400.woff2 ................................... ~ 0s
  2026-05-20 12:03:16 /plugins/select2/js/select2.full.min.js ................................................... ~ 0s
  2026-05-20 12:03:16 /js/custom-script.js ...................................................................... ~ 0s
  2026-05-20 12:03:16 /plugins/dropzone/min/dropzone.min.js ..................................................... ~ 0s
  2026-05-20 12:03:16 /assets/js/datatable/jquery.dataTables.min.js ............................................. ~ 0s
  2026-05-20 12:03:16 /assets/js/datatable/dataTables.buttons.min.js ............................................ ~ 0s
  2026-05-20 12:03:16 /assets/js/datatable/datatable.js ......................................................... ~ 0s
  2026-05-20 12:03:17 ........................................................................................... ~ 0s
  2026-05-20 12:03:17 /plugins/fontawesome-free/css/all.min.css ................................................. ~ 0s
  2026-05-20 12:03:17 /plugins/tempusdominus-bootstrap-4/css/tempusdominus-bootstrap-4.min.css .................. ~ 0s
  2026-05-20 12:03:17 /plugins/icheck-bootstrap/icheck-bootstrap.min.css ........................................ ~ 0s
  2026-05-20 12:03:17 /plugins/jqvmap/jqvmap.min.css ............................................................ ~ 0s
  2026-05-20 12:03:17 /plugins/overlayScrollbars/css/OverlayScrollbars.min.css .................................. ~ 0s
  2026-05-20 12:03:17 /plugins/daterangepicker/daterangepicker.css .............................................. ~ 0s
  2026-05-20 12:03:17 /plugins/summernote/summernote-bs4.min.css ................................................ ~ 0s
  2026-05-20 12:03:17 /plugins/select2/css/select2.min.css ...................................................... ~ 0s
  2026-05-20 12:03:17 /plugins/select2-bootstrap4-theme/select2-bootstrap4.min.css .............................. ~ 0s
  2026-05-20 12:03:17 /plugins/dropzone/min/dropzone.min.css .................................................... ~ 0s
  2026-05-20 12:03:17 /assets/css/datatable/datatable.css ....................................................... ~ 0s
  2026-05-20 12:03:17 /dist/css/adminlte.min.css ................................................................ ~ 0s
  2026-05-20 12:03:17 /assets/css/datatable/buttons.dataTables.min.css .......................................... ~ 0s
  2026-05-20 12:03:17 /css/custom-style.css ..................................................................... ~ 0s
  2026-05-20 12:03:17 /assets/images/logo/1779245989_6a0d23a55cb0e_ChatGPT%20Image%20May%2020,%202026,%2009_59_29%20AM.png  ~ 0s
  2026-05-20 12:03:17 /plugins/jquery/jquery.min.js ............................................................. ~ 0s
  2026-05-20 12:03:17 /plugins/jquery-ui/jquery-ui.min.js ....................................................... ~ 0s
  2026-05-20 12:03:17 /plugins/bootstrap/js/bootstrap.bundle.min.js ............................................. ~ 0s
  2026-05-20 12:03:17 /plugins/chart.js/Chart.min.js ............................................................ ~ 0s
  2026-05-20 12:03:17 /plugins/sparklines/sparkline.js .......................................................... ~ 0s
  2026-05-20 12:03:17 /plugins/jqvmap/jquery.vmap.min.js ........................................................ ~ 0s
  2026-05-20 12:03:17 /plugins/jqvmap/maps/jquery.vmap.usa.js ................................................... ~ 0s
  2026-05-20 12:03:17 /plugins/jquery-knob/jquery.knob.min.js ................................................... ~ 0s
  2026-05-20 12:03:17 /plugins/moment/moment.min.js ............................................................. ~ 0s
  2026-05-20 12:03:17 /plugins/daterangepicker/daterangepicker.js ............................................... ~ 0s
  2026-05-20 12:03:17 /plugins/tempusdominus-bootstrap-4/js/tempusdominus-bootstrap-4.min.js .................... ~ 0s
  2026-05-20 12:03:17 /plugins/summernote/summernote-bs4.min.js ................................................. ~ 0s
  2026-05-20 12:03:17 /plugins/overlayScrollbars/js/jquery.overlayScrollbars.min.js ............................. ~ 0s
  2026-05-20 12:03:17 /dist/js/adminlte.js ...................................................................... ~ 0s
  2026-05-20 12:03:17 /plugins/select2/js/select2.full.min.js ................................................... ~ 0s
  2026-05-20 12:03:17 /plugins/fontawesome-free/webfonts/fa-solid-900.woff2 ..................................... ~ 0s
  2026-05-20 12:03:17 /js/custom-script.js ...................................................................... ~ 0s
  2026-05-20 12:03:17 /plugins/dropzone/min/dropzone.min.js ..................................................... ~ 0s
  2026-05-20 12:03:17 /assets/js/datatable/jquery.dataTables.min.js ............................................. ~ 0s
  2026-05-20 12:03:17 /assets/js/datatable/dataTables.buttons.min.js ............................................ ~ 0s
  2026-05-20 12:03:17 /assets/js/datatable/datatable.js ......................................................... ~ 0s
  2026-05-20 12:03:17 ........................................................................................... ~ 0s
  2026-05-20 12:03:17 ........................................................................................... ~ 0s
  2026-05-20 12:03:17 ........................................................................................... ~ 1s
  2026-05-20 12:03:17 ........................................................................................... ~ 1s
  2026-05-20 12:03:18 ........................................................................................... ~ 0s
  2026-05-20 12:03:18 ........................................................................................... ~ 0s
  2026-05-20 12:03:18 /assets/images/demo/products/mala-pork-belly.svg .......................................... ~ 0s
  2026-05-20 12:03:18 ........................................................................................... ~ 0s
  2026-05-20 12:03:18 /assets/images/demo/products/mala-beef.svg ................................................ ~ 0s
  2026-05-20 12:03:18 /assets/images/demo/products/mala-cheese-sausage.svg ...................................... ~ 0s
  2026-05-20 12:03:18 /assets/images/demo/products/mala-fish-tofu.svg ........................................... ~ 0s
  2026-05-20 12:03:18 /assets/images/demo/products/set-mala-l.svg ............................................... ~ 0s
  2026-05-20 12:03:18 /assets/images/demo/products/set-mala-m.svg ............................................... ~ 0s
  2026-05-20 12:03:18 /assets/images/demo/products/drink-thai-milk-tea.svg ...................................... ~ 0s
  2026-05-20 12:03:18 /assets/images/demo/products/drink-lemon-tea.svg .......................................... ~ 0s
  2026-05-20 12:03:18 ........................................................................................... ~ 0s
  2026-05-20 12:03:18 /assets/images/demo/products/drink-longan.svg ............................................. ~ 0s
  2026-05-20 12:03:18 /assets/images/demo/products/set-mala-s.svg ............................................... ~ 0s
  2026-05-20 12:03:18 /assets/images/demo/products/drink-water.svg .............................................. ~ 0s
  2026-05-20 12:03:18 /assets/images/demo/products/mala-enoki.svg ............................................... ~ 0s
  2026-05-20 12:03:20 ........................................................................................... ~ 0s
  2026-05-20 12:03:20 ........................................................................................... ~ 0s
  2026-05-20 12:03:20 ........................................................................................... ~ 0s
  2026-05-20 12:03:20 /assets/images/demo/apple-icon.svg ........................................................ ~ 0s
  2026-05-20 12:03:20 ........................................................................................... ~ 0s
  2026-05-20 12:03:21 ........................................................................................... ~ 0s
  2026-05-20 12:03:21 ........................................................................................... ~ 0s
  2026-05-20 12:03:21 ........................................................................................... ~ 1s
  2026-05-20 12:03:22 ........................................................................................... ~ 0s
  2026-05-20 12:03:23 ........................................................................................... ~ 0s
  2026-05-20 12:03:23 ........................................................................................... ~ 0s
  2026-05-20 12:03:23 ........................................................................................... ~ 0s
  2026-05-20 12:03:23 ........................................................................................... ~ 0s
  2026-05-20 12:03:24 ........................................................................................... ~ 0s
  2026-05-20 12:03:24 ........................................................................................... ~ 0s
  2026-05-20 12:03:24 ........................................................................................... ~ 0s
  2026-05-20 12:03:24 ........................................................................................... ~ 0s
  2026-05-20 12:03:24 ........................................................................................... ~ 0s
  2026-05-20 12:03:24 ........................................................................................... ~ 1s
  2026-05-20 12:03:25 ........................................................................................... ~ 0s
  2026-05-20 12:03:25 ........................................................................................... ~ 0s
  2026-05-20 12:03:27 ........................................................................................... ~ 0s
  2026-05-20 12:03:27 ........................................................................................... ~ 0s
  2026-05-20 12:03:27 ........................................................................................... ~ 0s
  2026-05-20 12:03:27 ........................................................................................... ~ 0s
  2026-05-20 12:03:30 ........................................................................................... ~ 1s
  2026-05-20 12:03:31 ........................................................................................... ~ 0s
  2026-05-20 12:03:31 ........................................................................................... ~ 0s
  2026-05-20 12:03:31 /plugins/fontawesome-free/css/all.min.css ................................................. ~ 0s
  2026-05-20 12:03:31 /plugins/tempusdominus-bootstrap-4/css/tempusdominus-bootstrap-4.min.css .................. ~ 0s
  2026-05-20 12:03:31 /plugins/icheck-bootstrap/icheck-bootstrap.min.css ........................................ ~ 0s
  2026-05-20 12:03:31 /plugins/jqvmap/jqvmap.min.css ............................................................ ~ 0s
  2026-05-20 12:03:31 /plugins/overlayScrollbars/css/OverlayScrollbars.min.css .................................. ~ 0s
  2026-05-20 12:03:31 /plugins/daterangepicker/daterangepicker.css .............................................. ~ 0s
  2026-05-20 12:03:31 /plugins/summernote/summernote-bs4.min.css ................................................ ~ 0s
  2026-05-20 12:03:31 /plugins/select2/css/select2.min.css ...................................................... ~ 0s
  2026-05-20 12:03:31 /plugins/select2-bootstrap4-theme/select2-bootstrap4.min.css .............................. ~ 0s
  2026-05-20 12:03:31 /plugins/dropzone/min/dropzone.min.css .................................................... ~ 0s
  2026-05-20 12:03:31 /assets/css/datatable/datatable.css ....................................................... ~ 0s
  2026-05-20 12:03:31 /dist/css/adminlte.min.css ................................................................ ~ 0s
  2026-05-20 12:03:31 /assets/css/datatable/buttons.dataTables.min.css .......................................... ~ 0s
  2026-05-20 12:03:31 /css/custom-style.css ..................................................................... ~ 0s
  2026-05-20 12:03:31 /assets/images/logo/1779245989_6a0d23a55cb0e_ChatGPT%20Image%20May%2020,%202026,%2009_59_29%20AM.png  ~ 0s
  2026-05-20 12:03:31 /plugins/jquery/jquery.min.js ............................................................. ~ 0s
  2026-05-20 12:03:31 /plugins/jquery-ui/jquery-ui.min.js ....................................................... ~ 0s
  2026-05-20 12:03:31 /plugins/bootstrap/js/bootstrap.bundle.min.js ............................................. ~ 0s
  2026-05-20 12:03:31 /plugins/chart.js/Chart.min.js ............................................................ ~ 0s
  2026-05-20 12:03:31 /plugins/sparklines/sparkline.js .......................................................... ~ 0s
  2026-05-20 12:03:31 /plugins/jqvmap/jquery.vmap.min.js ........................................................ ~ 0s
  2026-05-20 12:03:31 /plugins/jqvmap/maps/jquery.vmap.usa.js ................................................... ~ 0s
  2026-05-20 12:03:31 /plugins/jquery-knob/jquery.knob.min.js ................................................... ~ 0s
  2026-05-20 12:03:31 /plugins/moment/moment.min.js ............................................................. ~ 0s
  2026-05-20 12:03:31 /plugins/daterangepicker/daterangepicker.js ............................................... ~ 0s
  2026-05-20 12:03:31 /plugins/tempusdominus-bootstrap-4/js/tempusdominus-bootstrap-4.min.js .................... ~ 0s
  2026-05-20 12:03:31 /plugins/summernote/summernote-bs4.min.js ................................................. ~ 0s
  2026-05-20 12:03:31 /plugins/overlayScrollbars/js/jquery.overlayScrollbars.min.js ............................. ~ 0s
  2026-05-20 12:03:31 /dist/js/adminlte.js ...................................................................... ~ 0s
  2026-05-20 12:03:31 /plugins/select2/js/select2.full.min.js ................................................... ~ 0s
  2026-05-20 12:03:31 /plugins/fontawesome-free/webfonts/fa-solid-900.woff2 ..................................... ~ 0s
  2026-05-20 12:03:31 /plugins/fontawesome-free/webfonts/fa-regular-400.woff2 ................................... ~ 0s
  2026-05-20 12:03:31 /js/custom-script.js ...................................................................... ~ 0s
  2026-05-20 12:03:31 /plugins/dropzone/min/dropzone.min.js ..................................................... ~ 0s
  2026-05-20 12:03:31 /assets/js/datatable/jquery.dataTables.min.js ............................................. ~ 0s
  2026-05-20 12:03:31 /assets/js/datatable/datatable.js ......................................................... ~ 0s
  2026-05-20 12:03:31 /assets/js/datatable/dataTables.buttons.min.js ............................................ ~ 0s
  2026-05-20 12:04:05 ........................................................................................... ~ 0s
  2026-05-20 12:04:05 /plugins/fontawesome-free/css/all.min.css ................................................. ~ 0s
  2026-05-20 12:04:05 /plugins/tempusdominus-bootstrap-4/css/tempusdominus-bootstrap-4.min.css .................. ~ 0s
  2026-05-20 12:04:05 /plugins/icheck-bootstrap/icheck-bootstrap.min.css ........................................ ~ 0s
  2026-05-20 12:04:05 /plugins/jqvmap/jqvmap.min.css ............................................................ ~ 0s
  2026-05-20 12:04:05 /plugins/overlayScrollbars/css/OverlayScrollbars.min.css .................................. ~ 0s
  2026-05-20 12:04:05 /plugins/daterangepicker/daterangepicker.css .............................................. ~ 0s
  2026-05-20 12:04:05 /plugins/summernote/summernote-bs4.min.css ................................................ ~ 0s
  2026-05-20 12:04:05 /plugins/select2/css/select2.min.css ...................................................... ~ 0s
  2026-05-20 12:04:05 /plugins/select2-bootstrap4-theme/select2-bootstrap4.min.css .............................. ~ 0s
  2026-05-20 12:04:05 /plugins/dropzone/min/dropzone.min.css .................................................... ~ 0s
  2026-05-20 12:04:05 /dist/css/adminlte.min.css ................................................................ ~ 0s
  2026-05-20 12:04:05 /assets/css/datatable/datatable.css ....................................................... ~ 0s
  2026-05-20 12:04:05 /assets/css/datatable/buttons.dataTables.min.css .......................................... ~ 0s
  2026-05-20 12:04:05 /css/custom-style.css ..................................................................... ~ 0s
  2026-05-20 12:04:05 /assets/images/logo/1779245989_6a0d23a55cb0e_ChatGPT%20Image%20May%2020,%202026,%2009_59_29%20AM.png  ~ 0s
  2026-05-20 12:04:05 /plugins/jquery/jquery.min.js ............................................................. ~ 0s
  2026-05-20 12:04:05 /plugins/jquery-ui/jquery-ui.min.js ....................................................... ~ 0s
  2026-05-20 12:04:05 /plugins/bootstrap/js/bootstrap.bundle.min.js ............................................. ~ 0s
  2026-05-20 12:04:05 /plugins/sparklines/sparkline.js .......................................................... ~ 0s
  2026-05-20 12:04:05 /plugins/jqvmap/jquery.vmap.min.js ........................................................ ~ 0s
  2026-05-20 12:04:05 /plugins/chart.js/Chart.min.js ............................................................ ~ 0s
  2026-05-20 12:04:05 /plugins/jqvmap/maps/jquery.vmap.usa.js ................................................... ~ 0s
  2026-05-20 12:04:05 /plugins/jquery-knob/jquery.knob.min.js ................................................... ~ 0s
  2026-05-20 12:04:05 /plugins/moment/moment.min.js ............................................................. ~ 0s
  2026-05-20 12:04:05 /plugins/daterangepicker/daterangepicker.js ............................................... ~ 0s
  2026-05-20 12:04:05 /plugins/tempusdominus-bootstrap-4/js/tempusdominus-bootstrap-4.min.js .................... ~ 0s
  2026-05-20 12:04:05 /plugins/summernote/summernote-bs4.min.js ................................................. ~ 0s
  2026-05-20 12:04:05 /plugins/overlayScrollbars/js/jquery.overlayScrollbars.min.js ............................. ~ 0s
  2026-05-20 12:04:05 /dist/js/adminlte.js ...................................................................... ~ 0s
  2026-05-20 12:04:05 /plugins/fontawesome-free/webfonts/fa-solid-900.woff2 ..................................... ~ 0s
  2026-05-20 12:04:05 /plugins/select2/js/select2.full.min.js ................................................... ~ 0s
  2026-05-20 12:04:05 /js/custom-script.js ...................................................................... ~ 0s
  2026-05-20 12:04:05 /plugins/dropzone/min/dropzone.min.js ..................................................... ~ 0s
  2026-05-20 12:04:05 /assets/js/datatable/jquery.dataTables.min.js ............................................. ~ 0s
  2026-05-20 12:04:05 /assets/js/datatable/dataTables.buttons.min.js ............................................ ~ 0s
  2026-05-20 12:04:05 /assets/js/datatable/datatable.js ......................................................... ~ 0s
  2026-05-20 12:04:05 ........................................................................................... ~ 0s
  2026-05-20 12:04:05 ........................................................................................... ~ 1s
  2026-05-20 12:04:06 /dist/img/default-150x150.png ............................................................. ~ 0s
  2026-05-20 12:04:06 /plugins/fontawesome-free/webfonts/fa-regular-400.woff2 ................................... ~ 0s
  2026-05-20 12:04:08 ........................................................................................... ~ 0s
  2026-05-20 12:04:08 ........................................................................................... ~ 0s
  2026-05-20 12:04:08 /plugins/fontawesome-free/css/all.min.css ................................................. ~ 0s
  2026-05-20 12:04:08 /plugins/tempusdominus-bootstrap-4/css/tempusdominus-bootstrap-4.min.css .................. ~ 0s
  2026-05-20 12:04:08 /plugins/icheck-bootstrap/icheck-bootstrap.min.css ........................................ ~ 0s
  2026-05-20 12:04:08 /plugins/jqvmap/jqvmap.min.css ............................................................ ~ 0s
  2026-05-20 12:04:08 /plugins/overlayScrollbars/css/OverlayScrollbars.min.css .................................. ~ 0s
  2026-05-20 12:04:08 /plugins/daterangepicker/daterangepicker.css .............................................. ~ 0s
  2026-05-20 12:04:08 /plugins/summernote/summernote-bs4.min.css ................................................ ~ 0s
  2026-05-20 12:04:08 /plugins/select2/css/select2.min.css ...................................................... ~ 0s
  2026-05-20 12:04:08 /plugins/select2-bootstrap4-theme/select2-bootstrap4.min.css .............................. ~ 0s
  2026-05-20 12:04:08 /plugins/dropzone/min/dropzone.min.css .................................................... ~ 0s
  2026-05-20 12:04:08 /assets/css/datatable/datatable.css ....................................................... ~ 0s
  2026-05-20 12:04:08 /assets/css/datatable/buttons.dataTables.min.css .......................................... ~ 0s
  2026-05-20 12:04:08 /dist/css/adminlte.min.css ................................................................ ~ 0s
  2026-05-20 12:04:08 /css/custom-style.css ..................................................................... ~ 0s
  2026-05-20 12:04:08 ........................................................................................... ~ 0s
  2026-05-20 12:04:08 /assets/images/logo/1779245989_6a0d23a55cb0e_ChatGPT%20Image%20May%2020,%202026,%2009_59_29%20AM.png  ~ 0s
  2026-05-20 12:04:08 /plugins/jquery/jquery.min.js ............................................................. ~ 0s
  2026-05-20 12:04:08 /plugins/jquery-ui/jquery-ui.min.js ....................................................... ~ 0s
  2026-05-20 12:04:08 /plugins/bootstrap/js/bootstrap.bundle.min.js ............................................. ~ 0s
  2026-05-20 12:04:08 /plugins/chart.js/Chart.min.js ............................................................ ~ 0s
  2026-05-20 12:04:08 /plugins/fontawesome-free/webfonts/fa-solid-900.woff2 ..................................... ~ 0s
  2026-05-20 12:04:08 /plugins/sparklines/sparkline.js .......................................................... ~ 0s
  2026-05-20 12:04:08 /plugins/jqvmap/jquery.vmap.min.js ........................................................ ~ 0s
  2026-05-20 12:04:08 /plugins/jqvmap/maps/jquery.vmap.usa.js ................................................... ~ 0s
  2026-05-20 12:04:08 /plugins/jquery-knob/jquery.knob.min.js ................................................... ~ 0s
  2026-05-20 12:04:08 /plugins/moment/moment.min.js ............................................................. ~ 0s
  2026-05-20 12:04:08 /plugins/daterangepicker/daterangepicker.js ............................................... ~ 0s
  2026-05-20 12:04:08 /assets/images/no-image.png ............................................................... ~ 0s
  2026-05-20 12:04:08 /plugins/tempusdominus-bootstrap-4/js/tempusdominus-bootstrap-4.min.js .................... ~ 0s
  2026-05-20 12:04:08 /plugins/summernote/summernote-bs4.min.js ................................................. ~ 0s
  2026-05-20 12:04:08 /plugins/overlayScrollbars/js/jquery.overlayScrollbars.min.js ............................. ~ 0s
  2026-05-20 12:04:08 /dist/js/adminlte.js ...................................................................... ~ 0s
  2026-05-20 12:04:08 /plugins/select2/js/select2.full.min.js ................................................... ~ 0s
  2026-05-20 12:04:08 /js/custom-script.js ...................................................................... ~ 0s
  2026-05-20 12:04:08 /plugins/dropzone/min/dropzone.min.js ..................................................... ~ 0s
  2026-05-20 12:04:08 /assets/js/datatable/jquery.dataTables.min.js ............................................. ~ 0s
  2026-05-20 12:04:08 /assets/js/datatable/dataTables.buttons.min.js ............................................ ~ 0s
  2026-05-20 12:04:08 /js/image-field.js ........................................................................ ~ 0s
  2026-05-20 12:04:08 /assets/js/datatable/datatable.js ......................................................... ~ 0s
  2026-05-20 12:04:09 /assets/images/logo/1779253089_6a0d3f616fa5b_ChatGPT%20Image%20May%2020,%202026,%2011_58_01%20AM.png  ~ 0s
  2026-05-20 12:04:13 ........................................................................................... ~ 0s
  2026-05-20 12:04:13 /plugins/fontawesome-free/css/all.min.css ................................................. ~ 0s
  2026-05-20 12:04:13 /plugins/tempusdominus-bootstrap-4/css/tempusdominus-bootstrap-4.min.css .................. ~ 0s
  2026-05-20 12:04:13 /plugins/icheck-bootstrap/icheck-bootstrap.min.css ........................................ ~ 0s
  2026-05-20 12:04:13 /plugins/jqvmap/jqvmap.min.css ............................................................ ~ 0s
  2026-05-20 12:04:13 /plugins/overlayScrollbars/css/OverlayScrollbars.min.css .................................. ~ 0s
  2026-05-20 12:04:13 /plugins/daterangepicker/daterangepicker.css .............................................. ~ 0s
  2026-05-20 12:04:13 /plugins/summernote/summernote-bs4.min.css ................................................ ~ 0s
  2026-05-20 12:04:13 /plugins/select2/css/select2.min.css ...................................................... ~ 0s
  2026-05-20 12:04:13 /plugins/select2-bootstrap4-theme/select2-bootstrap4.min.css .............................. ~ 0s
  2026-05-20 12:04:13 /plugins/dropzone/min/dropzone.min.css .................................................... ~ 0s
  2026-05-20 12:04:13 /assets/css/datatable/datatable.css ....................................................... ~ 0s
  2026-05-20 12:04:13 /assets/css/datatable/buttons.dataTables.min.css .......................................... ~ 0s
  2026-05-20 12:04:13 /dist/css/adminlte.min.css ................................................................ ~ 0s
  2026-05-20 12:04:13 /css/custom-style.css ..................................................................... ~ 0s
  2026-05-20 12:04:13 /assets/images/logo/1779245989_6a0d23a55cb0e_ChatGPT%20Image%20May%2020,%202026,%2009_59_29%20AM.png  ~ 0s
  2026-05-20 12:04:13 /plugins/jquery/jquery.min.js ............................................................. ~ 0s
  2026-05-20 12:04:13 /plugins/jquery-ui/jquery-ui.min.js ....................................................... ~ 0s
  2026-05-20 12:04:13 /plugins/bootstrap/js/bootstrap.bundle.min.js ............................................. ~ 0s
  2026-05-20 12:04:13 /plugins/chart.js/Chart.min.js ............................................................ ~ 0s
  2026-05-20 12:04:13 /plugins/sparklines/sparkline.js .......................................................... ~ 0s
  2026-05-20 12:04:13 /plugins/jqvmap/jquery.vmap.min.js ........................................................ ~ 0s
  2026-05-20 12:04:13 /plugins/jqvmap/maps/jquery.vmap.usa.js ................................................... ~ 0s
  2026-05-20 12:04:13 /plugins/jquery-knob/jquery.knob.min.js ................................................... ~ 0s
  2026-05-20 12:04:13 /plugins/moment/moment.min.js ............................................................. ~ 0s
  2026-05-20 12:04:13 /plugins/daterangepicker/daterangepicker.js ............................................... ~ 0s
  2026-05-20 12:04:13 /plugins/tempusdominus-bootstrap-4/js/tempusdominus-bootstrap-4.min.js .................... ~ 0s
  2026-05-20 12:04:13 /plugins/summernote/summernote-bs4.min.js ................................................. ~ 0s
  2026-05-20 12:04:13 /plugins/overlayScrollbars/js/jquery.overlayScrollbars.min.js ............................. ~ 0s
  2026-05-20 12:04:13 /dist/js/adminlte.js ...................................................................... ~ 0s
  2026-05-20 12:04:13 /plugins/select2/js/select2.full.min.js ................................................... ~ 0s
  2026-05-20 12:04:13 /plugins/fontawesome-free/webfonts/fa-solid-900.woff2 ..................................... ~ 0s
  2026-05-20 12:04:13 /js/custom-script.js ...................................................................... ~ 0s
  2026-05-20 12:04:13 /plugins/dropzone/min/dropzone.min.js ..................................................... ~ 0s
  2026-05-20 12:04:13 /assets/js/datatable/jquery.dataTables.min.js ............................................. ~ 0s
  2026-05-20 12:04:13 /assets/js/datatable/dataTables.buttons.min.js ............................................ ~ 0s
  2026-05-20 12:04:13 /assets/js/datatable/datatable.js ......................................................... ~ 0s
  2026-05-20 12:04:13 ........................................................................................... ~ 1s
  2026-05-20 12:04:14 ........................................................................................... ~ 0s
  2026-05-20 12:04:14 /dist/img/default-150x150.png ............................................................. ~ 0s
  2026-05-20 12:04:14 /plugins/fontawesome-free/webfonts/fa-regular-400.woff2 ................................... ~ 0s
  2026-05-20 12:04:42 ........................................................................................... ~ 0s
  2026-05-20 12:04:42 /plugins/fontawesome-free/css/all.min.css ................................................. ~ 0s
  2026-05-20 12:04:42 /plugins/tempusdominus-bootstrap-4/css/tempusdominus-bootstrap-4.min.css .................. ~ 0s
  2026-05-20 12:04:42 /plugins/icheck-bootstrap/icheck-bootstrap.min.css ........................................ ~ 0s
  2026-05-20 12:04:42 /plugins/jqvmap/jqvmap.min.css ............................................................ ~ 0s
  2026-05-20 12:04:42 /plugins/overlayScrollbars/css/OverlayScrollbars.min.css .................................. ~ 0s
  2026-05-20 12:04:42 /plugins/daterangepicker/daterangepicker.css .............................................. ~ 0s
  2026-05-20 12:04:42 /plugins/summernote/summernote-bs4.min.css ................................................ ~ 0s
  2026-05-20 12:04:42 /plugins/select2/css/select2.min.css ...................................................... ~ 0s
  2026-05-20 12:04:42 /plugins/select2-bootstrap4-theme/select2-bootstrap4.min.css .............................. ~ 0s
  2026-05-20 12:04:42 /plugins/dropzone/min/dropzone.min.css .................................................... ~ 0s
  2026-05-20 12:04:42 /dist/css/adminlte.min.css ................................................................ ~ 0s
  2026-05-20 12:04:42 /assets/css/datatable/datatable.css ....................................................... ~ 0s
  2026-05-20 12:04:42 /assets/css/datatable/buttons.dataTables.min.css .......................................... ~ 0s
  2026-05-20 12:04:42 /css/custom-style.css ..................................................................... ~ 0s
  2026-05-20 12:04:42 /assets/images/logo/1779245989_6a0d23a55cb0e_ChatGPT%20Image%20May%2020,%202026,%2009_59_29%20AM.png  ~ 0s
  2026-05-20 12:04:42 /plugins/jquery/jquery.min.js ............................................................. ~ 0s
  2026-05-20 12:04:42 /plugins/jquery-ui/jquery-ui.min.js ....................................................... ~ 0s
  2026-05-20 12:04:42 /plugins/bootstrap/js/bootstrap.bundle.min.js ............................................. ~ 0s
  2026-05-20 12:04:42 /plugins/chart.js/Chart.min.js ............................................................ ~ 0s
  2026-05-20 12:04:42 /plugins/sparklines/sparkline.js .......................................................... ~ 0s
  2026-05-20 12:04:42 /plugins/jqvmap/jquery.vmap.min.js ........................................................ ~ 0s
  2026-05-20 12:04:42 /plugins/jqvmap/maps/jquery.vmap.usa.js ................................................... ~ 0s
  2026-05-20 12:04:42 /plugins/jquery-knob/jquery.knob.min.js ................................................... ~ 0s
  2026-05-20 12:04:42 /plugins/moment/moment.min.js ............................................................. ~ 0s
  2026-05-20 12:04:42 /plugins/daterangepicker/daterangepicker.js ............................................... ~ 0s
  2026-05-20 12:04:42 /plugins/tempusdominus-bootstrap-4/js/tempusdominus-bootstrap-4.min.js .................... ~ 0s
  2026-05-20 12:04:42 /plugins/summernote/summernote-bs4.min.js ................................................. ~ 0s
  2026-05-20 12:04:42 /plugins/overlayScrollbars/js/jquery.overlayScrollbars.min.js ............................. ~ 0s
  2026-05-20 12:04:42 /dist/js/adminlte.js ...................................................................... ~ 0s
  2026-05-20 12:04:42 /plugins/select2/js/select2.full.min.js ................................................... ~ 0s
  2026-05-20 12:04:42 /plugins/fontawesome-free/webfonts/fa-solid-900.woff2 ..................................... ~ 0s
  2026-05-20 12:04:42 /js/custom-script.js ...................................................................... ~ 0s
  2026-05-20 12:04:42 /plugins/dropzone/min/dropzone.min.js ..................................................... ~ 0s
  2026-05-20 12:04:42 /assets/js/datatable/jquery.dataTables.min.js ............................................. ~ 0s
  2026-05-20 12:04:42 /assets/js/datatable/dataTables.buttons.min.js ............................................ ~ 0s
  2026-05-20 12:04:42 /assets/js/datatable/datatable.js ......................................................... ~ 1s
  2026-05-20 12:04:43 ........................................................................................... ~ 0s
  2026-05-20 12:04:43 ........................................................................................... ~ 0s
  2026-05-20 12:04:46 ........................................................................................... ~ 0s
  2026-05-20 12:04:46 /plugins/fontawesome-free/css/all.min.css ................................................. ~ 0s
  2026-05-20 12:04:46 /plugins/tempusdominus-bootstrap-4/css/tempusdominus-bootstrap-4.min.css .................. ~ 0s
  2026-05-20 12:04:46 /plugins/icheck-bootstrap/icheck-bootstrap.min.css ........................................ ~ 0s
  2026-05-20 12:04:46 /plugins/jqvmap/jqvmap.min.css ............................................................ ~ 0s
  2026-05-20 12:04:46 /plugins/overlayScrollbars/css/OverlayScrollbars.min.css .................................. ~ 0s
  2026-05-20 12:04:46 /plugins/daterangepicker/daterangepicker.css .............................................. ~ 0s
  2026-05-20 12:04:46 /plugins/summernote/summernote-bs4.min.css ................................................ ~ 0s
  2026-05-20 12:04:46 /plugins/select2/css/select2.min.css ...................................................... ~ 0s
  2026-05-20 12:04:46 /plugins/select2-bootstrap4-theme/select2-bootstrap4.min.css .............................. ~ 0s
  2026-05-20 12:04:46 /plugins/dropzone/min/dropzone.min.css .................................................... ~ 0s
  2026-05-20 12:04:46 /assets/css/datatable/datatable.css ....................................................... ~ 0s
  2026-05-20 12:04:46 /dist/css/adminlte.min.css ................................................................ ~ 0s
  2026-05-20 12:04:46 /assets/css/datatable/buttons.dataTables.min.css .......................................... ~ 0s
  2026-05-20 12:04:46 /css/custom-style.css ..................................................................... ~ 0s
  2026-05-20 12:04:46 /assets/images/logo/1779245989_6a0d23a55cb0e_ChatGPT%20Image%20May%2020,%202026,%2009_59_29%20AM.png  ~ 0s
  2026-05-20 12:04:46 /plugins/jquery/jquery.min.js ............................................................. ~ 0s
  2026-05-20 12:04:46 /plugins/jquery-ui/jquery-ui.min.js ....................................................... ~ 0s
  2026-05-20 12:04:46 /plugins/bootstrap/js/bootstrap.bundle.min.js ............................................. ~ 0s
  2026-05-20 12:04:46 /plugins/chart.js/Chart.min.js ............................................................ ~ 0s
  2026-05-20 12:04:46 /plugins/sparklines/sparkline.js .......................................................... ~ 0s
  2026-05-20 12:04:46 /plugins/jqvmap/jquery.vmap.min.js ........................................................ ~ 0s
  2026-05-20 12:04:46 /plugins/jqvmap/maps/jquery.vmap.usa.js ................................................... ~ 0s
  2026-05-20 12:04:46 /plugins/jquery-knob/jquery.knob.min.js ................................................... ~ 0s
  2026-05-20 12:04:46 /plugins/moment/moment.min.js ............................................................. ~ 0s
  2026-05-20 12:04:46 /plugins/daterangepicker/daterangepicker.js ............................................... ~ 0s
  2026-05-20 12:04:46 /plugins/tempusdominus-bootstrap-4/js/tempusdominus-bootstrap-4.min.js .................... ~ 0s
  2026-05-20 12:04:46 /plugins/summernote/summernote-bs4.min.js ................................................. ~ 0s
  2026-05-20 12:04:46 /plugins/overlayScrollbars/js/jquery.overlayScrollbars.min.js ............................. ~ 0s
  2026-05-20 12:04:46 /dist/js/adminlte.js ...................................................................... ~ 0s
  2026-05-20 12:04:46 /plugins/select2/js/select2.full.min.js ................................................... ~ 0s
  2026-05-20 12:04:46 /plugins/fontawesome-free/webfonts/fa-solid-900.woff2 ..................................... ~ 0s
  2026-05-20 12:04:46 /js/custom-script.js ...................................................................... ~ 0s
  2026-05-20 12:04:46 /plugins/dropzone/min/dropzone.min.js ..................................................... ~ 0s
  2026-05-20 12:04:46 /assets/js/datatable/jquery.dataTables.min.js ............................................. ~ 0s
  2026-05-20 12:04:46 /assets/js/datatable/dataTables.buttons.min.js ............................................ ~ 0s
  2026-05-20 12:04:46 /assets/js/datatable/datatable.js ......................................................... ~ 0s
  2026-05-20 12:04:49 ........................................................................................... ~ 0s
  2026-05-20 12:04:49 /plugins/fontawesome-free/css/all.min.css ................................................. ~ 0s
  2026-05-20 12:04:49 /plugins/tempusdominus-bootstrap-4/css/tempusdominus-bootstrap-4.min.css .................. ~ 0s
  2026-05-20 12:04:49 /plugins/icheck-bootstrap/icheck-bootstrap.min.css ........................................ ~ 0s
  2026-05-20 12:04:49 /plugins/jqvmap/jqvmap.min.css ............................................................ ~ 0s
  2026-05-20 12:04:49 /plugins/overlayScrollbars/css/OverlayScrollbars.min.css .................................. ~ 0s
  2026-05-20 12:04:49 /plugins/daterangepicker/daterangepicker.css .............................................. ~ 0s
  2026-05-20 12:04:49 /plugins/summernote/summernote-bs4.min.css ................................................ ~ 0s
  2026-05-20 12:04:49 /plugins/select2/css/select2.min.css ...................................................... ~ 0s
  2026-05-20 12:04:49 /plugins/select2-bootstrap4-theme/select2-bootstrap4.min.css .............................. ~ 0s
  2026-05-20 12:04:49 /plugins/dropzone/min/dropzone.min.css .................................................... ~ 0s
  2026-05-20 12:04:49 /assets/css/datatable/datatable.css ....................................................... ~ 0s
  2026-05-20 12:04:49 /dist/css/adminlte.min.css ................................................................ ~ 0s
  2026-05-20 12:04:49 /assets/css/datatable/buttons.dataTables.min.css .......................................... ~ 0s
  2026-05-20 12:04:49 /css/custom-style.css ..................................................................... ~ 0s
  2026-05-20 12:04:49 /assets/images/logo/1779245989_6a0d23a55cb0e_ChatGPT%20Image%20May%2020,%202026,%2009_59_29%20AM.png  ~ 0s
  2026-05-20 12:04:49 /plugins/jquery/jquery.min.js ............................................................. ~ 0s
  2026-05-20 12:04:49 /plugins/jquery-ui/jquery-ui.min.js ....................................................... ~ 0s
  2026-05-20 12:04:49 /plugins/bootstrap/js/bootstrap.bundle.min.js ............................................. ~ 0s
  2026-05-20 12:04:49 /plugins/chart.js/Chart.min.js ............................................................ ~ 0s
  2026-05-20 12:04:49 /plugins/sparklines/sparkline.js .......................................................... ~ 0s
  2026-05-20 12:04:49 /plugins/jqvmap/jquery.vmap.min.js ........................................................ ~ 0s
  2026-05-20 12:04:49 /plugins/jqvmap/maps/jquery.vmap.usa.js ................................................... ~ 0s
  2026-05-20 12:04:49 /plugins/jquery-knob/jquery.knob.min.js ................................................... ~ 0s
  2026-05-20 12:04:49 /plugins/moment/moment.min.js ............................................................. ~ 0s
  2026-05-20 12:04:49 /plugins/daterangepicker/daterangepicker.js ............................................... ~ 0s
  2026-05-20 12:04:49 /plugins/tempusdominus-bootstrap-4/js/tempusdominus-bootstrap-4.min.js .................... ~ 0s
  2026-05-20 12:04:49 /plugins/summernote/summernote-bs4.min.js ................................................. ~ 0s
  2026-05-20 12:04:49 /plugins/overlayScrollbars/js/jquery.overlayScrollbars.min.js ............................. ~ 0s
  2026-05-20 12:04:49 /dist/js/adminlte.js ...................................................................... ~ 0s
  2026-05-20 12:04:49 /plugins/select2/js/select2.full.min.js ................................................... ~ 0s
  2026-05-20 12:04:49 /plugins/fontawesome-free/webfonts/fa-solid-900.woff2 ..................................... ~ 0s
  2026-05-20 12:04:49 /js/custom-script.js ...................................................................... ~ 0s
  2026-05-20 12:04:49 /plugins/dropzone/min/dropzone.min.js ..................................................... ~ 0s
  2026-05-20 12:04:49 /assets/js/datatable/jquery.dataTables.min.js ............................................. ~ 0s
  2026-05-20 12:04:49 /assets/js/datatable/dataTables.buttons.min.js ............................................ ~ 0s
  2026-05-20 12:04:49 /assets/js/datatable/datatable.js ......................................................... ~ 0s
  2026-05-20 12:04:55 ........................................................................................... ~ 0s
  2026-05-20 12:04:55 /plugins/fontawesome-free/css/all.min.css ................................................. ~ 0s
  2026-05-20 12:04:55 /plugins/tempusdominus-bootstrap-4/css/tempusdominus-bootstrap-4.min.css .................. ~ 0s
  2026-05-20 12:04:55 /plugins/icheck-bootstrap/icheck-bootstrap.min.css ........................................ ~ 0s
  2026-05-20 12:04:55 /plugins/jqvmap/jqvmap.min.css ............................................................ ~ 0s
  2026-05-20 12:04:55 /plugins/overlayScrollbars/css/OverlayScrollbars.min.css .................................. ~ 0s
  2026-05-20 12:04:55 /plugins/daterangepicker/daterangepicker.css .............................................. ~ 0s
  2026-05-20 12:04:55 /plugins/summernote/summernote-bs4.min.css ................................................ ~ 0s
  2026-05-20 12:04:55 /plugins/select2/css/select2.min.css ...................................................... ~ 0s
  2026-05-20 12:04:55 /plugins/select2-bootstrap4-theme/select2-bootstrap4.min.css .............................. ~ 0s
  2026-05-20 12:04:55 /dist/css/adminlte.min.css ................................................................ ~ 0s
  2026-05-20 12:04:55 /plugins/dropzone/min/dropzone.min.css .................................................... ~ 0s
  2026-05-20 12:04:55 /assets/css/datatable/datatable.css ....................................................... ~ 0s
  2026-05-20 12:04:55 /assets/css/datatable/buttons.dataTables.min.css .......................................... ~ 0s
  2026-05-20 12:04:55 /css/custom-style.css ..................................................................... ~ 0s
  2026-05-20 12:04:55 /assets/images/logo/1779245989_6a0d23a55cb0e_ChatGPT%20Image%20May%2020,%202026,%2009_59_29%20AM.png  ~ 0s
  2026-05-20 12:04:55 /plugins/jquery/jquery.min.js ............................................................. ~ 0s
  2026-05-20 12:04:55 /plugins/jquery-ui/jquery-ui.min.js ....................................................... ~ 0s
  2026-05-20 12:04:55 /plugins/bootstrap/js/bootstrap.bundle.min.js ............................................. ~ 0s
  2026-05-20 12:04:55 /plugins/chart.js/Chart.min.js ............................................................ ~ 0s
  2026-05-20 12:04:55 /plugins/sparklines/sparkline.js .......................................................... ~ 0s
  2026-05-20 12:04:55 /plugins/jqvmap/jquery.vmap.min.js ........................................................ ~ 0s
  2026-05-20 12:04:55 /plugins/jqvmap/maps/jquery.vmap.usa.js ................................................... ~ 0s
  2026-05-20 12:04:55 /plugins/jquery-knob/jquery.knob.min.js ................................................... ~ 0s
  2026-05-20 12:04:55 /plugins/moment/moment.min.js ............................................................. ~ 0s
  2026-05-20 12:04:55 /plugins/daterangepicker/daterangepicker.js ............................................... ~ 0s
  2026-05-20 12:04:55 /plugins/tempusdominus-bootstrap-4/js/tempusdominus-bootstrap-4.min.js .................... ~ 0s
  2026-05-20 12:04:55 /plugins/overlayScrollbars/js/jquery.overlayScrollbars.min.js ............................. ~ 0s
  2026-05-20 12:04:55 /plugins/summernote/summernote-bs4.min.js ................................................. ~ 0s
  2026-05-20 12:04:55 /dist/js/adminlte.js ...................................................................... ~ 0s
  2026-05-20 12:04:55 /plugins/select2/js/select2.full.min.js ................................................... ~ 0s
  2026-05-20 12:04:55 /js/custom-script.js ...................................................................... ~ 0s
  2026-05-20 12:04:55 /plugins/dropzone/min/dropzone.min.js ..................................................... ~ 0s
  2026-05-20 12:04:55 /assets/js/datatable/jquery.dataTables.min.js ............................................. ~ 0s
  2026-05-20 12:04:55 /assets/js/datatable/dataTables.buttons.min.js ............................................ ~ 0s
  2026-05-20 12:04:55 /plugins/fontawesome-free/webfonts/fa-solid-900.woff2 ..................................... ~ 0s
  2026-05-20 12:04:55 /assets/js/datatable/datatable.js ......................................................... ~ 0s
  2026-05-20 12:04:56 ........................................................................................... ~ 0s
  2026-05-20 12:04:56 ........................................................................................... ~ 0s
  2026-05-20 12:04:56 ........................................................................................... ~ 0s
  2026-05-20 12:04:56 ........................................................................................... ~ 0s
  2026-05-20 12:04:56 ........................................................................................... ~ 0s
  2026-05-20 12:04:56 ........................................................................................... ~ 0s
  2026-05-20 12:04:56 /assets/images/demo/products/mala-pork-belly.svg .......................................... ~ 0s
  2026-05-20 12:04:56 ........................................................................................... ~ 0s
  2026-05-20 12:04:56 /assets/images/demo/products/mala-beef.svg ................................................ ~ 0s
  2026-05-20 12:04:56 /assets/images/demo/products/mala-cheese-sausage.svg ...................................... ~ 0s
  2026-05-20 12:04:56 /assets/images/demo/products/set-mala-m.svg ............................................... ~ 0s
  2026-05-20 12:04:56 /assets/images/demo/products/mala-fish-tofu.svg ........................................... ~ 0s
  2026-05-20 12:04:56 /assets/images/demo/products/drink-water.svg .............................................. ~ 0s
  2026-05-20 12:04:56 /assets/images/demo/products/drink-lemon-tea.svg .......................................... ~ 0s
  2026-05-20 12:04:56 /assets/images/demo/products/drink-longan.svg ............................................. ~ 0s
  2026-05-20 12:04:56 /assets/images/demo/products/drink-thai-milk-tea.svg ...................................... ~ 0s
  2026-05-20 12:04:56 /assets/images/demo/products/mala-enoki.svg ............................................... ~ 0s
  2026-05-20 12:04:56 /assets/images/demo/products/set-mala-s.svg ............................................... ~ 0s
  2026-05-20 12:04:56 /assets/images/demo/products/set-mala-l.svg ............................................... ~ 0s
  2026-05-20 12:04:56 ........................................................................................... ~ 0s
  2026-05-20 13:29:05 .......................................................................................... ~ 12s
  2026-05-20 13:29:05 /plugins/fontawesome-free/css/all.min.css ................................................ ~ 12s
  2026-05-20 13:29:17 /plugins/tempusdominus-bootstrap-4/css/tempusdominus-bootstrap-4.min.css .................. ~ 0s
  2026-05-20 13:29:17 /plugins/icheck-bootstrap/icheck-bootstrap.min.css ........................................ ~ 0s
  2026-05-20 13:29:17 /plugins/jqvmap/jqvmap.min.css ............................................................ ~ 0s
  2026-05-20 13:29:17 /plugins/overlayScrollbars/css/OverlayScrollbars.min.css .................................. ~ 0s
  2026-05-20 13:29:17 /plugins/daterangepicker/daterangepicker.css .............................................. ~ 0s
  2026-05-20 13:29:17 /plugins/summernote/summernote-bs4.min.css ................................................ ~ 0s
  2026-05-20 13:29:17 /dist/css/adminlte.min.css ................................................................ ~ 0s
  2026-05-20 13:29:17 /plugins/select2/css/select2.min.css ...................................................... ~ 0s
  2026-05-20 13:29:17 /plugins/select2-bootstrap4-theme/select2-bootstrap4.min.css .............................. ~ 0s
  2026-05-20 13:29:17 /plugins/dropzone/min/dropzone.min.css .................................................... ~ 0s
  2026-05-20 13:29:17 /assets/css/datatable/datatable.css ....................................................... ~ 0s
  2026-05-20 13:29:17 /assets/css/datatable/buttons.dataTables.min.css .......................................... ~ 0s
  2026-05-20 13:29:17 /css/custom-style.css ..................................................................... ~ 0s
  2026-05-20 13:29:17 /assets/images/logo/1779245989_6a0d23a55cb0e_ChatGPT%20Image%20May%2020,%202026,%2009_59_29%20AM.png  ~ 0s
  2026-05-20 13:29:17 /plugins/jquery/jquery.min.js ............................................................. ~ 0s
  2026-05-20 13:29:17 /plugins/jquery-ui/jquery-ui.min.js ....................................................... ~ 0s
  2026-05-20 13:29:17 /plugins/bootstrap/js/bootstrap.bundle.min.js ............................................. ~ 0s
  2026-05-20 13:29:17 /plugins/chart.js/Chart.min.js ............................................................ ~ 0s
  2026-05-20 13:29:17 /plugins/sparklines/sparkline.js .......................................................... ~ 0s
  2026-05-20 13:29:17 /plugins/jqvmap/jquery.vmap.min.js ........................................................ ~ 0s
  2026-05-20 13:29:17 /plugins/jqvmap/maps/jquery.vmap.usa.js ................................................... ~ 0s
  2026-05-20 13:29:17 /plugins/jquery-knob/jquery.knob.min.js ................................................... ~ 0s
  2026-05-20 13:29:17 /plugins/moment/moment.min.js ............................................................. ~ 0s
  2026-05-20 13:29:17 /plugins/daterangepicker/daterangepicker.js ............................................... ~ 0s
  2026-05-20 13:29:17 /plugins/tempusdominus-bootstrap-4/js/tempusdominus-bootstrap-4.min.js .................... ~ 0s
  2026-05-20 13:29:17 /plugins/summernote/summernote-bs4.min.js ................................................. ~ 0s
  2026-05-20 13:29:17 /plugins/overlayScrollbars/js/jquery.overlayScrollbars.min.js ............................. ~ 0s
  2026-05-20 13:29:17 /dist/js/adminlte.js ...................................................................... ~ 0s
  2026-05-20 13:29:17 /plugins/select2/js/select2.full.min.js ................................................... ~ 0s
  2026-05-20 13:29:17 /js/custom-script.js ...................................................................... ~ 0s
  2026-05-20 13:29:17 /plugins/dropzone/min/dropzone.min.js ..................................................... ~ 0s
  2026-05-20 13:29:17 /assets/js/datatable/jquery.dataTables.min.js ............................................. ~ 1s
  2026-05-20 13:29:17 /assets/js/datatable/datatable.js ......................................................... ~ 1s
  2026-05-20 13:29:18 /assets/js/datatable/dataTables.buttons.min.js ............................................ ~ 0s
  2026-05-20 13:29:18 /plugins/fontawesome-free/webfonts/fa-solid-900.woff2 ..................................... ~ 0s
  2026-05-20 13:35:52 ........................................................................................... ~ 0s
  2026-05-20 13:35:52 /plugins/fontawesome-free/css/all.min.css ................................................. ~ 0s
  2026-05-20 13:35:52 /plugins/tempusdominus-bootstrap-4/css/tempusdominus-bootstrap-4.min.css .................. ~ 0s
  2026-05-20 13:35:52 /plugins/icheck-bootstrap/icheck-bootstrap.min.css ........................................ ~ 0s
  2026-05-20 13:35:52 /plugins/jqvmap/jqvmap.min.css ............................................................ ~ 0s
  2026-05-20 13:35:52 /plugins/overlayScrollbars/css/OverlayScrollbars.min.css .................................. ~ 0s
  2026-05-20 13:35:52 /plugins/daterangepicker/daterangepicker.css .............................................. ~ 0s
  2026-05-20 13:35:52 /dist/css/adminlte.min.css ................................................................ ~ 0s
  2026-05-20 13:35:52 /plugins/summernote/summernote-bs4.min.css ................................................ ~ 0s
  2026-05-20 13:35:52 /plugins/select2/css/select2.min.css ...................................................... ~ 0s
  2026-05-20 13:35:52 /plugins/select2-bootstrap4-theme/select2-bootstrap4.min.css .............................. ~ 0s
  2026-05-20 13:35:52 /plugins/dropzone/min/dropzone.min.css .................................................... ~ 0s
  2026-05-20 13:35:52 /assets/css/datatable/datatable.css ....................................................... ~ 0s
  2026-05-20 13:35:52 /assets/css/datatable/buttons.dataTables.min.css .......................................... ~ 0s
  2026-05-20 13:35:52 /css/custom-style.css ..................................................................... ~ 0s
  2026-05-20 13:35:52 /assets/images/logo/1779245989_6a0d23a55cb0e_ChatGPT%20Image%20May%2020,%202026,%2009_59_29%20AM.png  ~ 0s
  2026-05-20 13:35:52 /plugins/jquery/jquery.min.js ............................................................. ~ 0s
  2026-05-20 13:35:52 /plugins/jquery-ui/jquery-ui.min.js ....................................................... ~ 0s
  2026-05-20 13:35:52 /plugins/bootstrap/js/bootstrap.bundle.min.js ............................................. ~ 0s
  2026-05-20 13:35:52 /plugins/chart.js/Chart.min.js ............................................................ ~ 0s
  2026-05-20 13:35:52 /plugins/sparklines/sparkline.js .......................................................... ~ 0s
  2026-05-20 13:35:52 /plugins/jqvmap/jquery.vmap.min.js ........................................................ ~ 0s
  2026-05-20 13:35:52 /plugins/jqvmap/maps/jquery.vmap.usa.js ................................................... ~ 0s
  2026-05-20 13:35:52 /plugins/jquery-knob/jquery.knob.min.js ................................................... ~ 0s
  2026-05-20 13:35:52 /plugins/moment/moment.min.js ............................................................. ~ 0s
  2026-05-20 13:35:52 /plugins/daterangepicker/daterangepicker.js ............................................... ~ 0s
  2026-05-20 13:35:52 /plugins/tempusdominus-bootstrap-4/js/tempusdominus-bootstrap-4.min.js .................... ~ 0s
  2026-05-20 13:35:52 /plugins/summernote/summernote-bs4.min.js ................................................. ~ 0s
  2026-05-20 13:35:52 /plugins/overlayScrollbars/js/jquery.overlayScrollbars.min.js ............................. ~ 0s
  2026-05-20 13:35:52 /dist/js/adminlte.js ...................................................................... ~ 0s
  2026-05-20 13:35:52 /plugins/select2/js/select2.full.min.js ................................................... ~ 0s
  2026-05-20 13:35:52 /js/custom-script.js ...................................................................... ~ 0s
  2026-05-20 13:35:52 /plugins/dropzone/min/dropzone.min.js ..................................................... ~ 0s
  2026-05-20 13:35:52 /assets/js/datatable/jquery.dataTables.min.js ............................................. ~ 0s
  2026-05-20 13:35:52 /assets/js/datatable/datatable.js ......................................................... ~ 0s
  2026-05-20 13:35:52 /assets/js/datatable/dataTables.buttons.min.js ............................................ ~ 0s
  2026-05-20 13:35:52 /plugins/fontawesome-free/webfonts/fa-solid-900.woff2 ..................................... ~ 0s
  2026-05-20 13:35:53 /assets/images/logo/1779253089_6a0d3f616fa5b_ChatGPT%20Image%20May%2020,%202026,%2011_58_01%20AM.png  ~ 0s
  2026-05-20 14:09:41 ........................................................................................... ~ 1s
  2026-05-20 14:09:41 /plugins/fontawesome-free/css/all.min.css ................................................. ~ 1s
  2026-05-20 14:09:42 /plugins/tempusdominus-bootstrap-4/css/tempusdominus-bootstrap-4.min.css .................. ~ 0s
  2026-05-20 14:09:42 /plugins/icheck-bootstrap/icheck-bootstrap.min.css ........................................ ~ 0s
  2026-05-20 14:09:42 /plugins/jqvmap/jqvmap.min.css ............................................................ ~ 0s
  2026-05-20 14:09:42 /plugins/overlayScrollbars/css/OverlayScrollbars.min.css .................................. ~ 0s
  2026-05-20 14:09:42 /plugins/daterangepicker/daterangepicker.css .............................................. ~ 0s
  2026-05-20 14:09:42 /plugins/summernote/summernote-bs4.min.css ................................................ ~ 0s
  2026-05-20 14:09:42 /plugins/select2/css/select2.min.css ...................................................... ~ 0s
  2026-05-20 14:09:42 /plugins/select2-bootstrap4-theme/select2-bootstrap4.min.css .............................. ~ 0s
  2026-05-20 14:09:42 /plugins/dropzone/min/dropzone.min.css .................................................... ~ 0s
  2026-05-20 14:09:42 /assets/css/datatable/datatable.css ....................................................... ~ 0s
  2026-05-20 14:09:42 ........................................................................................... ~ 0s
  2026-05-20 14:09:42 ........................................................................................... ~ 0s
  2026-05-20 14:09:42 /dist/css/adminlte.min.css ................................................................ ~ 0s
  2026-05-20 14:09:42 /assets/css/datatable/buttons.dataTables.min.css .......................................... ~ 0s
  2026-05-20 14:09:42 /css/custom-style.css ..................................................................... ~ 0s
  2026-05-20 14:09:42 /assets/images/logo/1779245989_6a0d23a55cb0e_ChatGPT%20Image%20May%2020,%202026,%2009_59_29%20AM.png  ~ 0s
  2026-05-20 14:09:42 /plugins/jquery/jquery.min.js ............................................................. ~ 0s
  2026-05-20 14:09:42 /plugins/jquery-ui/jquery-ui.min.js ....................................................... ~ 0s
  2026-05-20 14:09:42 /plugins/bootstrap/js/bootstrap.bundle.min.js ............................................. ~ 0s
  2026-05-20 14:09:42 /plugins/chart.js/Chart.min.js ............................................................ ~ 0s
  2026-05-20 14:09:42 /plugins/sparklines/sparkline.js .......................................................... ~ 0s
  2026-05-20 14:09:42 /plugins/jqvmap/jquery.vmap.min.js ........................................................ ~ 0s
  2026-05-20 14:09:42 /plugins/jqvmap/maps/jquery.vmap.usa.js ................................................... ~ 0s
  2026-05-20 14:09:42 /plugins/jquery-knob/jquery.knob.min.js ................................................... ~ 0s
  2026-05-20 14:09:42 /plugins/moment/moment.min.js ............................................................. ~ 0s
  2026-05-20 14:09:42 /plugins/fontawesome-free/webfonts/fa-solid-900.woff2 ..................................... ~ 0s
  2026-05-20 14:09:42 /plugins/daterangepicker/daterangepicker.js ............................................... ~ 0s
  2026-05-20 14:09:42 /plugins/tempusdominus-bootstrap-4/js/tempusdominus-bootstrap-4.min.js .................... ~ 0s
  2026-05-20 14:09:42 /plugins/overlayScrollbars/js/jquery.overlayScrollbars.min.js ............................. ~ 0s
  2026-05-20 14:09:42 /dist/js/adminlte.js ...................................................................... ~ 0s
  2026-05-20 14:09:42 /plugins/summernote/summernote-bs4.min.js ................................................. ~ 0s
  2026-05-20 14:09:42 /plugins/select2/js/select2.full.min.js ................................................... ~ 0s
  2026-05-20 14:09:42 /js/custom-script.js ...................................................................... ~ 0s
  2026-05-20 14:09:42 /plugins/dropzone/min/dropzone.min.js ..................................................... ~ 0s
  2026-05-20 14:09:42 /assets/js/datatable/jquery.dataTables.min.js ............................................. ~ 0s
  2026-05-20 14:09:42 /assets/js/datatable/dataTables.buttons.min.js ............................................ ~ 0s
  2026-05-20 14:09:42 /assets/js/datatable/datatable.js ......................................................... ~ 0s
  2026-05-20 14:09:42 /assets/images/logo/1779253089_6a0d3f616fa5b_ChatGPT%20Image%20May%2020,%202026,%2011_58_01%20AM.png  ~ 0s
  2026-05-20 16:27:25 ........................................................................................... ~ 1s
  2026-05-20 16:27:25 /plugins/fontawesome-free/css/all.min.css ................................................. ~ 1s
  2026-05-20 16:27:26 /plugins/tempusdominus-bootstrap-4/css/tempusdominus-bootstrap-4.min.css .................. ~ 0s
  2026-05-20 16:27:26 /plugins/icheck-bootstrap/icheck-bootstrap.min.css ........................................ ~ 0s
  2026-05-20 16:27:26 /plugins/jqvmap/jqvmap.min.css ............................................................ ~ 0s
  2026-05-20 16:27:26 /plugins/overlayScrollbars/css/OverlayScrollbars.min.css .................................. ~ 0s
  2026-05-20 16:27:26 /plugins/daterangepicker/daterangepicker.css .............................................. ~ 0s
  2026-05-20 16:27:26 /plugins/summernote/summernote-bs4.min.css ................................................ ~ 0s
  2026-05-20 16:27:26 /plugins/select2/css/select2.min.css ...................................................... ~ 0s
  2026-05-20 16:27:26 /plugins/select2-bootstrap4-theme/select2-bootstrap4.min.css .............................. ~ 0s
  2026-05-20 16:27:26 /plugins/dropzone/min/dropzone.min.css .................................................... ~ 0s
  2026-05-20 16:27:26 /dist/css/adminlte.min.css ................................................................ ~ 0s
  2026-05-20 16:27:26 ........................................................................................... ~ 0s
  2026-05-20 16:27:26 ........................................................................................... ~ 0s
  2026-05-20 16:27:26 /assets/css/datatable/datatable.css ....................................................... ~ 0s
  2026-05-20 16:27:26 /assets/css/datatable/buttons.dataTables.min.css .......................................... ~ 0s
  2026-05-20 16:27:26 /css/custom-style.css ..................................................................... ~ 0s
  2026-05-20 16:27:26 /assets/images/logo/1779245989_6a0d23a55cb0e_ChatGPT%20Image%20May%2020,%202026,%2009_59_29%20AM.png  ~ 0s
  2026-05-20 16:27:26 /plugins/jquery/jquery.min.js ............................................................. ~ 0s
  2026-05-20 16:27:26 /plugins/jquery-ui/jquery-ui.min.js ....................................................... ~ 0s
  2026-05-20 16:27:26 /plugins/bootstrap/js/bootstrap.bundle.min.js ............................................. ~ 0s
  2026-05-20 16:27:26 /plugins/chart.js/Chart.min.js ............................................................ ~ 0s
  2026-05-20 16:27:26 /plugins/sparklines/sparkline.js .......................................................... ~ 0s
  2026-05-20 16:27:26 /plugins/jqvmap/jquery.vmap.min.js ........................................................ ~ 0s
  2026-05-20 16:27:26 /plugins/jqvmap/maps/jquery.vmap.usa.js ................................................... ~ 0s
  2026-05-20 16:27:26 /plugins/jquery-knob/jquery.knob.min.js ................................................... ~ 0s
  2026-05-20 16:27:26 /plugins/moment/moment.min.js ............................................................. ~ 0s
  2026-05-20 16:27:26 /plugins/daterangepicker/daterangepicker.js ............................................... ~ 0s
  2026-05-20 16:27:26 /plugins/tempusdominus-bootstrap-4/js/tempusdominus-bootstrap-4.min.js .................... ~ 0s
  2026-05-20 16:27:26 /plugins/summernote/summernote-bs4.min.js ................................................. ~ 0s
  2026-05-20 16:27:26 /plugins/overlayScrollbars/js/jquery.overlayScrollbars.min.js ............................. ~ 0s
  2026-05-20 16:27:26 /plugins/fontawesome-free/webfonts/fa-solid-900.woff2 ..................................... ~ 0s
  2026-05-20 16:27:26 /dist/js/adminlte.js ...................................................................... ~ 0s
  2026-05-20 16:27:26 /plugins/select2/js/select2.full.min.js ................................................... ~ 0s
  2026-05-20 16:27:26 /js/custom-script.js ...................................................................... ~ 0s
  2026-05-20 16:27:26 /plugins/dropzone/min/dropzone.min.js ..................................................... ~ 0s
  2026-05-20 16:27:26 /assets/js/datatable/jquery.dataTables.min.js ............................................. ~ 0s
  2026-05-20 16:27:26 /assets/js/datatable/dataTables.buttons.min.js ............................................ ~ 0s
  2026-05-20 16:27:26 /assets/js/datatable/datatable.js ......................................................... ~ 0s
  2026-05-20 16:27:32 ........................................................................................... ~ 0s
  2026-05-20 16:27:32 ........................................................................................... ~ 0s
  2026-05-20 16:27:32 /assets/css/back-top/backToTop.css ........................................................ ~ 0s
  2026-05-20 16:27:32 /assets/css/bootstrap/bootstrap.min.css ................................................... ~ 0s
  2026-05-20 16:27:32 /assets/css/style.min.css ................................................................. ~ 0s
  2026-05-20 16:27:32 /assets/images/demo/auth/login.svg ........................................................ ~ 0s
  2026-05-20 16:27:32 /assets/images/logo/1779245989_6a0d23a55cb0e_ChatGPT%20Image%20May%2020,%202026,%2009_59_29%20AM.png  ~ 0s
  2026-05-20 16:27:32 /assets/js/bootstrap/bootstrap.bundle.min.js .............................................. ~ 1s
  2026-05-20 16:27:32 /assets/js/tooltip/tooltip.js ............................................................. ~ 1s
  2026-05-20 16:27:32 /assets/js/back-top/backToTop.js .......................................................... ~ 1s
  2026-05-20 16:27:33 /assets/js/back-top/backtop.js ............................................................ ~ 0s
  2026-05-20 16:27:33 /assets/js/copyright/copyright.js ......................................................... ~ 0s
  2026-05-20 16:27:33 /assets/js/validation/validation.js ....................................................... ~ 0s
  2026-05-20 16:27:33 /assets/cursor/chevron-up-solid.svg ....................................................... ~ 0s
  2026-05-20 16:27:33 /assets/images/logo/1779245989_6a0d23a55cb0e_ChatGPT%20Image%20May%2020,%202026,%2009_59_29%20AM.png  ~ 0s
  2026-05-20 16:27:46 ........................................................................................... ~ 1s
  2026-05-20 16:27:46 ........................................................................................... ~ 1s
  2026-05-20 16:27:47 /plugins/fontawesome-free/css/all.min.css ................................................. ~ 0s
  2026-05-20 16:27:47 /plugins/tempusdominus-bootstrap-4/css/tempusdominus-bootstrap-4.min.css .................. ~ 0s
  2026-05-20 16:27:47 /plugins/icheck-bootstrap/icheck-bootstrap.min.css ........................................ ~ 0s
  2026-05-20 16:27:47 /plugins/jqvmap/jqvmap.min.css ............................................................ ~ 0s
  2026-05-20 16:27:47 /plugins/overlayScrollbars/css/OverlayScrollbars.min.css .................................. ~ 0s
  2026-05-20 16:27:47 /plugins/daterangepicker/daterangepicker.css .............................................. ~ 0s
  2026-05-20 16:27:47 /plugins/summernote/summernote-bs4.min.css ................................................ ~ 0s
  2026-05-20 16:27:47 /plugins/select2/css/select2.min.css ...................................................... ~ 0s
  2026-05-20 16:27:47 /plugins/select2-bootstrap4-theme/select2-bootstrap4.min.css .............................. ~ 0s
  2026-05-20 16:27:47 /plugins/dropzone/min/dropzone.min.css .................................................... ~ 0s
  2026-05-20 16:27:47 /assets/css/datatable/datatable.css ....................................................... ~ 0s
  2026-05-20 16:27:47 /assets/css/datatable/buttons.dataTables.min.css .......................................... ~ 0s
  2026-05-20 16:27:47 /css/custom-style.css ..................................................................... ~ 0s
  2026-05-20 16:27:47 /dist/css/adminlte.min.css ................................................................ ~ 0s
  2026-05-20 16:27:47 /assets/images/logo/1779245989_6a0d23a55cb0e_ChatGPT%20Image%20May%2020,%202026,%2009_59_29%20AM.png  ~ 0s
  2026-05-20 16:27:47 /plugins/jquery/jquery.min.js ............................................................. ~ 0s
  2026-05-20 16:27:47 /plugins/jquery-ui/jquery-ui.min.js ....................................................... ~ 0s
  2026-05-20 16:27:47 /plugins/bootstrap/js/bootstrap.bundle.min.js ............................................. ~ 0s
  2026-05-20 16:27:47 /plugins/chart.js/Chart.min.js ............................................................ ~ 0s
  2026-05-20 16:27:47 /plugins/sparklines/sparkline.js .......................................................... ~ 0s
  2026-05-20 16:27:47 /plugins/jqvmap/jquery.vmap.min.js ........................................................ ~ 0s
  2026-05-20 16:27:47 /plugins/jqvmap/maps/jquery.vmap.usa.js ................................................... ~ 0s
  2026-05-20 16:27:47 /plugins/jquery-knob/jquery.knob.min.js ................................................... ~ 0s
  2026-05-20 16:27:47 /plugins/moment/moment.min.js ............................................................. ~ 0s
  2026-05-20 16:27:47 /plugins/daterangepicker/daterangepicker.js ............................................... ~ 0s
  2026-05-20 16:27:47 /plugins/tempusdominus-bootstrap-4/js/tempusdominus-bootstrap-4.min.js .................... ~ 0s
  2026-05-20 16:27:47 /plugins/summernote/summernote-bs4.min.js ................................................. ~ 0s
  2026-05-20 16:27:47 /plugins/overlayScrollbars/js/jquery.overlayScrollbars.min.js ............................. ~ 0s
  2026-05-20 16:27:47 /dist/js/adminlte.js ...................................................................... ~ 0s
  2026-05-20 16:27:47 /plugins/select2/js/select2.full.min.js ................................................... ~ 0s
  2026-05-20 16:27:47 /js/custom-script.js ...................................................................... ~ 0s
  2026-05-20 16:27:47 /plugins/dropzone/min/dropzone.min.js ..................................................... ~ 0s
  2026-05-20 16:27:47 /assets/js/datatable/jquery.dataTables.min.js ............................................. ~ 0s
  2026-05-20 16:27:47 /assets/js/datatable/dataTables.buttons.min.js ............................................ ~ 0s
  2026-05-20 16:27:47 /assets/js/datatable/datatable.js ......................................................... ~ 0s
  2026-05-20 16:27:47 /plugins/fontawesome-free/webfonts/fa-solid-900.woff2 ..................................... ~ 0s
  2026-05-20 16:27:47 /plugins/fontawesome-free/webfonts/fa-regular-400.woff2 ................................... ~ 0s
  2026-05-20 16:27:55 ........................................................................................... ~ 1s
  2026-05-20 16:27:55 /plugins/fontawesome-free/css/all.min.css ................................................. ~ 1s
  2026-05-20 16:27:56 /plugins/tempusdominus-bootstrap-4/css/tempusdominus-bootstrap-4.min.css .................. ~ 0s
  2026-05-20 16:27:56 /plugins/icheck-bootstrap/icheck-bootstrap.min.css ........................................ ~ 0s
  2026-05-20 16:27:56 /plugins/jqvmap/jqvmap.min.css ............................................................ ~ 0s
  2026-05-20 16:27:56 /plugins/overlayScrollbars/css/OverlayScrollbars.min.css .................................. ~ 0s
  2026-05-20 16:27:56 /plugins/daterangepicker/daterangepicker.css .............................................. ~ 0s
  2026-05-20 16:27:56 /plugins/summernote/summernote-bs4.min.css ................................................ ~ 0s
  2026-05-20 16:27:56 /plugins/select2/css/select2.min.css ...................................................... ~ 0s
  2026-05-20 16:27:56 /plugins/select2-bootstrap4-theme/select2-bootstrap4.min.css .............................. ~ 0s
  2026-05-20 16:27:56 /plugins/dropzone/min/dropzone.min.css .................................................... ~ 0s
  2026-05-20 16:27:56 /assets/css/datatable/datatable.css ....................................................... ~ 0s
  2026-05-20 16:27:56 /dist/css/adminlte.min.css ................................................................ ~ 0s
  2026-05-20 16:27:56 /assets/css/datatable/buttons.dataTables.min.css .......................................... ~ 0s
  2026-05-20 16:27:56 /css/custom-style.css ..................................................................... ~ 0s
  2026-05-20 16:27:56 /assets/images/logo/1779245989_6a0d23a55cb0e_ChatGPT%20Image%20May%2020,%202026,%2009_59_29%20AM.png  ~ 0s
  2026-05-20 16:27:56 /plugins/jquery/jquery.min.js ............................................................. ~ 0s
  2026-05-20 16:27:56 /plugins/jquery-ui/jquery-ui.min.js ....................................................... ~ 0s
  2026-05-20 16:27:56 /plugins/bootstrap/js/bootstrap.bundle.min.js ............................................. ~ 0s
  2026-05-20 16:27:56 /plugins/chart.js/Chart.min.js ............................................................ ~ 0s
  2026-05-20 16:27:56 /plugins/sparklines/sparkline.js .......................................................... ~ 0s
  2026-05-20 16:27:56 /plugins/jqvmap/jquery.vmap.min.js ........................................................ ~ 0s
  2026-05-20 16:27:56 /plugins/jqvmap/maps/jquery.vmap.usa.js ................................................... ~ 0s
  2026-05-20 16:27:56 /plugins/jquery-knob/jquery.knob.min.js ................................................... ~ 0s
  2026-05-20 16:27:56 /plugins/moment/moment.min.js ............................................................. ~ 0s
  2026-05-20 16:27:56 /plugins/daterangepicker/daterangepicker.js ............................................... ~ 0s
  2026-05-20 16:27:56 /plugins/tempusdominus-bootstrap-4/js/tempusdominus-bootstrap-4.min.js .................... ~ 0s
  2026-05-20 16:27:56 /plugins/summernote/summernote-bs4.min.js ................................................. ~ 0s
  2026-05-20 16:27:56 /plugins/overlayScrollbars/js/jquery.overlayScrollbars.min.js ............................. ~ 0s
  2026-05-20 16:27:56 /dist/js/adminlte.js ...................................................................... ~ 0s
  2026-05-20 16:27:56 /plugins/select2/js/select2.full.min.js ................................................... ~ 0s
  2026-05-20 16:27:56 /plugins/fontawesome-free/webfonts/fa-solid-900.woff2 ..................................... ~ 0s
  2026-05-20 16:27:56 /js/custom-script.js ...................................................................... ~ 0s
  2026-05-20 16:27:56 /plugins/dropzone/min/dropzone.min.js ..................................................... ~ 0s
  2026-05-20 16:27:56 /assets/js/datatable/jquery.dataTables.min.js ............................................. ~ 0s
  2026-05-20 16:27:56 /assets/js/datatable/dataTables.buttons.min.js ............................................ ~ 0s
  2026-05-20 16:27:56 /assets/js/datatable/datatable.js ......................................................... ~ 0s
  2026-05-20 16:27:56 ........................................................................................... ~ 0s
  2026-05-20 16:27:56 ........................................................................................... ~ 0s
  2026-05-20 16:27:56 ........................................................................................... ~ 0s
  2026-05-20 16:27:56 ........................................................................................... ~ 0s
  2026-05-20 16:27:56 ........................................................................................... ~ 1s
  2026-05-20 16:27:57 ........................................................................................... ~ 0s
  2026-05-20 16:27:56 /assets/images/demo/products/set-mala-l.svg ............................................... ~ 1s
  2026-05-20 16:27:57 ........................................................................................... ~ 0s
  2026-05-20 16:27:57 /assets/images/demo/products/drink-thai-milk-tea.svg ...................................... ~ 0s
  2026-05-20 16:27:57 /assets/images/demo/products/drink-lemon-tea.svg .......................................... ~ 0s
  2026-05-20 16:27:57 ........................................................................................... ~ 0s
  2026-05-20 16:27:57 /assets/images/demo/products/drink-longan.svg ............................................. ~ 0s
  2026-05-20 16:27:57 /assets/images/demo/products/drink-water.svg .............................................. ~ 0s
  2026-05-20 16:27:57 /assets/images/demo/products/mala-pork-belly.svg .......................................... ~ 0s
  2026-05-20 16:27:57 /assets/images/demo/products/mala-beef.svg ................................................ ~ 0s
  2026-05-20 16:27:57 /assets/images/demo/products/mala-cheese-sausage.svg ...................................... ~ 0s
  2026-05-20 16:27:57 /assets/images/demo/products/mala-enoki.svg ............................................... ~ 0s
  2026-05-20 16:27:57 /assets/images/demo/products/mala-fish-tofu.svg ........................................... ~ 0s
  2026-05-20 16:27:57 /assets/images/demo/products/set-mala-s.svg ............................................... ~ 0s
  2026-05-20 16:27:57 /assets/images/demo/products/set-mala-m.svg ............................................... ~ 0s
  2026-05-20 16:27:57 /assets/images/demo/no-image.svg .......................................................... ~ 0s
  2026-05-20 16:28:19 ........................................................................................... ~ 0s
  2026-05-20 16:28:19 /plugins/fontawesome-free/css/all.min.css ................................................. ~ 1s
  2026-05-20 16:28:20 /plugins/tempusdominus-bootstrap-4/css/tempusdominus-bootstrap-4.min.css .................. ~ 0s
  2026-05-20 16:28:20 /plugins/icheck-bootstrap/icheck-bootstrap.min.css ........................................ ~ 0s
  2026-05-20 16:28:20 /plugins/jqvmap/jqvmap.min.css ............................................................ ~ 0s
  2026-05-20 16:28:20 /plugins/overlayScrollbars/css/OverlayScrollbars.min.css .................................. ~ 0s
  2026-05-20 16:28:20 /plugins/daterangepicker/daterangepicker.css .............................................. ~ 0s
  2026-05-20 16:28:20 /plugins/summernote/summernote-bs4.min.css ................................................ ~ 0s
  2026-05-20 16:28:20 /plugins/select2/css/select2.min.css ...................................................... ~ 0s
  2026-05-20 16:28:20 /plugins/select2-bootstrap4-theme/select2-bootstrap4.min.css .............................. ~ 0s
  2026-05-20 16:28:20 /plugins/dropzone/min/dropzone.min.css .................................................... ~ 0s
  2026-05-20 16:28:20 /dist/css/adminlte.min.css ................................................................ ~ 0s
  2026-05-20 16:28:20 /assets/css/datatable/datatable.css ....................................................... ~ 0s
  2026-05-20 16:28:20 /assets/css/datatable/buttons.dataTables.min.css .......................................... ~ 0s
  2026-05-20 16:28:20 /css/custom-style.css ..................................................................... ~ 0s
  2026-05-20 16:28:20 /assets/images/logo/1779245989_6a0d23a55cb0e_ChatGPT%20Image%20May%2020,%202026,%2009_59_29%20AM.png  ~ 0s
  2026-05-20 16:28:20 /plugins/jquery/jquery.min.js ............................................................. ~ 0s
  2026-05-20 16:28:20 /plugins/jquery-ui/jquery-ui.min.js ....................................................... ~ 0s
  2026-05-20 16:28:20 /plugins/bootstrap/js/bootstrap.bundle.min.js ............................................. ~ 0s
  2026-05-20 16:28:20 /plugins/chart.js/Chart.min.js ............................................................ ~ 0s
  2026-05-20 16:28:20 /plugins/sparklines/sparkline.js .......................................................... ~ 0s
  2026-05-20 16:28:20 /plugins/jqvmap/jquery.vmap.min.js ........................................................ ~ 0s
  2026-05-20 16:28:20 /plugins/jqvmap/maps/jquery.vmap.usa.js ................................................... ~ 0s
  2026-05-20 16:28:20 /plugins/jquery-knob/jquery.knob.min.js ................................................... ~ 0s
  2026-05-20 16:28:20 /plugins/moment/moment.min.js ............................................................. ~ 0s
  2026-05-20 16:28:20 /plugins/daterangepicker/daterangepicker.js ............................................... ~ 0s
  2026-05-20 16:28:20 /plugins/tempusdominus-bootstrap-4/js/tempusdominus-bootstrap-4.min.js .................... ~ 0s
  2026-05-20 16:28:20 /plugins/summernote/summernote-bs4.min.js ................................................. ~ 0s
  2026-05-20 16:28:20 /plugins/overlayScrollbars/js/jquery.overlayScrollbars.min.js ............................. ~ 0s
  2026-05-20 16:28:20 /dist/js/adminlte.js ...................................................................... ~ 0s
  2026-05-20 16:28:20 /plugins/select2/js/select2.full.min.js ................................................... ~ 0s
  2026-05-20 16:28:20 /js/custom-script.js ...................................................................... ~ 0s
  2026-05-20 16:28:20 /plugins/dropzone/min/dropzone.min.js ..................................................... ~ 0s
  2026-05-20 16:28:20 /assets/js/datatable/jquery.dataTables.min.js ............................................. ~ 0s
  2026-05-20 16:28:20 /assets/js/datatable/dataTables.buttons.min.js ............................................ ~ 0s
  2026-05-20 16:28:20 /assets/js/datatable/datatable.js ......................................................... ~ 0s
  2026-05-20 16:28:20 /plugins/fontawesome-free/webfonts/fa-solid-900.woff2 ..................................... ~ 0s
  2026-05-20 16:28:22 ........................................................................................... ~ 1s
  2026-05-20 16:28:22 /plugins/fontawesome-free/css/all.min.css ................................................. ~ 1s
  2026-05-20 16:28:23 /plugins/tempusdominus-bootstrap-4/css/tempusdominus-bootstrap-4.min.css .................. ~ 0s
  2026-05-20 16:28:23 /plugins/icheck-bootstrap/icheck-bootstrap.min.css ........................................ ~ 0s
  2026-05-20 16:28:23 /plugins/jqvmap/jqvmap.min.css ............................................................ ~ 0s
  2026-05-20 16:28:23 /plugins/overlayScrollbars/css/OverlayScrollbars.min.css .................................. ~ 0s
  2026-05-20 16:28:23 /plugins/daterangepicker/daterangepicker.css .............................................. ~ 0s
  2026-05-20 16:28:23 /plugins/summernote/summernote-bs4.min.css ................................................ ~ 0s
  2026-05-20 16:28:23 /plugins/select2/css/select2.min.css ...................................................... ~ 0s
  2026-05-20 16:28:23 /plugins/select2-bootstrap4-theme/select2-bootstrap4.min.css .............................. ~ 0s
  2026-05-20 16:28:23 /plugins/dropzone/min/dropzone.min.css .................................................... ~ 0s
  2026-05-20 16:28:23 /assets/css/datatable/datatable.css ....................................................... ~ 0s
  2026-05-20 16:28:23 /assets/css/datatable/buttons.dataTables.min.css .......................................... ~ 0s
  2026-05-20 16:28:23 /css/custom-style.css ..................................................................... ~ 0s
  2026-05-20 16:28:23 /assets/images/logo/1779245989_6a0d23a55cb0e_ChatGPT%20Image%20May%2020,%202026,%2009_59_29%20AM.png  ~ 0s
  2026-05-20 16:28:23 /plugins/jquery/jquery.min.js ............................................................. ~ 0s
  2026-05-20 16:28:23 /dist/css/adminlte.min.css ................................................................ ~ 0s
  2026-05-20 16:28:23 /plugins/jquery-ui/jquery-ui.min.js ....................................................... ~ 0s
  2026-05-20 16:28:23 /plugins/bootstrap/js/bootstrap.bundle.min.js ............................................. ~ 0s
  2026-05-20 16:28:23 /plugins/chart.js/Chart.min.js ............................................................ ~ 0s
  2026-05-20 16:28:23 /plugins/sparklines/sparkline.js .......................................................... ~ 0s
  2026-05-20 16:28:23 /plugins/jqvmap/jquery.vmap.min.js ........................................................ ~ 0s
  2026-05-20 16:28:23 /plugins/jqvmap/maps/jquery.vmap.usa.js ................................................... ~ 0s
  2026-05-20 16:28:23 /plugins/jquery-knob/jquery.knob.min.js ................................................... ~ 0s
  2026-05-20 16:28:23 /plugins/moment/moment.min.js ............................................................. ~ 0s
  2026-05-20 16:28:23 /plugins/daterangepicker/daterangepicker.js ............................................... ~ 0s
  2026-05-20 16:28:23 /plugins/tempusdominus-bootstrap-4/js/tempusdominus-bootstrap-4.min.js .................... ~ 0s
  2026-05-20 16:28:23 /plugins/summernote/summernote-bs4.min.js ................................................. ~ 0s
  2026-05-20 16:28:23 /plugins/overlayScrollbars/js/jquery.overlayScrollbars.min.js ............................. ~ 0s
  2026-05-20 16:28:23 /dist/js/adminlte.js ...................................................................... ~ 0s
  2026-05-20 16:28:23 /plugins/select2/js/select2.full.min.js ................................................... ~ 0s
  2026-05-20 16:28:23 /plugins/fontawesome-free/webfonts/fa-solid-900.woff2 ..................................... ~ 0s
  2026-05-20 16:28:23 /js/custom-script.js ...................................................................... ~ 0s
  2026-05-20 16:28:23 /plugins/dropzone/min/dropzone.min.js ..................................................... ~ 0s
  2026-05-20 16:28:23 /assets/js/datatable/jquery.dataTables.min.js ............................................. ~ 0s
  2026-05-20 16:28:23 /assets/js/datatable/dataTables.buttons.min.js ............................................ ~ 0s
  2026-05-20 16:28:23 /assets/js/datatable/datatable.js ......................................................... ~ 0s
  2026-05-20 16:28:23 ........................................................................................... ~ 0s
  2026-05-20 16:28:23 ........................................................................................... ~ 0s
  2026-05-20 16:28:23 ........................................................................................... ~ 0s
  2026-05-20 16:28:23 /plugins/fontawesome-free/css/all.min.css ................................................. ~ 0s
  2026-05-20 16:28:23 /plugins/tempusdominus-bootstrap-4/css/tempusdominus-bootstrap-4.min.css .................. ~ 0s
  2026-05-20 16:28:23 /plugins/icheck-bootstrap/icheck-bootstrap.min.css ........................................ ~ 0s
  2026-05-20 16:28:23 /plugins/jqvmap/jqvmap.min.css ............................................................ ~ 0s
  2026-05-20 16:28:23 /plugins/overlayScrollbars/css/OverlayScrollbars.min.css .................................. ~ 0s
  2026-05-20 16:28:23 /plugins/daterangepicker/daterangepicker.css .............................................. ~ 0s
  2026-05-20 16:28:23 /plugins/summernote/summernote-bs4.min.css ................................................ ~ 0s
  2026-05-20 16:28:23 /plugins/select2/css/select2.min.css ...................................................... ~ 0s
  2026-05-20 16:28:23 /plugins/select2-bootstrap4-theme/select2-bootstrap4.min.css .............................. ~ 0s
  2026-05-20 16:28:23 /plugins/dropzone/min/dropzone.min.css .................................................... ~ 0s
  2026-05-20 16:28:23 /dist/css/adminlte.min.css ................................................................ ~ 0s
  2026-05-20 16:28:23 /assets/css/datatable/datatable.css ....................................................... ~ 0s
  2026-05-20 16:28:23 /assets/css/datatable/buttons.dataTables.min.css .......................................... ~ 0s
  2026-05-20 16:28:23 /css/custom-style.css ..................................................................... ~ 0s
  2026-05-20 16:28:23 /assets/images/logo/1779245989_6a0d23a55cb0e_ChatGPT%20Image%20May%2020,%202026,%2009_59_29%20AM.png  ~ 0s
  2026-05-20 16:28:23 /plugins/jquery/jquery.min.js ............................................................. ~ 0s
  2026-05-20 16:28:23 /plugins/jquery-ui/jquery-ui.min.js ....................................................... ~ 0s
  2026-05-20 16:28:23 /plugins/bootstrap/js/bootstrap.bundle.min.js ............................................. ~ 0s
  2026-05-20 16:28:23 /plugins/chart.js/Chart.min.js ............................................................ ~ 0s
  2026-05-20 16:28:23 /plugins/sparklines/sparkline.js .......................................................... ~ 0s
  2026-05-20 16:28:23 /plugins/jqvmap/jquery.vmap.min.js ........................................................ ~ 0s
  2026-05-20 16:28:23 /plugins/jqvmap/maps/jquery.vmap.usa.js ................................................... ~ 0s
  2026-05-20 16:28:23 /plugins/jquery-knob/jquery.knob.min.js ................................................... ~ 0s
  2026-05-20 16:28:23 /plugins/moment/moment.min.js ............................................................. ~ 0s
  2026-05-20 16:28:23 /plugins/daterangepicker/daterangepicker.js ............................................... ~ 0s
  2026-05-20 16:28:23 /plugins/tempusdominus-bootstrap-4/js/tempusdominus-bootstrap-4.min.js .................... ~ 0s
  2026-05-20 16:28:23 /plugins/summernote/summernote-bs4.min.js ................................................. ~ 0s
  2026-05-20 16:28:23 /plugins/overlayScrollbars/js/jquery.overlayScrollbars.min.js ............................. ~ 0s
  2026-05-20 16:28:23 /dist/js/adminlte.js ...................................................................... ~ 0s
  2026-05-20 16:28:23 /plugins/select2/js/select2.full.min.js ................................................... ~ 0s
  2026-05-20 16:28:23 /plugins/fontawesome-free/webfonts/fa-solid-900.woff2 ..................................... ~ 0s
  2026-05-20 16:28:23 /js/custom-script.js ...................................................................... ~ 0s
  2026-05-20 16:28:23 /plugins/dropzone/min/dropzone.min.js ..................................................... ~ 0s
  2026-05-20 16:28:23 /assets/js/datatable/jquery.dataTables.min.js ............................................. ~ 0s
  2026-05-20 16:28:23 /assets/js/datatable/dataTables.buttons.min.js ............................................ ~ 0s
  2026-05-20 16:28:23 /assets/js/datatable/datatable.js ......................................................... ~ 0s
  2026-05-20 16:28:23 ........................................................................................... ~ 1s
  2026-05-20 16:28:24 ........................................................................................... ~ 0s
  2026-05-21 09:02:09 ........................................................................................... ~ 9s
  2026-05-21 09:02:09 .......................................................................................... ~ 72s
